#
# A fatal error has been detected by the Java Runtime Environment:
#
#  SIGSEGV (0xb) at pc=0x00007fd5f324c537, pid=427284, tid=428732
#
# JRE version: OpenJDK Runtime Environment (17.0.18+8) (build 17.0.18+8)
# Java VM: OpenJDK 64-Bit Server VM (17.0.18+8, mixed mode, sharing, tiered, compressed oops, compressed class ptrs, g1 gc, linux-amd64)
# Problematic frame:
# V  [libjvm.so+0xc4c537]
#
# Core dump will be written. Default location: Core dumps may be processed with "/usr/lib/systemd/systemd-coredump %P %u %g %s %t %c %h %d %F" (or dumping to /data/projects/radar_tinder/android/core.427284)
#
# If you would like to submit a bug report, please visit:
#   https://bugreport.java.com/bugreport/crash.jsp
#

---------------  S U M M A R Y ------------

Command Line: --add-opens=java.base/java.lang=ALL-UNNAMED --add-opens=java.base/java.lang.invoke=ALL-UNNAMED --add-opens=java.base/java.util=ALL-UNNAMED --add-opens=java.prefs/java.util.prefs=ALL-UNNAMED --add-exports=jdk.compiler/com.sun.tools.javac.api=ALL-UNNAMED --add-exports=jdk.compiler/com.sun.tools.javac.util=ALL-UNNAMED --add-opens=java.base/java.util=ALL-UNNAMED --add-opens=java.prefs/java.util.prefs=ALL-UNNAMED --add-opens=java.base/java.nio.charset=ALL-UNNAMED --add-opens=java.base/java.net=ALL-UNNAMED --add-opens=java.base/java.util.concurrent.atomic=ALL-UNNAMED --add-opens=java.xml/javax.xml.namespace=ALL-UNNAMED -XX:MaxMetaspaceSize=1024m -Xmx4096m -Dfile.encoding=UTF-8 -Duser.country=US -Duser.language=en -Duser.variant -javaagent:/home/asahiner/.gradle/wrapper/dists/gradle-8.14.3-bin/cv11ve7ro1n3o1j4so8xd9n66/gradle-8.14.3/lib/agents/gradle-instrumentation-agent-8.14.3.jar org.gradle.launcher.daemon.bootstrap.GradleDaemon 8.14.3

Host: AMD Ryzen 7 4800H with Radeon Graphics, 16 cores, 30G, Manjaro Linux
Time: Sat Mar  7 06:43:38 2026 PST elapsed time: 43.269786 seconds (0d 0h 0m 43s)

---------------  T H R E A D  ---------------

Current thread (0x00007fd3f01667c0):  JavaThread "C2 CompilerThread6" daemon [_thread_in_native, id=428732, stack(0x00007fd380688000,0x00007fd380788000)]


Current CompileTask:
C2:43273 39674       4       com.intellij.lang.impl.PsiBuilderImpl::createLeaf (146 bytes)

Stack: [0x00007fd380688000,0x00007fd380788000],  sp=0x00007fd3807839d0,  free space=1006k
Native frames: (J=compiled Java code, j=interpreted, Vv=VM code, C=native code)
V  [libjvm.so+0xc4c537]
V  [libjvm.so+0xab685a]
V  [libjvm.so+0xab27ee]
V  [libjvm.so+0x3ae4ae]
V  [libjvm.so+0x3b0b19]
V  [libjvm.so+0x2e3709]
V  [libjvm.so+0x3ba5bd]
V  [libjvm.so+0x3bb488]
V  [libjvm.so+0xcc979e]
V  [libjvm.so+0xccd502]
V  [libjvm.so+0xa67180]
C  [libc.so.6+0x9697a]


siginfo: si_signo: 11 (SIGSEGV), si_code: 1 (SEGV_MAPERR), si_addr: 0x0000000000000014

Registers:
RAX=0x00007fd3f0035aa0, RBX=0x00007fd3c5a499c8, RCX=0x00007fd3c48077a0, RDX=0x0000000000000001
RSP=0x00007fd3807839d0, RBP=0x00007fd380783a30, RSI=0x0000000000000000, RDI=0x0000000000000001
R8 =0x0000000000000e00, R9 =0x000000000000001c, R10=0x0000000000000003, R11=0x0000000000000001
R12=0x00007fd3c5a49958, R13=0x00007fd3c5a49890, R14=0x00007fd46c9f8ab8, R15=0x0000000000000054
RIP=0x00007fd5f324c537, EFLAGS=0x0000000000010246, CSGSFS=0x002b000000000033, ERR=0x0000000000000004
  TRAPNO=0x000000000000000e

XMM[0]=0x0000000000000000 0x0000000000000000
XMM[1]=0x00007fd4fce14f60 0x00007fd4fce0e3e0
XMM[2]=0x0000000000000000 0x0000000100000001
XMM[3]=0x0000000000000000 0x00007fd4fce14f60
XMM[4]=0x0000000000000000 0x0000000100000001
XMM[5]=0x0000000000000000 0x0000000000000000
XMM[6]=0x0000000000000000 0x00007fd4f40a0df8
XMM[7]=0x00007fd50818ccf0 0x00007fd50818f498
XMM[8]=0x00007fd558946340 0x00007fd5589466f0
XMM[9]=0x0000000000000000 0x46293e5939a08cea
XMM[10]=0x0000000000000000 0x4376345785d8a000
XMM[11]=0x00007fd50862a3e0 0x00007fd50862a380
XMM[12]=0x0000000000000007 0x0000000000000006
XMM[13]=0x0000000000000005 0x0000000000000004
XMM[14]=0x0000000000000003 0x0000000000000002
XMM[15]=0x0000000000000000 0x0000000000000000
  MXCSR=0x00001fa0


Register to memory mapping:

RAX=0x00007fd3f0035aa0 points into unknown readable memory: 0x00007fd5f36f86f0 | f0 86 6f f3 d5 7f 00 00
RBX=0x00007fd3c5a499c8 points into unknown readable memory: 0x00007fd5f3715308 | 08 53 71 f3 d5 7f 00 00
RCX=0x00007fd3c48077a0 points into unknown readable memory: 0x00007fd5f36780e0 | e0 80 67 f3 d5 7f 00 00
RDX=0x0000000000000001 is an unknown value
RSP=0x00007fd3807839d0 is pointing into the stack for thread: 0x00007fd3f01667c0
RBP=0x00007fd380783a30 is pointing into the stack for thread: 0x00007fd3f01667c0
RSI=0x0 is NULL
RDI=0x0000000000000001 is an unknown value
R8 =0x0000000000000e00 is an unknown value
R9 =0x000000000000001c is an unknown value
R10=0x0000000000000003 is an unknown value
R11=0x0000000000000001 is an unknown value
R12=0x00007fd3c5a49958 points into unknown readable memory: 0x00007fd5f36f6e70 | 70 6e 6f f3 d5 7f 00 00
R13=0x00007fd3c5a49890 points into unknown readable memory: 0x00007fd5f36f4838 | 38 48 6f f3 d5 7f 00 00
R14=0x00007fd46c9f8ab8 points into unknown readable memory: 0x00007fd5f36f4478 | 78 44 6f f3 d5 7f 00 00
R15=0x0000000000000054 is an unknown value


Top of Stack: (sp=0x00007fd3807839d0)
0x00007fd3807839d0:   00007fd380783c90 00007fd3c5a4c1f8
0x00007fd3807839e0:   00007fd30000001c 00007fd5f30b0f01
0x00007fd3807839f0:   00007fd3c48077a0 00007fd380783c90
0x00007fd380783a00:   00007fd3c5a499c8 00007fd380783c90
0x00007fd380783a10:   00007fd380783c90 00007fd5f3751570
0x00007fd380783a20:   00007fd5f27ecb00 00007fd3c5a499c8
0x00007fd380783a30:   00007fd380783a70 00007fd5f30b685a
0x00007fd380783a40:   00007fd508957f00 00007fd380783c90
0x00007fd380783a50:   00007fd3c5a499c8 00007fd5f3766ec0
0x00007fd380783a60:   00000000000019af 00007fd5f371d988
0x00007fd380783a70:   00007fd380783ac0 00007fd5f30b27ee
0x00007fd380783a80:   0000000000007f68 00007fd380783c90
0x00007fd380783a90:   00007fd380783ac0 00007fd3f0251880
0x00007fd380783aa0:   00007fd380785e20 00007fd5f3766ec0
0x00007fd380783ab0:   00007fd3807846b0 00007fd380783c90
0x00007fd380783ac0:   00007fd380785150 00007fd5f29ae4ae
0x00007fd380783ad0:   00007fd4f0510868 0000000000003a94
0x00007fd380783ae0:   00007fd4f0510820 00007fd5f30af6d6
0x00007fd380783af0:   00007fd5ec038df0 00007fd380783b60
0x00007fd380783b00:   00007fd3f0251880 00007fd4fce0e3e0
0x00007fd380783b10:   00007fd4fce14e00 00007fd4fce163c8
0x00007fd380783b20:   00000000000302e8 00007fd5f308b765
0x00007fd380783b30:   0000000000000104 00007fd380783c40
0x00007fd380783b40:   00007fd380783b80 00007fd5f308fc49
0x00007fd380783b50:   00007fd5f366ce58 00007fd500000001
0x00007fd380783b60:   00007fd380780000 0000000000000000
0x00007fd380783b70:   00007fd3807853b0 00007fd45c134e00
0x00007fd380783b80:   0000000000000000 00007fd5f33e6d35
0x00007fd380783b90:   0000000000000000 0000000000000000
0x00007fd380783ba0:   0000000000000000 00007fd5f33e6d35
0x00007fd380783bb0:   00007fd550059000 0000000000000000
0x00007fd380783bc0:   00007fd380783bf0 00007fd5f28edfc5 

Instructions: (pc=0x00007fd5f324c537)
0x00007fd5f324c437:   89 e7 48 89 c1 67 e8 fe f6 dd ff 48 8d 05 a7 a6
0x00007fd5f324c447:   4a 00 41 c7 44 24 2c c0 00 00 00 48 83 c0 10 49
0x00007fd5f324c457:   89 04 24 48 8b 7d c8 4c 89 e6 41 ff d7 49 89 c5
0x00007fd5f324c467:   66 48 8d 3d 69 ba 4c 00 66 48 ff 15 19 b4 4c 00
0x00007fd5f324c477:   be 38 00 00 00 48 8b 00 48 8b 80 70 05 00 00 48
0x00007fd5f324c487:   8b b8 80 00 00 00 48 81 c7 70 02 00 00 e8 47 a8
0x00007fd5f324c497:   ff ff 49 89 c4 48 85 c0 0f 84 86 fa ff ff 8b 5b
0x00007fd5f324c4a7:   34 4c 89 ea 83 f3 04 e9 f5 fc ff ff 0f 1f 44 00
0x00007fd5f324c4b7:   00 49 8b 06 44 89 4d b0 4c 89 f7 88 55 b8 48 89
0x00007fd5f324c4c7:   4d c0 ff 10 48 8b 4d c0 0f b6 55 b8 83 f8 17 44
0x00007fd5f324c4d7:   8b 4d b0 0f 85 77 f9 ff ff 49 8b 46 08 48 8b 78
0x00007fd5f324c4e7:   10 67 e8 d2 1a de ff 48 8b 4d c0 0f b6 55 b8 48
0x00007fd5f324c4f7:   85 c0 44 8b 4d b0 0f 84 54 f9 ff ff 8b 70 14 39
0x00007fd5f324c507:   70 18 0f 85 48 f9 ff ff 83 fe 01 0f 85 3f f9 ff
0x00007fd5f324c517:   ff 49 8b 46 08 48 8b 75 c8 48 8b 40 08 48 8b 76
0x00007fd5f324c527:   50 8b 78 28 48 8b 34 fe 83 7e 10 03 74 02 31 f6
0x00007fd5f324c537:   83 7e 14 00 0f 89 18 f9 ff ff 83 7e 18 ff 0f 8d
0x00007fd5f324c547:   0c f9 ff ff e9 09 f9 ff ff 4d 8b 55 08 4c 89 55
0x00007fd5f324c557:   c0 4d 8b 52 08 4d 39 d5 74 18 45 8b 5a 28 4c 8d
0x00007fd5f324c567:   15 ec 15 55 00 4e 8b 1c da 4d 39 1a 0f 84 9e 09
0x00007fd5f324c577:   00 00 41 83 ff 54 0f 85 c7 f9 ff ff 44 8b 53 34
0x00007fd5f324c587:   44 89 c0 41 83 fa 03 0f 84 cc 04 00 00 41 81 f9
0x00007fd5f324c597:   bd 00 00 00 45 89 d3 0f 95 c2 41 83 e3 fb 20 c2
0x00007fd5f324c5a7:   0f 84 05 f9 ff ff e9 cd f8 ff ff 66 0f 1f 44 00
0x00007fd5f324c5b7:   00 49 8b 75 08 44 89 da 90 4c 89 65 c0 48 89 4d
0x00007fd5f324c5c7:   b8 88 55 b0 44 89 4d a8 48 89 5d a0 bb 08 00 00
0x00007fd5f324c5d7:   00 4c 8b 24 1e 49 8b 04 24 4c 89 e7 ff 10 83 f8
0x00007fd5f324c5e7:   17 0f 84 a2 09 00 00 48 83 fb 08 0f 85 85 07 00
0x00007fd5f324c5f7:   00 49 8b 75 08 bb 10 00 00 00 eb d5 0f 1f 44 00
0x00007fd5f324c607:   00 45 85 db 0f 85 ef f8 ff ff 48 8b 4d c8 48 8b
0x00007fd5f324c617:   01 4c 8b 60 08 49 8b 45 08 48 8b 40 08 8b 50 28
0x00007fd5f324c627:   48 8b 41 50 48 8b 14 d0 48 89 55 c0 66 48 8d 3d 


Stack slot to memory mapping:
stack at sp + 0 slots: 0x00007fd380783c90 is pointing into the stack for thread: 0x00007fd3f01667c0
stack at sp + 1 slots: 0x00007fd3c5a4c1f8 points into unknown readable memory: 0x00007fd5f3715308 | 08 53 71 f3 d5 7f 00 00
stack at sp + 2 slots: 0x00007fd30000001c is an unknown value
stack at sp + 3 slots: 0x00007fd5f30b0f01: <offset 0x0000000000ab0f01> in /usr/lib/jvm/java-17-openjdk/lib/server/libjvm.so at 0x00007fd5f2600000
stack at sp + 4 slots: 0x00007fd3c48077a0 points into unknown readable memory: 0x00007fd5f36780e0 | e0 80 67 f3 d5 7f 00 00
stack at sp + 5 slots: 0x00007fd380783c90 is pointing into the stack for thread: 0x00007fd3f01667c0
stack at sp + 6 slots: 0x00007fd3c5a499c8 points into unknown readable memory: 0x00007fd5f3715308 | 08 53 71 f3 d5 7f 00 00
stack at sp + 7 slots: 0x00007fd380783c90 is pointing into the stack for thread: 0x00007fd3f01667c0


---------------  P R O C E S S  ---------------

Threads class SMR info:
_java_thread_list=0x00007fd50442f270, length=353, elements={
0x00007fd5ec01afa0, 0x00007fd5ec226d40, 0x00007fd5ec228130, 0x00007fd5ec22d490,
0x00007fd5ec22e850, 0x00007fd5ec22fc70, 0x00007fd5ec2316b0, 0x00007fd5ec232bf0,
0x00007fd5ec234070, 0x00007fd5ec240030, 0x00007fd55c05def0, 0x00007fd5ec2f7b10,
0x00007fd5ed4a0dd0, 0x00007fd5ed4ef460, 0x00007fd5ed53e690, 0x00007fd4f8017430,
0x00007fd4f0003d40, 0x00007fd4f0006a10, 0x00007fd4f000cb20, 0x00007fd4ec008360,
0x00007fd4ec00e1e0, 0x00007fd4ec00fb20, 0x00007fd4ec1bc2c0, 0x00007fd4ec1c1590,
0x00007fd4ec1f2870, 0x00007fd4ecfcc630, 0x00007fd4ed051460, 0x00007fd4ed119260,
0x00007fd4ed11d990, 0x00007fd4ed3e2410, 0x00007fd4ed4b6590, 0x00007fd4ed546900,
0x00007fd4ed5bb130, 0x00007fd4a4007350, 0x00007fd4a4008df0, 0x00007fd4a400a420,
0x00007fd4ed6f7d80, 0x00007fd4ed70c6a0, 0x00007fd4ed7819c0, 0x00007fd4ed9f5300,
0x00007fd4ed9f5f10, 0x00007fd4eda0b420, 0x00007fd4eda0c640, 0x00007fd4eda17d30,
0x00007fd4eda18bd0, 0x00007fd4edbe9340, 0x00007fd4edd61b20, 0x00007fd4edd60e80,
0x00007fd4edd62cf0, 0x00007fd4edd63cf0, 0x00007fd4edd64e80, 0x00007fd4edd65cd0,
0x00007fd4edd66b20, 0x00007fd4edd67b30, 0x00007fd4edd68d20, 0x00007fd4edd69d30,
0x00007fd4edd6af30, 0x00007fd4edd6bf40, 0x00007fd4edd6d150, 0x00007fd4edd6e160,
0x00007fd4edd6f170, 0x00007fd4edd70840, 0x00007fd4edd71aa0, 0x00007fd4edd72f30,
0x00007fd4edd74170, 0x00007fd4edda50b0, 0x00007fd4eddaa0b0, 0x00007fd4eddaae10,
0x00007fd4edd78b20, 0x00007fd4edd796a0, 0x00007fd4edd7a6d0, 0x00007fd4edd7b710,
0x00007fd4edd7c990, 0x00007fd4edd7e170, 0x00007fd4edd7f7f0, 0x00007fd4edd80a90,
0x00007fd4edd75250, 0x00007fd4edd760d0, 0x00007fd4edd773d0, 0x00007fd4edd783e0,
0x00007fd4edd86660, 0x00007fd4edd87610, 0x00007fd4edd88910, 0x00007fd4edd89950,
0x00007fd4edd8ac30, 0x00007fd4edd8bc40, 0x00007fd4edd8cf30, 0x00007fd4edd8df40,
0x00007fd4edd8f240, 0x00007fd4edd90250, 0x00007fd4edd91560, 0x00007fd4ecae6c30,
0x00007fd4ec503bc0, 0x00007fd4ecd5ed90, 0x00007fd4ecd51ba0, 0x00007fd4ecd52e60,
0x00007fd4ecd541a0, 0x00007fd4ecd5b340, 0x00007fd4ecd5c940, 0x00007fd4ecd5d6a0,
0x00007fd4ecd5e630, 0x00007fd4eca9e890, 0x00007fd4eca9fb80, 0x00007fd4ecaa0ec0,
0x00007fd4ecaa2270, 0x00007fd4ecaa3280, 0x00007fd4ecaa4290, 0x00007fd4ecaa52a0,
0x00007fd4ec8277d0, 0x00007fd4ec9fd660, 0x00007fd4eca001b0, 0x00007fd4eca01160,
0x00007fd4eca02170, 0x00007fd4eca03180, 0x00007fd4eca04190, 0x00007fd4eca051a0,
0x00007fd4eca061b0, 0x00007fd4eca07370, 0x00007fd4eca08280, 0x00007fd4eca09170,
0x00007fd4eca0a1e0, 0x00007fd4eca0b110, 0x00007fd4eca0c080, 0x00007fd4eca0d020,
0x00007fd4eca0dfd0, 0x00007fd4eca0f7e0, 0x00007fd4eca10bd0, 0x00007fd4eca11d40,
0x00007fd4eca12cd0, 0x00007fd4eca13c70, 0x00007fd4eca14dd0, 0x00007fd4eca15c90,
0x00007fd4eca16e20, 0x00007fd4ee48a080, 0x00007fd4180046c0, 0x00007fd418005b20,
0x00007fd414004270, 0x00007fd420004250, 0x00007fd414005700, 0x00007fd4200056f0,
0x00007fd428004200, 0x00007fd414006720, 0x00007fd424004230, 0x00007fd438001620,
0x00007fd428007110, 0x00007fd428011d40, 0x00007fd43c001e80, 0x00007fd428012a80,
0x00007fd43c0033a0, 0x00007fd42c0093c0, 0x00007fd42c00a2c0, 0x00007fd4ee4a6260,
0x00007fd4ee4a7590, 0x00007fd46000a1d0, 0x00007fd460003d70, 0x00007fd460004e70,
0x00007fd460005e90, 0x00007fd46000e140, 0x00007fd46000edd0, 0x00007fd46000fdf0,
0x00007fd460010e20, 0x00007fd460011e50, 0x00007fd460012e70, 0x00007fd460013e90,
0x00007fd460014ec0, 0x00007fd460015ef0, 0x00007fd460016f10, 0x00007fd460017f30,
0x00007fd49800af20, 0x00007fd53815b7d0, 0x00007fd49c022b00, 0x00007fd49c023f50,
0x00007fd49c0239a0, 0x00007fd49c024de0, 0x00007fd49c025e00, 0x00007fd49c027e50,
0x00007fd49c028420, 0x00007fd49c028ea0, 0x00007fd49c029ec0, 0x00007fd49c02aee0,
0x00007fd49c01f3f0, 0x00007fd49c02cf20, 0x00007fd49c020080, 0x00007fd49c02f300,
0x00007fd49c030320, 0x00007fd49c031330, 0x00007fd49c034b60, 0x00007fd49c035f90,
0x00007fd49c037390, 0x00007fd49c01e2c0, 0x00007fd538b7fc10, 0x00007fd539281600,
0x00007fd49c03ec10, 0x00007fd49c03fc30, 0x00007fd49c03f4b0, 0x00007fd49c040c50,
0x00007fd49c043320, 0x00007fd49c042d90, 0x00007fd49c043e00, 0x00007fd49c044e10,
0x00007fd49c045e40, 0x00007fd49c046e50, 0x00007fd5385ad860, 0x00007fd538881890,
0x00007fd538881200, 0x00007fd538880460, 0x00007fd5389cb690, 0x00007fd470014af0,
0x00007fd470016610, 0x00007fd4700159b0, 0x00007fd4700173e0, 0x00007fd47001bcc0,
0x00007fd47001cca0, 0x00007fd470009750, 0x00007fd47000a560, 0x00007fd47000b500,
0x00007fd47001d460, 0x00007fd47001e0c0, 0x00007fd47001f0c0, 0x00007fd470021850,
0x00007fd4700200a0, 0x00007fd470022840, 0x00007fd470024890, 0x00007fd49c07d7c0,
0x00007fd49c07e830, 0x00007fd49c07e0d0, 0x00007fd49c0576e0, 0x00007fd49c058750,
0x00007fd49c0597b0, 0x00007fd49c05a810, 0x00007fd49c05b880, 0x00007fd49c05c750,
0x00007fd49c05d7f0, 0x00007fd49c05e850, 0x00007fd49c052c20, 0x00007fd49c055790,
0x00007fd49c055000, 0x00007fd49c062c50, 0x00007fd49c063b60, 0x00007fd49c064c00,
0x00007fd4ee5173d0, 0x00007fd55c0c8260, 0x00007fd4ec6070a0, 0x00007fd4ee22f2d0,
0x00007fd4ee22a120, 0x00007fd55c4da8f0, 0x00007fd55c4dc220, 0x00007fd4ec8ec5f0,
0x00007fd4ee403b90, 0x00007fd4ede02870, 0x00007fd4ee2a0830, 0x00007fd4ee2b8df0,
0x00007fd4ee2a13b0, 0x00007fd4ee2bcc30, 0x00007fd468001f90, 0x00007fd47c005b30,
0x00007fd4080053f0, 0x00007fd4ee2c1950, 0x00007fd4ee8850c0, 0x00007fd4ee8a19c0,
0x00007fd4ee86ed50, 0x00007fd4eedff170, 0x00007fd4ef35ca10, 0x00007fd4ef35fd30,
0x00007fd4ef39c640, 0x00007fd4ef39f790, 0x00007fd4ef3a0e20, 0x00007fd4ef392fc0,
0x00007fd4ef3dcfb0, 0x00007fd4ef3b67a0, 0x00007fd4ef401730, 0x00007fd4ef3e4ed0,
0x00007fd37e2cbf60, 0x00007fd37e2cd920, 0x00007fd48c0a1d70, 0x00007fd4a400f8f0,
0x00007fd4a4017b80, 0x00007fd49c069af0, 0x00007fd49c06a870, 0x00007fd49c06d670,
0x00007fd4900368b0, 0x00007fd490040970, 0x00007fd490040060, 0x00007fd548196c50,
0x00007fd548185db0, 0x00007fd3f01dddc0, 0x00007fd464031c30, 0x00007fd55c63a560,
0x00007fd3f01667c0, 0x00007fd3e40d71d0, 0x00007fd4800082b0, 0x00007fd49401ea10,
0x00007fd49c070730, 0x00007fd47c030e80, 0x00007fd46c0e2800, 0x00007fd48402db00,
0x00007fd47052cfd0, 0x00007fd4803fbc90, 0x00007fd4806611f0, 0x00007fd480660880,
0x00007fd4803fac20, 0x00007fd4804039e0, 0x00007fd4804026e0, 0x00007fd480403060,
0x00007fd48065dc20, 0x00007fd48065c8f0, 0x00007fd4803feab0, 0x00007fd4805a7e90,
0x00007fd4803ff450, 0x00007fd4805a9280, 0x00007fd4805a9c00, 0x00007fd4805aaba0,
0x00007fd51c29eed0, 0x00007fd51c2b27d0, 0x00007fd50427afd0, 0x00007fd52c03d060,
0x00007fd51008d800, 0x00007fd518247120, 0x00007fd52435d4f0, 0x00007fd504227850,
0x00007fd5c0013330, 0x00007fd5b0006c90, 0x00007fd5c403e8f0, 0x00007fd5b410a9a0,
0x00007fd5c8027fa0, 0x00007fd5eca7b7c0, 0x00007fd398015300, 0x00007fd3a000c940,
0x00007fd38c0202d0, 0x0000555f59d01630, 0x00007fd48c00a680, 0x00007fd49808e380,
0x00007fd4880b5720, 0x00007fd4803186c0, 0x00007fd4900cc840, 0x00007fd4680627b0,
0x00007fd4780924b0, 0x00007fd52005cb30, 0x00007fd45c037320, 0x00007fd464032ae0,
0x00007fd520067870, 0x00007fd3c001b680, 0x00007fd3c001d650, 0x00007fd3f0120aa0,
0x00007fd3f045d7d0, 0x00007fd3f01f6880, 0x00007fd3f045e4b0, 0x00007fd3f045f880,
0x00007fd468113420, 0x00007fd3f0468b80, 0x00007fd3c40e24a0, 0x00007fd3f0475870,
0x00007fd50442dcc0
}

Java Threads: ( => current thread )
  0x00007fd5ec01afa0 JavaThread "main" [_thread_blocked, id=427286, stack(0x00007fd5f2500000,0x00007fd5f2600000)]
  0x00007fd5ec226d40 JavaThread "Reference Handler" daemon [_thread_blocked, id=427296, stack(0x00007fd5bd5f7000,0x00007fd5bd6f7000)]
  0x00007fd5ec228130 JavaThread "Finalizer" daemon [_thread_blocked, id=427297, stack(0x00007fd5bd4f6000,0x00007fd5bd5f6000)]
  0x00007fd5ec22d490 JavaThread "Signal Dispatcher" daemon [_thread_blocked, id=427298, stack(0x00007fd5bd100000,0x00007fd5bd200000)]
  0x00007fd5ec22e850 JavaThread "Service Thread" daemon [_thread_blocked, id=427299, stack(0x00007fd5bcfff000,0x00007fd5bd0ff000)]
  0x00007fd5ec22fc70 JavaThread "Monitor Deflation Thread" daemon [_thread_blocked, id=427300, stack(0x00007fd5bcefe000,0x00007fd5bcffe000)]
  0x00007fd5ec2316b0 JavaThread "C2 CompilerThread0" daemon [_thread_in_native, id=427301, stack(0x00007fd5bcdfd000,0x00007fd5bcefd000)]
  0x00007fd5ec232bf0 JavaThread "C1 CompilerThread0" daemon [_thread_blocked, id=427302, stack(0x00007fd5bccfc000,0x00007fd5bcdfc000)]
  0x00007fd5ec234070 JavaThread "Sweeper thread" daemon [_thread_in_vm, id=427303, stack(0x00007fd5bcbfb000,0x00007fd5bccfb000)]
  0x00007fd5ec240030 JavaThread "Common-Cleaner" daemon [_thread_blocked, id=427304, stack(0x00007fd5bcafa000,0x00007fd5bcbfa000)]
  0x00007fd55c05def0 JavaThread "C1 CompilerThread1" daemon [_thread_blocked, id=427305, stack(0x00007fd5bc9f9000,0x00007fd5bcaf9000)]
  0x00007fd5ec2f7b10 JavaThread "Notification Thread" daemon [_thread_blocked, id=427307, stack(0x00007fd5bc7f7000,0x00007fd5bc8f7000)]
  0x00007fd5ed4a0dd0 JavaThread "Daemon health stats" [_thread_blocked, id=427339, stack(0x00007fd5762fe000,0x00007fd5763fe000)]
  0x00007fd5ed4ef460 JavaThread "Incoming local TCP Connector on port 34197" [_thread_in_native, id=427340, stack(0x00007fd5761fd000,0x00007fd5762fd000)]
  0x00007fd5ed53e690 JavaThread "Daemon periodic checks" [_thread_blocked, id=427341, stack(0x00007fd5760fc000,0x00007fd5761fc000)]
  0x00007fd4f8017430 JavaThread "Daemon" [_thread_blocked, id=427342, stack(0x00007fd575ffb000,0x00007fd5760fb000)]
  0x00007fd4f0003d40 JavaThread "Handler for socket connection from /127.0.0.1:34197 to /127.0.0.1:33848" [_thread_in_native, id=427343, stack(0x00007fd575efa000,0x00007fd575ffa000)]
  0x00007fd4f0006a10 JavaThread "Cancel handler" [_thread_blocked, id=427344, stack(0x00007fd575df9000,0x00007fd575ef9000)]
  0x00007fd4f000cb20 JavaThread "Daemon worker" [_thread_blocked, id=427345, stack(0x00007fd575cf8000,0x00007fd575df8000)]
  0x00007fd4ec008360 JavaThread "Asynchronous log dispatcher for DefaultDaemonConnection: socket connection from /127.0.0.1:34197 to /127.0.0.1:33848" [_thread_blocked, id=427346, stack(0x00007fd575bf7000,0x00007fd575cf7000)]
  0x00007fd4ec00e1e0 JavaThread "Stdin handler" [_thread_blocked, id=427347, stack(0x00007fd575af6000,0x00007fd575bf6000)]
  0x00007fd4ec00fb20 JavaThread "Daemon client event forwarder" [_thread_blocked, id=427348, stack(0x00007fd5759f5000,0x00007fd575af5000)]
  0x00007fd4ec1bc2c0 JavaThread "Cache worker for journal cache (/home/asahiner/.gradle/caches/journal-1)" [_thread_blocked, id=427351, stack(0x00007fd5756f2000,0x00007fd5757f2000)]
  0x00007fd4ec1c1590 JavaThread "File lock request listener" [_thread_in_native, id=427352, stack(0x00007fd5755f1000,0x00007fd5756f1000)]
  0x00007fd4ec1f2870 JavaThread "Cache worker for file hash cache (/home/asahiner/.gradle/caches/8.14.3/fileHashes)" [_thread_blocked, id=427353, stack(0x00007fd5bc3f3000,0x00007fd5bc4f3000)]
  0x00007fd4ecfcc630 JavaThread "Cache worker for file hash cache (/data/projects/radar_tinder/android/.gradle/8.14.3/fileHashes)" [_thread_blocked, id=427379, stack(0x00007fd5754f0000,0x00007fd5755f0000)]
  0x00007fd4ed051460 JavaThread "Cache worker for Build Output Cleanup Cache (/data/projects/radar_tinder/android/.gradle/buildOutputCleanup)" [_thread_blocked, id=427380, stack(0x00007fd5753ef000,0x00007fd5754ef000)]
  0x00007fd4ed119260 JavaThread "File watcher server" daemon [_thread_in_native, id=427383, stack(0x00007fd5750ec000,0x00007fd5751ec000)]
  0x00007fd4ed11d990 JavaThread "File watcher consumer" daemon [_thread_blocked, id=427384, stack(0x00007fd574feb000,0x00007fd5750eb000)]
  0x00007fd4ed3e2410 JavaThread "jar transforms" [_thread_blocked, id=427386, stack(0x00007fd574de9000,0x00007fd574ee9000)]
  0x00007fd4ed4b6590 JavaThread "Cache worker for checksums cache (/data/projects/radar_tinder/android/.gradle/8.14.3/checksums)" [_thread_blocked, id=427387, stack(0x00007fd574a3e000,0x00007fd574b3e000)]
  0x00007fd4ed546900 JavaThread "Cache worker for file content cache (/home/asahiner/.gradle/caches/8.14.3/fileContent)" [_thread_blocked, id=427388, stack(0x00007fd574ce8000,0x00007fd574de8000)]
  0x00007fd4ed5bb130 JavaThread "Exec process" [_thread_blocked, id=427389, stack(0x00007fd574be7000,0x00007fd574ce7000)]
  0x00007fd4a4007350 JavaThread "process reaper" daemon [_thread_blocked, id=427391, stack(0x00007fd5f0001000,0x00007fd5f0023000)]
  0x00007fd4a4008df0 JavaThread "Exec process Thread 2" [_thread_blocked, id=427393, stack(0x00007fd57493d000,0x00007fd574a3d000)]
  0x00007fd4a400a420 JavaThread "Exec process Thread 3" [_thread_blocked, id=427397, stack(0x00007fd57483c000,0x00007fd57493c000)]
  0x00007fd4ed6f7d80 JavaThread "Cache worker for cache directory md-supplier (/home/asahiner/.gradle/caches/8.14.3/md-supplier)" [_thread_blocked, id=427407, stack(0x00007fd57473b000,0x00007fd57483b000)]
  0x00007fd4ed70c6a0 JavaThread "Cache worker for cache directory md-rule (/home/asahiner/.gradle/caches/8.14.3/md-rule)" [_thread_blocked, id=427408, stack(0x00007fd57463a000,0x00007fd57473a000)]
  0x00007fd4ed7819c0 JavaThread "Cache worker for Build Output Cleanup Cache (/data/projects/radar_tinder/node_modules/.pnpm/@react-native+gradle-plugin@0.81.5/node_modules/@react-native/gradle-plugin/.gradle/buildOutputCleanup)" [_thread_blocked, id=427410, stack(0x00007fd574539000,0x00007fd574639000)]
  0x00007fd4ed9f5300 JavaThread "Unconstrained build operations" [_thread_blocked, id=427434, stack(0x00007fd574eea000,0x00007fd574fea000)]
  0x00007fd4ed9f5f10 JavaThread "Unconstrained build operations Thread 2" [_thread_blocked, id=427435, stack(0x00007fd574438000,0x00007fd574538000)]
  0x00007fd4eda0b420 JavaThread "Unconstrained build operations Thread 3" [_thread_blocked, id=427443, stack(0x00007fd574337000,0x00007fd574437000)]
  0x00007fd4eda0c640 JavaThread "Unconstrained build operations Thread 4" [_thread_blocked, id=427444, stack(0x00007fd574236000,0x00007fd574336000)]
  0x00007fd4eda17d30 JavaThread "Unconstrained build operations Thread 5" [_thread_blocked, id=427445, stack(0x00007fd574135000,0x00007fd574235000)]
  0x00007fd4eda18bd0 JavaThread "Unconstrained build operations Thread 6" [_thread_blocked, id=427446, stack(0x00007fd574034000,0x00007fd574134000)]
  0x00007fd4edbe9340 JavaThread "Cache worker for Build Output Cleanup Cache (/data/projects/radar_tinder/node_modules/.pnpm/expo-modules-autolinking@3.0.24/node_modules/expo-modules-autolinking/android/expo-gradle-plugin/.gradle/buildOutputCleanup)" [_thread_blocked, id=427447, stack(0x00007fd5bc4f4000,0x00007fd5bc5f4000)]
  0x00007fd4edd61b20 JavaThread "Unconstrained build operations Thread 7" [_thread_blocked, id=427483, stack(0x00007fd477f00000,0x00007fd478000000)]
  0x00007fd4edd60e80 JavaThread "Unconstrained build operations Thread 8" [_thread_blocked, id=427484, stack(0x00007fd477dff000,0x00007fd477eff000)]
  0x00007fd4edd62cf0 JavaThread "Unconstrained build operations Thread 9" [_thread_blocked, id=427485, stack(0x00007fd477cfe000,0x00007fd477dfe000)]
  0x00007fd4edd63cf0 JavaThread "Unconstrained build operations Thread 10" [_thread_blocked, id=427486, stack(0x00007fd477bfd000,0x00007fd477cfd000)]
  0x00007fd4edd64e80 JavaThread "Unconstrained build operations Thread 11" [_thread_blocked, id=427487, stack(0x00007fd477afc000,0x00007fd477bfc000)]
  0x00007fd4edd65cd0 JavaThread "Unconstrained build operations Thread 12" [_thread_blocked, id=427488, stack(0x00007fd4779fb000,0x00007fd477afb000)]
  0x00007fd4edd66b20 JavaThread "Unconstrained build operations Thread 13" [_thread_blocked, id=427489, stack(0x00007fd4778fa000,0x00007fd4779fa000)]
  0x00007fd4edd67b30 JavaThread "Unconstrained build operations Thread 14" [_thread_blocked, id=427490, stack(0x00007fd4777f9000,0x00007fd4778f9000)]
  0x00007fd4edd68d20 JavaThread "Unconstrained build operations Thread 15" [_thread_blocked, id=427491, stack(0x00007fd4776f8000,0x00007fd4777f8000)]
  0x00007fd4edd69d30 JavaThread "Unconstrained build operations Thread 16" [_thread_blocked, id=427492, stack(0x00007fd4775f7000,0x00007fd4776f7000)]
  0x726f005ae13a0002 
[error occurred during error reporting (printing all threads), id 0xb, SIGSEGV (0xb) at pc=0x00007fd5f32cc9cb]

VM state: not at safepoint (normal execution)

VM Mutex/Monitor currently owned by a thread:  ([mutex/lock_event])
[0x00007fd5ec018d00] Compile_lock - owner thread: 0x00007fd49c070730

Heap address: 0x0000000700000000, size: 4096 MB, Compressed Oops mode: Zero based, Oop shift amount: 3

CDS archive(s) mapped at: [0x00007fd57b000000-0x00007fd57bbc7000-0x00007fd57bbc7000), size 12349440, SharedBaseAddress: 0x00007fd57b000000, ArchiveRelocationMode: 1.
Compressed class space mapped at: 0x00007fd57c000000-0x00007fd5b0000000, reserved size: 872415232
Narrow klass base: 0x00007fd57b000000, Narrow klass shift: 0, Narrow klass range: 0x100000000

GC Precious Log:
 CPUs: 16 total, 16 available
 Memory: 31502M
 Large Page Support: Disabled
 NUMA Support: Disabled
 Compressed Oops: Enabled (Zero based)
 Heap Region Size: 2M
 Heap Min Capacity: 8M
 Heap Initial Capacity: 494M
 Heap Max Capacity: 4G
 Pre-touch: Disabled
 Parallel Workers: 13
 Concurrent Workers: 3
 Concurrent Refinement Workers: 13
 Periodic GC: Disabled

Heap:
 garbage-first heap   total 1376256K, used 1035024K [0x0000000700000000, 0x0000000800000000)
  region size 2048K, 171 young (350208K), 14 survivors (28672K)
 Metaspace       used 270255K, committed 274112K, reserved 1114112K
  class space    used 35209K, committed 36864K, reserved 851968K

Heap Regions: E=young(eden), S=young(survivor), O=old, HS=humongous(starts), HC=humongous(continues), CS=collection set, F=free, OA=open archive, CA=closed archive, TAMS=top-at-mark-start (previous, next)
|   0|0x0000000700000000, 0x0000000700200000, 0x0000000700200000|100%|HS|  |TAMS 0x0000000700200000, 0x0000000700000000| Complete 
|   1|0x0000000700200000, 0x0000000700400000, 0x0000000700400000|100%|HC|  |TAMS 0x0000000700400000, 0x0000000700200000| Complete 
|   2|0x0000000700400000, 0x0000000700600000, 0x0000000700600000|100%| O|  |TAMS 0x0000000700600000, 0x0000000700400000| Untracked 
|   3|0x0000000700600000, 0x0000000700800000, 0x0000000700800000|100%| O|  |TAMS 0x0000000700800000, 0x0000000700600000| Untracked 
|   4|0x0000000700800000, 0x00000007009ef200, 0x0000000700a00000| 96%| O|  |TAMS 0x00000007009ef200, 0x0000000700800000| Untracked 
|   5|0x0000000700a00000, 0x0000000700c00000, 0x0000000700c00000|100%| O|  |TAMS 0x0000000700c00000, 0x0000000700a00000| Untracked 
|   6|0x0000000700c00000, 0x0000000700e00000, 0x0000000700e00000|100%| O|  |TAMS 0x0000000700e00000, 0x0000000700c00000| Untracked 
|   7|0x0000000700e00000, 0x0000000701000000, 0x0000000701000000|100%| O|  |TAMS 0x0000000701000000, 0x0000000700e00000| Untracked 
|   8|0x0000000701000000, 0x0000000701200000, 0x0000000701200000|100%| O|  |TAMS 0x0000000701200000, 0x0000000701000000| Untracked 
|   9|0x0000000701200000, 0x0000000701400000, 0x0000000701400000|100%| O|  |TAMS 0x0000000701400000, 0x0000000701200000| Untracked 
|  10|0x0000000701400000, 0x0000000701600000, 0x0000000701600000|100%| O|  |TAMS 0x0000000701600000, 0x0000000701400000| Untracked 
|  11|0x0000000701600000, 0x0000000701800000, 0x0000000701800000|100%| O|  |TAMS 0x0000000701800000, 0x0000000701600000| Untracked 
|  12|0x0000000701800000, 0x0000000701a00000, 0x0000000701a00000|100%| O|  |TAMS 0x0000000701a00000, 0x0000000701800000| Untracked 
|  13|0x0000000701a00000, 0x0000000701c00000, 0x0000000701c00000|100%| O|  |TAMS 0x0000000701c00000, 0x0000000701a00000| Untracked 
|  14|0x0000000701c00000, 0x0000000701e00000, 0x0000000701e00000|100%| O|  |TAMS 0x0000000701e00000, 0x0000000701c00000| Untracked 
|  15|0x0000000701e00000, 0x0000000702000000, 0x0000000702000000|100%| O|  |TAMS 0x0000000702000000, 0x0000000701e00000| Untracked 
|  16|0x0000000702000000, 0x0000000702200000, 0x0000000702200000|100%| O|  |TAMS 0x0000000702200000, 0x0000000702000000| Untracked 
|  17|0x0000000702200000, 0x0000000702400000, 0x0000000702400000|100%| O|  |TAMS 0x0000000702400000, 0x0000000702200000| Untracked 
|  18|0x0000000702400000, 0x0000000702600000, 0x0000000702600000|100%| O|  |TAMS 0x0000000702600000, 0x0000000702400000| Untracked 
|  19|0x0000000702600000, 0x0000000702800000, 0x0000000702800000|100%|HS|  |TAMS 0x0000000702800000, 0x0000000702600000| Complete 
|  20|0x0000000702800000, 0x0000000702a00000, 0x0000000702a00000|100%|HC|  |TAMS 0x0000000702a00000, 0x0000000702800000| Complete 
|  21|0x0000000702a00000, 0x0000000702c00000, 0x0000000702c00000|100%|HS|  |TAMS 0x0000000702c00000, 0x0000000702a00000| Complete 
|  22|0x0000000702c00000, 0x0000000702e00000, 0x0000000702e00000|100%|HC|  |TAMS 0x0000000702e00000, 0x0000000702c00000| Complete 
|  23|0x0000000702e00000, 0x0000000703000000, 0x0000000703000000|100%| O|  |TAMS 0x0000000703000000, 0x0000000702e00000| Untracked 
|  24|0x0000000703000000, 0x0000000703200000, 0x0000000703200000|100%| O|  |TAMS 0x0000000703200000, 0x0000000703000000| Untracked 
|  25|0x0000000703200000, 0x0000000703400000, 0x0000000703400000|100%| O|  |TAMS 0x0000000703400000, 0x0000000703200000| Untracked 
|  26|0x0000000703400000, 0x0000000703600000, 0x0000000703600000|100%| O|  |TAMS 0x0000000703600000, 0x0000000703400000| Untracked 
|  27|0x0000000703600000, 0x0000000703800000, 0x0000000703800000|100%| O|  |TAMS 0x0000000703800000, 0x0000000703600000| Untracked 
|  28|0x0000000703800000, 0x0000000703a00000, 0x0000000703a00000|100%| O|  |TAMS 0x0000000703a00000, 0x0000000703800000| Untracked 
|  29|0x0000000703a00000, 0x0000000703c00000, 0x0000000703c00000|100%| O|  |TAMS 0x0000000703c00000, 0x0000000703a00000| Untracked 
|  30|0x0000000703c00000, 0x0000000703e00000, 0x0000000703e00000|100%| O|  |TAMS 0x0000000703e00000, 0x0000000703c00000| Untracked 
|  31|0x0000000703e00000, 0x0000000704000000, 0x0000000704000000|100%| O|  |TAMS 0x0000000704000000, 0x0000000703e00000| Untracked 
|  32|0x0000000704000000, 0x0000000704200000, 0x0000000704200000|100%| O|  |TAMS 0x0000000704200000, 0x0000000704000000| Untracked 
|  33|0x0000000704200000, 0x0000000704400000, 0x0000000704400000|100%| O|  |TAMS 0x0000000704400000, 0x0000000704200000| Untracked 
|  34|0x0000000704400000, 0x0000000704600000, 0x0000000704600000|100%| O|  |TAMS 0x0000000704600000, 0x0000000704400000| Untracked 
|  35|0x0000000704600000, 0x0000000704800000, 0x0000000704800000|100%| O|  |TAMS 0x0000000704800000, 0x0000000704600000| Untracked 
|  36|0x0000000704800000, 0x0000000704a00000, 0x0000000704a00000|100%| O|  |TAMS 0x0000000704a00000, 0x0000000704800000| Untracked 
|  37|0x0000000704a00000, 0x0000000704c00000, 0x0000000704c00000|100%| O|  |TAMS 0x0000000704c00000, 0x0000000704a00000| Untracked 
|  38|0x0000000704c00000, 0x0000000704e00000, 0x0000000704e00000|100%| O|  |TAMS 0x0000000704e00000, 0x0000000704c00000| Untracked 
|  39|0x0000000704e00000, 0x0000000705000000, 0x0000000705000000|100%| O|  |TAMS 0x0000000705000000, 0x0000000704e00000| Untracked 
|  40|0x0000000705000000, 0x0000000705200000, 0x0000000705200000|100%| O|  |TAMS 0x0000000705200000, 0x0000000705000000| Untracked 
|  41|0x0000000705200000, 0x0000000705400000, 0x0000000705400000|100%| O|  |TAMS 0x0000000705400000, 0x0000000705200000| Untracked 
|  42|0x0000000705400000, 0x0000000705600000, 0x0000000705600000|100%|HS|  |TAMS 0x0000000705600000, 0x0000000705400000| Complete 
|  43|0x0000000705600000, 0x0000000705800000, 0x0000000705800000|100%|HS|  |TAMS 0x0000000705800000, 0x0000000705600000| Complete 
|  44|0x0000000705800000, 0x0000000705a00000, 0x0000000705a00000|100%|HS|  |TAMS 0x0000000705a00000, 0x0000000705800000| Complete 
|  45|0x0000000705a00000, 0x0000000705c00000, 0x0000000705c00000|100%|HC|  |TAMS 0x0000000705c00000, 0x0000000705a00000| Complete 
|  46|0x0000000705c00000, 0x0000000705e00000, 0x0000000705e00000|100%|HS|  |TAMS 0x0000000705e00000, 0x0000000705c00000| Complete 
|  47|0x0000000705e00000, 0x0000000706000000, 0x0000000706000000|100%|HC|  |TAMS 0x0000000706000000, 0x0000000705e00000| Complete 
|  48|0x0000000706000000, 0x0000000706200000, 0x0000000706200000|100%| O|  |TAMS 0x0000000706200000, 0x0000000706000000| Untracked 
|  49|0x0000000706200000, 0x0000000706400000, 0x0000000706400000|100%| O|  |TAMS 0x0000000706400000, 0x0000000706200000| Untracked 
|  50|0x0000000706400000, 0x0000000706600000, 0x0000000706600000|100%| O|  |TAMS 0x0000000706600000, 0x0000000706400000| Untracked 
|  51|0x0000000706600000, 0x0000000706800000, 0x0000000706800000|100%| O|  |TAMS 0x0000000706800000, 0x0000000706600000| Untracked 
|  52|0x0000000706800000, 0x0000000706a00000, 0x0000000706a00000|100%| O|  |TAMS 0x0000000706a00000, 0x0000000706800000| Untracked 
|  53|0x0000000706a00000, 0x0000000706c00000, 0x0000000706c00000|100%| O|  |TAMS 0x0000000706c00000, 0x0000000706a00000| Untracked 
|  54|0x0000000706c00000, 0x0000000706e00000, 0x0000000706e00000|100%| O|  |TAMS 0x0000000706e00000, 0x0000000706c00000| Untracked 
|  55|0x0000000706e00000, 0x0000000707000000, 0x0000000707000000|100%| O|  |TAMS 0x0000000707000000, 0x0000000706e00000| Untracked 
|  56|0x0000000707000000, 0x0000000707200000, 0x0000000707200000|100%| O|  |TAMS 0x0000000707200000, 0x0000000707000000| Untracked 
|  57|0x0000000707200000, 0x0000000707400000, 0x0000000707400000|100%| O|  |TAMS 0x0000000707400000, 0x0000000707200000| Untracked 
|  58|0x0000000707400000, 0x0000000707600000, 0x0000000707600000|100%| O|  |TAMS 0x0000000707600000, 0x0000000707400000| Untracked 
|  59|0x0000000707600000, 0x0000000707800000, 0x0000000707800000|100%| O|  |TAMS 0x0000000707800000, 0x0000000707600000| Untracked 
|  60|0x0000000707800000, 0x0000000707a00000, 0x0000000707a00000|100%| O|  |TAMS 0x0000000707a00000, 0x0000000707800000| Untracked 
|  61|0x0000000707a00000, 0x0000000707c00000, 0x0000000707c00000|100%| O|  |TAMS 0x0000000707c00000, 0x0000000707a00000| Untracked 
|  62|0x0000000707c00000, 0x0000000707e00000, 0x0000000707e00000|100%| O|  |TAMS 0x0000000707e00000, 0x0000000707c00000| Untracked 
|  63|0x0000000707e00000, 0x0000000708000000, 0x0000000708000000|100%| O|  |TAMS 0x0000000708000000, 0x0000000707e00000| Untracked 
|  64|0x0000000708000000, 0x0000000708200000, 0x0000000708200000|100%| O|  |TAMS 0x0000000708200000, 0x0000000708000000| Untracked 
|  65|0x0000000708200000, 0x0000000708400000, 0x0000000708400000|100%| O|  |TAMS 0x0000000708400000, 0x0000000708200000| Untracked 
|  66|0x0000000708400000, 0x0000000708600000, 0x0000000708600000|100%| O|  |TAMS 0x0000000708600000, 0x0000000708400000| Untracked 
|  67|0x0000000708600000, 0x0000000708800000, 0x0000000708800000|100%| O|  |TAMS 0x0000000708800000, 0x0000000708600000| Untracked 
|  68|0x0000000708800000, 0x0000000708a00000, 0x0000000708a00000|100%| O|  |TAMS 0x0000000708a00000, 0x0000000708800000| Untracked 
|  69|0x0000000708a00000, 0x0000000708c00000, 0x0000000708c00000|100%| O|  |TAMS 0x0000000708c00000, 0x0000000708a00000| Untracked 
|  70|0x0000000708c00000, 0x0000000708e00000, 0x0000000708e00000|100%| O|  |TAMS 0x0000000708e00000, 0x0000000708c00000| Untracked 
|  71|0x0000000708e00000, 0x0000000709000000, 0x0000000709000000|100%| O|  |TAMS 0x0000000709000000, 0x0000000708e00000| Untracked 
|  72|0x0000000709000000, 0x0000000709200000, 0x0000000709200000|100%|HS|  |TAMS 0x0000000709200000, 0x0000000709000000| Complete 
|  73|0x0000000709200000, 0x0000000709400000, 0x0000000709400000|100%|HC|  |TAMS 0x0000000709400000, 0x0000000709200000| Complete 
|  74|0x0000000709400000, 0x0000000709600000, 0x0000000709600000|100%| O|  |TAMS 0x0000000709600000, 0x0000000709400000| Untracked 
|  75|0x0000000709600000, 0x0000000709800000, 0x0000000709800000|100%| O|  |TAMS 0x0000000709800000, 0x0000000709600000| Untracked 
|  76|0x0000000709800000, 0x0000000709a00000, 0x0000000709a00000|100%| O|  |TAMS 0x0000000709a00000, 0x0000000709800000| Untracked 
|  77|0x0000000709a00000, 0x0000000709c00000, 0x0000000709c00000|100%| O|  |TAMS 0x0000000709c00000, 0x0000000709a00000| Untracked 
|  78|0x0000000709c00000, 0x0000000709e00000, 0x0000000709e00000|100%| O|  |TAMS 0x0000000709e00000, 0x0000000709c00000| Untracked 
|  79|0x0000000709e00000, 0x000000070a000000, 0x000000070a000000|100%| O|  |TAMS 0x000000070a000000, 0x0000000709e00000| Untracked 
|  80|0x000000070a000000, 0x000000070a200000, 0x000000070a200000|100%| O|  |TAMS 0x000000070a200000, 0x000000070a000000| Untracked 
|  81|0x000000070a200000, 0x000000070a400000, 0x000000070a400000|100%| O|  |TAMS 0x000000070a400000, 0x000000070a200000| Untracked 
|  82|0x000000070a400000, 0x000000070a600000, 0x000000070a600000|100%| O|  |TAMS 0x000000070a600000, 0x000000070a400000| Untracked 
|  83|0x000000070a600000, 0x000000070a800000, 0x000000070a800000|100%| O|  |TAMS 0x000000070a800000, 0x000000070a600000| Untracked 
|  84|0x000000070a800000, 0x000000070aa00000, 0x000000070aa00000|100%| O|  |TAMS 0x000000070aa00000, 0x000000070a800000| Untracked 
|  85|0x000000070aa00000, 0x000000070ac00000, 0x000000070ac00000|100%| O|  |TAMS 0x000000070ac00000, 0x000000070aa00000| Untracked 
|  86|0x000000070ac00000, 0x000000070ae00000, 0x000000070ae00000|100%| O|  |TAMS 0x000000070ae00000, 0x000000070ac00000| Untracked 
|  87|0x000000070ae00000, 0x000000070b000000, 0x000000070b000000|100%| O|  |TAMS 0x000000070b000000, 0x000000070ae00000| Untracked 
|  88|0x000000070b000000, 0x000000070b200000, 0x000000070b200000|100%| O|  |TAMS 0x000000070b200000, 0x000000070b000000| Untracked 
|  89|0x000000070b200000, 0x000000070b400000, 0x000000070b400000|100%| O|  |TAMS 0x000000070b400000, 0x000000070b200000| Untracked 
|  90|0x000000070b400000, 0x000000070b600000, 0x000000070b600000|100%| O|  |TAMS 0x000000070b600000, 0x000000070b400000| Untracked 
|  91|0x000000070b600000, 0x000000070b800000, 0x000000070b800000|100%| O|  |TAMS 0x000000070b800000, 0x000000070b600000| Untracked 
|  92|0x000000070b800000, 0x000000070ba00000, 0x000000070ba00000|100%| O|  |TAMS 0x000000070ba00000, 0x000000070b800000| Untracked 
|  93|0x000000070ba00000, 0x000000070bc00000, 0x000000070bc00000|100%| O|  |TAMS 0x000000070bc00000, 0x000000070ba00000| Untracked 
|  94|0x000000070bc00000, 0x000000070be00000, 0x000000070be00000|100%| O|  |TAMS 0x000000070be00000, 0x000000070bc00000| Complete 
|  95|0x000000070be00000, 0x000000070c000000, 0x000000070c000000|100%| O|  |TAMS 0x000000070c000000, 0x000000070be00000| Untracked 
|  96|0x000000070c000000, 0x000000070c200000, 0x000000070c200000|100%|HS|  |TAMS 0x000000070c200000, 0x000000070c000000| Complete 
|  97|0x000000070c200000, 0x000000070c400000, 0x000000070c400000|100%| O|  |TAMS 0x000000070c400000, 0x000000070c200000| Untracked 
|  98|0x000000070c400000, 0x000000070c600000, 0x000000070c600000|100%| O|  |TAMS 0x000000070c600000, 0x000000070c400000| Untracked 
|  99|0x000000070c600000, 0x000000070c800000, 0x000000070c800000|100%| O|  |TAMS 0x000000070c800000, 0x000000070c600000| Untracked 
| 100|0x000000070c800000, 0x000000070ca00000, 0x000000070ca00000|100%| O|  |TAMS 0x000000070ca00000, 0x000000070c800000| Untracked 
| 101|0x000000070ca00000, 0x000000070cc00000, 0x000000070cc00000|100%| O|  |TAMS 0x000000070cc00000, 0x000000070ca00000| Untracked 
| 102|0x000000070cc00000, 0x000000070ce00000, 0x000000070ce00000|100%| O|  |TAMS 0x000000070ce00000, 0x000000070cc00000| Complete 
| 103|0x000000070ce00000, 0x000000070d000000, 0x000000070d000000|100%| O|  |TAMS 0x000000070d000000, 0x000000070ce00000| Untracked 
| 104|0x000000070d000000, 0x000000070d200000, 0x000000070d200000|100%| O|  |TAMS 0x000000070d200000, 0x000000070d000000| Untracked 
| 105|0x000000070d200000, 0x000000070d400000, 0x000000070d400000|100%| O|  |TAMS 0x000000070d400000, 0x000000070d200000| Untracked 
| 106|0x000000070d400000, 0x000000070d600000, 0x000000070d600000|100%| O|  |TAMS 0x000000070d600000, 0x000000070d400000| Untracked 
| 107|0x000000070d600000, 0x000000070d800000, 0x000000070d800000|100%| O|  |TAMS 0x000000070d800000, 0x000000070d600000| Untracked 
| 108|0x000000070d800000, 0x000000070da00000, 0x000000070da00000|100%| O|  |TAMS 0x000000070da00000, 0x000000070d800000| Untracked 
| 109|0x000000070da00000, 0x000000070dc00000, 0x000000070dc00000|100%| O|  |TAMS 0x000000070dc00000, 0x000000070da00000| Untracked 
| 110|0x000000070dc00000, 0x000000070de00000, 0x000000070de00000|100%| O|  |TAMS 0x000000070de00000, 0x000000070dc00000| Untracked 
| 111|0x000000070de00000, 0x000000070e000000, 0x000000070e000000|100%| O|  |TAMS 0x000000070e000000, 0x000000070de00000| Untracked 
| 112|0x000000070e000000, 0x000000070e200000, 0x000000070e200000|100%| O|  |TAMS 0x000000070e200000, 0x000000070e000000| Untracked 
| 113|0x000000070e200000, 0x000000070e400000, 0x000000070e400000|100%| O|  |TAMS 0x000000070e400000, 0x000000070e200000| Untracked 
| 114|0x000000070e400000, 0x000000070e600000, 0x000000070e600000|100%| O|  |TAMS 0x000000070e600000, 0x000000070e400000| Untracked 
| 115|0x000000070e600000, 0x000000070e800000, 0x000000070e800000|100%| O|  |TAMS 0x000000070e800000, 0x000000070e600000| Untracked 
| 116|0x000000070e800000, 0x000000070ea00000, 0x000000070ea00000|100%| O|  |TAMS 0x000000070ea00000, 0x000000070e800000| Untracked 
| 117|0x000000070ea00000, 0x000000070ec00000, 0x000000070ec00000|100%| O|  |TAMS 0x000000070ec00000, 0x000000070ea00000| Untracked 
| 118|0x000000070ec00000, 0x000000070ee00000, 0x000000070ee00000|100%| O|  |TAMS 0x000000070ee00000, 0x000000070ec00000| Untracked 
| 119|0x000000070ee00000, 0x000000070f000000, 0x000000070f000000|100%| O|  |TAMS 0x000000070f000000, 0x000000070ee00000| Untracked 
| 120|0x000000070f000000, 0x000000070f200000, 0x000000070f200000|100%| O|  |TAMS 0x000000070f200000, 0x000000070f000000| Untracked 
| 121|0x000000070f200000, 0x000000070f400000, 0x000000070f400000|100%| O|  |TAMS 0x000000070f400000, 0x000000070f200000| Untracked 
| 122|0x000000070f400000, 0x000000070f600000, 0x000000070f600000|100%| O|  |TAMS 0x000000070f600000, 0x000000070f400000| Untracked 
| 123|0x000000070f600000, 0x000000070f800000, 0x000000070f800000|100%| O|  |TAMS 0x000000070f800000, 0x000000070f600000| Untracked 
| 124|0x000000070f800000, 0x000000070fa00000, 0x000000070fa00000|100%| O|  |TAMS 0x000000070fa00000, 0x000000070f800000| Untracked 
| 125|0x000000070fa00000, 0x000000070fc00000, 0x000000070fc00000|100%| O|  |TAMS 0x000000070fc00000, 0x000000070fa00000| Untracked 
| 126|0x000000070fc00000, 0x000000070fe00000, 0x000000070fe00000|100%| O|  |TAMS 0x000000070fe00000, 0x000000070fc00000| Untracked 
| 127|0x000000070fe00000, 0x0000000710000000, 0x0000000710000000|100%|HS|  |TAMS 0x0000000710000000, 0x000000070fe00000| Complete 
| 128|0x0000000710000000, 0x0000000710200000, 0x0000000710200000|100%| O|  |TAMS 0x0000000710200000, 0x0000000710000000| Untracked 
| 129|0x0000000710200000, 0x0000000710400000, 0x0000000710400000|100%| O|  |TAMS 0x0000000710400000, 0x0000000710200000| Untracked 
| 130|0x0000000710400000, 0x0000000710600000, 0x0000000710600000|100%| O|  |TAMS 0x0000000710600000, 0x0000000710400000| Untracked 
| 131|0x0000000710600000, 0x0000000710800000, 0x0000000710800000|100%| O|  |TAMS 0x0000000710800000, 0x0000000710600000| Untracked 
| 132|0x0000000710800000, 0x0000000710a00000, 0x0000000710a00000|100%| O|  |TAMS 0x0000000710a00000, 0x0000000710800000| Untracked 
| 133|0x0000000710a00000, 0x0000000710c00000, 0x0000000710c00000|100%| O|  |TAMS 0x0000000710c00000, 0x0000000710a00000| Untracked 
| 134|0x0000000710c00000, 0x0000000710e00000, 0x0000000710e00000|100%| O|  |TAMS 0x0000000710e00000, 0x0000000710c00000| Untracked 
| 135|0x0000000710e00000, 0x0000000711000000, 0x0000000711000000|100%| O|  |TAMS 0x0000000711000000, 0x0000000710e00000| Untracked 
| 136|0x0000000711000000, 0x0000000711200000, 0x0000000711200000|100%| O|  |TAMS 0x0000000711200000, 0x0000000711000000| Untracked 
| 137|0x0000000711200000, 0x0000000711400000, 0x0000000711400000|100%| O|  |TAMS 0x0000000711400000, 0x0000000711200000| Untracked 
| 138|0x0000000711400000, 0x0000000711600000, 0x0000000711600000|100%| O|  |TAMS 0x0000000711600000, 0x0000000711400000| Untracked 
| 139|0x0000000711600000, 0x0000000711800000, 0x0000000711800000|100%|HS|  |TAMS 0x0000000711800000, 0x0000000711600000| Complete 
| 140|0x0000000711800000, 0x0000000711a00000, 0x0000000711a00000|100%| O|  |TAMS 0x0000000711a00000, 0x0000000711800000| Untracked 
| 141|0x0000000711a00000, 0x0000000711c00000, 0x0000000711c00000|100%| O|  |TAMS 0x0000000711c00000, 0x0000000711a00000| Untracked 
| 142|0x0000000711c00000, 0x0000000711e00000, 0x0000000711e00000|100%| O|  |TAMS 0x0000000711e00000, 0x0000000711c00000| Untracked 
| 143|0x0000000711e00000, 0x0000000712000000, 0x0000000712000000|100%| O|  |TAMS 0x0000000712000000, 0x0000000711e00000| Untracked 
| 144|0x0000000712000000, 0x0000000712200000, 0x0000000712200000|100%| O|  |TAMS 0x0000000712200000, 0x0000000712000000| Untracked 
| 145|0x0000000712200000, 0x0000000712400000, 0x0000000712400000|100%| O|  |TAMS 0x0000000712400000, 0x0000000712200000| Untracked 
| 146|0x0000000712400000, 0x0000000712600000, 0x0000000712600000|100%| O|  |TAMS 0x0000000712600000, 0x0000000712400000| Untracked 
| 147|0x0000000712600000, 0x0000000712800000, 0x0000000712800000|100%| O|  |TAMS 0x0000000712800000, 0x0000000712600000| Untracked 
| 148|0x0000000712800000, 0x0000000712a00000, 0x0000000712a00000|100%| O|  |TAMS 0x0000000712a00000, 0x0000000712800000| Untracked 
| 149|0x0000000712a00000, 0x0000000712c00000, 0x0000000712c00000|100%| O|  |TAMS 0x0000000712c00000, 0x0000000712a00000| Untracked 
| 150|0x0000000712c00000, 0x0000000712e00000, 0x0000000712e00000|100%| O|  |TAMS 0x0000000712e00000, 0x0000000712c00000| Untracked 
| 151|0x0000000712e00000, 0x0000000713000000, 0x0000000713000000|100%| O|  |TAMS 0x0000000713000000, 0x0000000712e00000| Untracked 
| 152|0x0000000713000000, 0x0000000713200000, 0x0000000713200000|100%| O|  |TAMS 0x0000000713200000, 0x0000000713000000| Untracked 
| 153|0x0000000713200000, 0x0000000713400000, 0x0000000713400000|100%| O|  |TAMS 0x0000000713400000, 0x0000000713200000| Untracked 
| 154|0x0000000713400000, 0x0000000713600000, 0x0000000713600000|100%| O|  |TAMS 0x0000000713600000, 0x0000000713400000| Untracked 
| 155|0x0000000713600000, 0x0000000713800000, 0x0000000713800000|100%| O|  |TAMS 0x0000000713800000, 0x0000000713600000| Untracked 
| 156|0x0000000713800000, 0x0000000713a00000, 0x0000000713a00000|100%| O|  |TAMS 0x0000000713a00000, 0x0000000713800000| Untracked 
| 157|0x0000000713a00000, 0x0000000713c00000, 0x0000000713c00000|100%| O|  |TAMS 0x0000000713c00000, 0x0000000713a00000| Untracked 
| 158|0x0000000713c00000, 0x0000000713e00000, 0x0000000713e00000|100%| O|  |TAMS 0x0000000713e00000, 0x0000000713c00000| Untracked 
| 159|0x0000000713e00000, 0x0000000714000000, 0x0000000714000000|100%| O|  |TAMS 0x0000000714000000, 0x0000000713e00000| Untracked 
| 160|0x0000000714000000, 0x0000000714200000, 0x0000000714200000|100%| O|  |TAMS 0x0000000714200000, 0x0000000714000000| Untracked 
| 161|0x0000000714200000, 0x0000000714400000, 0x0000000714400000|100%| O|  |TAMS 0x0000000714400000, 0x0000000714200000| Untracked 
| 162|0x0000000714400000, 0x0000000714600000, 0x0000000714600000|100%| O|  |TAMS 0x0000000714600000, 0x0000000714400000| Untracked 
| 163|0x0000000714600000, 0x0000000714800000, 0x0000000714800000|100%| O|  |TAMS 0x0000000714800000, 0x0000000714600000| Untracked 
| 164|0x0000000714800000, 0x0000000714a00000, 0x0000000714a00000|100%| O|  |TAMS 0x0000000714a00000, 0x0000000714800000| Untracked 
| 165|0x0000000714a00000, 0x0000000714c00000, 0x0000000714c00000|100%| O|  |TAMS 0x0000000714c00000, 0x0000000714a00000| Untracked 
| 166|0x0000000714c00000, 0x0000000714e00000, 0x0000000714e00000|100%| O|  |TAMS 0x0000000714e00000, 0x0000000714c00000| Untracked 
| 167|0x0000000714e00000, 0x0000000715000000, 0x0000000715000000|100%| O|  |TAMS 0x0000000715000000, 0x0000000714e00000| Untracked 
| 168|0x0000000715000000, 0x0000000715200000, 0x0000000715200000|100%| O|  |TAMS 0x0000000715200000, 0x0000000715000000| Untracked 
| 169|0x0000000715200000, 0x0000000715400000, 0x0000000715400000|100%| O|  |TAMS 0x0000000715400000, 0x0000000715200000| Untracked 
| 170|0x0000000715400000, 0x0000000715600000, 0x0000000715600000|100%| O|  |TAMS 0x0000000715600000, 0x0000000715400000| Untracked 
| 171|0x0000000715600000, 0x0000000715800000, 0x0000000715800000|100%| O|  |TAMS 0x0000000715800000, 0x0000000715600000| Complete 
| 172|0x0000000715800000, 0x0000000715a00000, 0x0000000715a00000|100%| O|  |TAMS 0x0000000715a00000, 0x0000000715800000| Untracked 
| 173|0x0000000715a00000, 0x0000000715c00000, 0x0000000715c00000|100%| O|  |TAMS 0x0000000715c00000, 0x0000000715a00000| Untracked 
| 174|0x0000000715c00000, 0x0000000715e00000, 0x0000000715e00000|100%| O|  |TAMS 0x0000000715e00000, 0x0000000715c00000| Untracked 
| 175|0x0000000715e00000, 0x0000000716000000, 0x0000000716000000|100%| O|  |TAMS 0x0000000716000000, 0x0000000715e00000| Untracked 
| 176|0x0000000716000000, 0x0000000716200000, 0x0000000716200000|100%| O|  |TAMS 0x0000000716200000, 0x0000000716000000| Untracked 
| 177|0x0000000716200000, 0x0000000716400000, 0x0000000716400000|100%| O|  |TAMS 0x0000000716400000, 0x0000000716200000| Untracked 
| 178|0x0000000716400000, 0x0000000716600000, 0x0000000716600000|100%| O|  |TAMS 0x0000000716600000, 0x0000000716400000| Untracked 
| 179|0x0000000716600000, 0x0000000716800000, 0x0000000716800000|100%| O|  |TAMS 0x0000000716800000, 0x0000000716600000| Untracked 
| 180|0x0000000716800000, 0x0000000716a00000, 0x0000000716a00000|100%| O|  |TAMS 0x0000000716a00000, 0x0000000716800000| Untracked 
| 181|0x0000000716a00000, 0x0000000716c00000, 0x0000000716c00000|100%| O|  |TAMS 0x0000000716c00000, 0x0000000716a00000| Untracked 
| 182|0x0000000716c00000, 0x0000000716e00000, 0x0000000716e00000|100%| O|  |TAMS 0x0000000716e00000, 0x0000000716c00000| Untracked 
| 183|0x0000000716e00000, 0x0000000717000000, 0x0000000717000000|100%| O|  |TAMS 0x0000000717000000, 0x0000000716e00000| Untracked 
| 184|0x0000000717000000, 0x0000000717200000, 0x0000000717200000|100%| O|  |TAMS 0x0000000717200000, 0x0000000717000000| Untracked 
| 185|0x0000000717200000, 0x0000000717400000, 0x0000000717400000|100%| O|  |TAMS 0x0000000717400000, 0x0000000717200000| Untracked 
| 186|0x0000000717400000, 0x0000000717600000, 0x0000000717600000|100%| O|  |TAMS 0x0000000717600000, 0x0000000717400000| Untracked 
| 187|0x0000000717600000, 0x0000000717800000, 0x0000000717800000|100%| O|  |TAMS 0x0000000717800000, 0x0000000717600000| Untracked 
| 188|0x0000000717800000, 0x0000000717a00000, 0x0000000717a00000|100%| O|  |TAMS 0x0000000717a00000, 0x0000000717800000| Untracked 
| 189|0x0000000717a00000, 0x0000000717c00000, 0x0000000717c00000|100%|HS|  |TAMS 0x0000000717c00000, 0x0000000717a00000| Complete 
| 190|0x0000000717c00000, 0x0000000717e00000, 0x0000000717e00000|100%| O|  |TAMS 0x0000000717e00000, 0x0000000717c00000| Untracked 
| 191|0x0000000717e00000, 0x0000000718000000, 0x0000000718000000|100%| O|  |TAMS 0x0000000718000000, 0x0000000717e00000| Untracked 
| 192|0x0000000718000000, 0x0000000718200000, 0x0000000718200000|100%| O|  |TAMS 0x0000000718200000, 0x0000000718000000| Untracked 
| 193|0x0000000718200000, 0x0000000718400000, 0x0000000718400000|100%| O|  |TAMS 0x0000000718400000, 0x0000000718200000| Untracked 
| 194|0x0000000718400000, 0x0000000718600000, 0x0000000718600000|100%| O|  |TAMS 0x0000000718600000, 0x0000000718400000| Untracked 
| 195|0x0000000718600000, 0x0000000718800000, 0x0000000718800000|100%| O|  |TAMS 0x0000000718800000, 0x0000000718600000| Untracked 
| 196|0x0000000718800000, 0x0000000718a00000, 0x0000000718a00000|100%| O|  |TAMS 0x0000000718a00000, 0x0000000718800000| Untracked 
| 197|0x0000000718a00000, 0x0000000718c00000, 0x0000000718c00000|100%| O|  |TAMS 0x0000000718c00000, 0x0000000718a00000| Untracked 
| 198|0x0000000718c00000, 0x0000000718e00000, 0x0000000718e00000|100%| O|  |TAMS 0x0000000718e00000, 0x0000000718c00000| Untracked 
| 199|0x0000000718e00000, 0x0000000719000000, 0x0000000719000000|100%| O|  |TAMS 0x0000000719000000, 0x0000000718e00000| Untracked 
| 200|0x0000000719000000, 0x0000000719200000, 0x0000000719200000|100%| O|  |TAMS 0x0000000719200000, 0x0000000719000000| Untracked 
| 201|0x0000000719200000, 0x0000000719400000, 0x0000000719400000|100%| O|  |TAMS 0x0000000719400000, 0x0000000719200000| Untracked 
| 202|0x0000000719400000, 0x0000000719600000, 0x0000000719600000|100%| O|  |TAMS 0x0000000719600000, 0x0000000719400000| Untracked 
| 203|0x0000000719600000, 0x0000000719800000, 0x0000000719800000|100%| O|  |TAMS 0x0000000719800000, 0x0000000719600000| Complete 
| 204|0x0000000719800000, 0x0000000719a00000, 0x0000000719a00000|100%|HS|  |TAMS 0x0000000719a00000, 0x0000000719800000| Complete 
| 205|0x0000000719a00000, 0x0000000719c00000, 0x0000000719c00000|100%| O|  |TAMS 0x0000000719c00000, 0x0000000719a00000| Untracked 
| 206|0x0000000719c00000, 0x0000000719e00000, 0x0000000719e00000|100%| O|  |TAMS 0x0000000719e00000, 0x0000000719c00000| Untracked 
| 207|0x0000000719e00000, 0x000000071a000000, 0x000000071a000000|100%| O|  |TAMS 0x000000071a000000, 0x0000000719e00000| Untracked 
| 208|0x000000071a000000, 0x000000071a200000, 0x000000071a200000|100%| O|  |TAMS 0x000000071a200000, 0x000000071a000000| Untracked 
| 209|0x000000071a200000, 0x000000071a400000, 0x000000071a400000|100%| O|  |TAMS 0x000000071a400000, 0x000000071a200000| Untracked 
| 210|0x000000071a400000, 0x000000071a600000, 0x000000071a600000|100%| O|  |TAMS 0x000000071a600000, 0x000000071a400000| Untracked 
| 211|0x000000071a600000, 0x000000071a800000, 0x000000071a800000|100%| O|  |TAMS 0x000000071a800000, 0x000000071a600000| Untracked 
| 212|0x000000071a800000, 0x000000071aa00000, 0x000000071aa00000|100%| O|  |TAMS 0x000000071aa00000, 0x000000071a800000| Complete 
| 213|0x000000071aa00000, 0x000000071ac00000, 0x000000071ac00000|100%| O|  |TAMS 0x000000071ac00000, 0x000000071aa00000| Complete 
| 214|0x000000071ac00000, 0x000000071ae00000, 0x000000071ae00000|100%| O|  |TAMS 0x000000071ae00000, 0x000000071ac00000| Untracked 
| 215|0x000000071ae00000, 0x000000071b000000, 0x000000071b000000|100%| O|  |TAMS 0x000000071b000000, 0x000000071ae00000| Complete 
| 216|0x000000071b000000, 0x000000071b200000, 0x000000071b200000|100%|HS|  |TAMS 0x000000071b200000, 0x000000071b000000| Complete 
| 217|0x000000071b200000, 0x000000071b400000, 0x000000071b400000|100%| O|  |TAMS 0x000000071b400000, 0x000000071b200000| Untracked 
| 218|0x000000071b400000, 0x000000071b600000, 0x000000071b600000|100%| O|  |TAMS 0x000000071b600000, 0x000000071b400000| Untracked 
| 219|0x000000071b600000, 0x000000071b800000, 0x000000071b800000|100%| O|  |TAMS 0x000000071b800000, 0x000000071b600000| Untracked 
| 220|0x000000071b800000, 0x000000071ba00000, 0x000000071ba00000|100%| O|  |TAMS 0x000000071ba00000, 0x000000071b800000| Untracked 
| 221|0x000000071ba00000, 0x000000071bc00000, 0x000000071bc00000|100%| O|  |TAMS 0x000000071bc00000, 0x000000071ba00000| Untracked 
| 222|0x000000071bc00000, 0x000000071be00000, 0x000000071be00000|100%| O|  |TAMS 0x000000071be00000, 0x000000071bc00000| Untracked 
| 223|0x000000071be00000, 0x000000071c000000, 0x000000071c000000|100%| O|  |TAMS 0x000000071c000000, 0x000000071be00000| Untracked 
| 224|0x000000071c000000, 0x000000071c200000, 0x000000071c200000|100%| O|  |TAMS 0x000000071c200000, 0x000000071c000000| Untracked 
| 225|0x000000071c200000, 0x000000071c400000, 0x000000071c400000|100%| O|  |TAMS 0x000000071c400000, 0x000000071c200000| Untracked 
| 226|0x000000071c400000, 0x000000071c600000, 0x000000071c600000|100%| O|  |TAMS 0x000000071c600000, 0x000000071c400000| Untracked 
| 227|0x000000071c600000, 0x000000071c800000, 0x000000071c800000|100%| O|  |TAMS 0x000000071c800000, 0x000000071c600000| Untracked 
| 228|0x000000071c800000, 0x000000071ca00000, 0x000000071ca00000|100%| O|  |TAMS 0x000000071ca00000, 0x000000071c800000| Untracked 
| 229|0x000000071ca00000, 0x000000071cc00000, 0x000000071cc00000|100%|HS|  |TAMS 0x000000071cc00000, 0x000000071ca00000| Complete 
| 230|0x000000071cc00000, 0x000000071cc00000, 0x000000071ce00000|  0%| F|  |TAMS 0x000000071cc00000, 0x000000071cc00000| Untracked 
| 231|0x000000071ce00000, 0x000000071d000000, 0x000000071d000000|100%| O|  |TAMS 0x000000071d000000, 0x000000071ce00000| Untracked 
| 232|0x000000071d000000, 0x000000071d200000, 0x000000071d200000|100%| O|  |TAMS 0x000000071d200000, 0x000000071d000000| Untracked 
| 233|0x000000071d200000, 0x000000071d400000, 0x000000071d400000|100%| O|  |TAMS 0x000000071d400000, 0x000000071d200000| Untracked 
| 234|0x000000071d400000, 0x000000071d600000, 0x000000071d600000|100%| O|  |TAMS 0x000000071d600000, 0x000000071d400000| Untracked 
| 235|0x000000071d600000, 0x000000071d800000, 0x000000071d800000|100%| O|  |TAMS 0x000000071d800000, 0x000000071d600000| Untracked 
| 236|0x000000071d800000, 0x000000071da00000, 0x000000071da00000|100%| O|  |TAMS 0x000000071da00000, 0x000000071d800000| Untracked 
| 237|0x000000071da00000, 0x000000071dc00000, 0x000000071dc00000|100%| O|  |TAMS 0x000000071dc00000, 0x000000071da00000| Untracked 
| 238|0x000000071dc00000, 0x000000071de00000, 0x000000071de00000|100%| O|  |TAMS 0x000000071de00000, 0x000000071dc00000| Untracked 
| 239|0x000000071de00000, 0x000000071e000000, 0x000000071e000000|100%| O|  |TAMS 0x000000071e000000, 0x000000071de00000| Untracked 
| 240|0x000000071e000000, 0x000000071e000000, 0x000000071e200000|  0%| F|  |TAMS 0x000000071e000000, 0x000000071e000000| Untracked 
| 241|0x000000071e200000, 0x000000071e400000, 0x000000071e400000|100%| O|  |TAMS 0x000000071e400000, 0x000000071e200000| Untracked 
| 242|0x000000071e400000, 0x000000071e600000, 0x000000071e600000|100%| O|  |TAMS 0x000000071e600000, 0x000000071e400000| Untracked 
| 243|0x000000071e600000, 0x000000071e800000, 0x000000071e800000|100%| O|  |TAMS 0x000000071e800000, 0x000000071e600000| Untracked 
| 244|0x000000071e800000, 0x000000071ea00000, 0x000000071ea00000|100%| O|  |TAMS 0x000000071ea00000, 0x000000071e800000| Untracked 
| 245|0x000000071ea00000, 0x000000071ec00000, 0x000000071ec00000|100%| O|  |TAMS 0x000000071ec00000, 0x000000071ea00000| Untracked 
| 246|0x000000071ec00000, 0x000000071ee00000, 0x000000071ee00000|100%| O|  |TAMS 0x000000071ee00000, 0x000000071ec00000| Untracked 
| 247|0x000000071ee00000, 0x000000071f000000, 0x000000071f000000|100%| O|  |TAMS 0x000000071f000000, 0x000000071ee00000| Untracked 
| 248|0x000000071f000000, 0x000000071f200000, 0x000000071f200000|100%| O|  |TAMS 0x000000071f200000, 0x000000071f000000| Untracked 
| 249|0x000000071f200000, 0x000000071f400000, 0x000000071f400000|100%| O|  |TAMS 0x000000071f400000, 0x000000071f200000| Untracked 
| 250|0x000000071f400000, 0x000000071f600000, 0x000000071f600000|100%| O|  |TAMS 0x000000071f600000, 0x000000071f400000| Untracked 
| 251|0x000000071f600000, 0x000000071f800000, 0x000000071f800000|100%| O|  |TAMS 0x000000071f800000, 0x000000071f600000| Untracked 
| 252|0x000000071f800000, 0x000000071fa00000, 0x000000071fa00000|100%| O|  |TAMS 0x000000071fa00000, 0x000000071f800000| Untracked 
| 253|0x000000071fa00000, 0x000000071fc00000, 0x000000071fc00000|100%| O|  |TAMS 0x000000071fc00000, 0x000000071fa00000| Untracked 
| 254|0x000000071fc00000, 0x000000071fe00000, 0x000000071fe00000|100%| O|  |TAMS 0x000000071fe00000, 0x000000071fc00000| Untracked 
| 255|0x000000071fe00000, 0x0000000720000000, 0x0000000720000000|100%| O|  |TAMS 0x0000000720000000, 0x000000071fe00000| Untracked 
| 256|0x0000000720000000, 0x0000000720200000, 0x0000000720200000|100%| O|  |TAMS 0x0000000720200000, 0x0000000720000000| Untracked 
| 257|0x0000000720200000, 0x0000000720400000, 0x0000000720400000|100%| O|  |TAMS 0x0000000720400000, 0x0000000720200000| Untracked 
| 258|0x0000000720400000, 0x0000000720600000, 0x0000000720600000|100%| O|  |TAMS 0x0000000720600000, 0x0000000720400000| Untracked 
| 259|0x0000000720600000, 0x0000000720800000, 0x0000000720800000|100%| O|  |TAMS 0x0000000720800000, 0x0000000720600000| Untracked 
| 260|0x0000000720800000, 0x0000000720a00000, 0x0000000720a00000|100%| O|  |TAMS 0x0000000720a00000, 0x0000000720800000| Complete 
| 261|0x0000000720a00000, 0x0000000720c00000, 0x0000000720c00000|100%| O|  |TAMS 0x0000000720c00000, 0x0000000720a00000| Untracked 
| 262|0x0000000720c00000, 0x0000000720e00000, 0x0000000720e00000|100%| O|  |TAMS 0x0000000720e00000, 0x0000000720c00000| Untracked 
| 263|0x0000000720e00000, 0x0000000721000000, 0x0000000721000000|100%| O|  |TAMS 0x0000000721000000, 0x0000000720e00000| Untracked 
| 264|0x0000000721000000, 0x0000000721200000, 0x0000000721200000|100%| O|  |TAMS 0x0000000721200000, 0x0000000721000000| Untracked 
| 265|0x0000000721200000, 0x0000000721400000, 0x0000000721400000|100%| O|  |TAMS 0x0000000721400000, 0x0000000721200000| Untracked 
| 266|0x0000000721400000, 0x0000000721600000, 0x0000000721600000|100%| O|  |TAMS 0x0000000721600000, 0x0000000721400000| Untracked 
| 267|0x0000000721600000, 0x0000000721600000, 0x0000000721800000|  0%| F|  |TAMS 0x0000000721600000, 0x0000000721600000| Untracked 
| 268|0x0000000721800000, 0x0000000721a00000, 0x0000000721a00000|100%| O|  |TAMS 0x0000000721a00000, 0x0000000721800000| Untracked 
| 269|0x0000000721a00000, 0x0000000721c00000, 0x0000000721c00000|100%| O|  |TAMS 0x0000000721c00000, 0x0000000721a00000| Complete 
| 270|0x0000000721c00000, 0x0000000721e00000, 0x0000000721e00000|100%|HS|  |TAMS 0x0000000721e00000, 0x0000000721c00000| Complete 
| 271|0x0000000721e00000, 0x0000000722000000, 0x0000000722000000|100%|HC|  |TAMS 0x0000000722000000, 0x0000000721e00000| Complete 
| 272|0x0000000722000000, 0x0000000722200000, 0x0000000722200000|100%|HS|  |TAMS 0x0000000722200000, 0x0000000722000000| Complete 
| 273|0x0000000722200000, 0x0000000722400000, 0x0000000722400000|100%|HC|  |TAMS 0x0000000722400000, 0x0000000722200000| Complete 
| 274|0x0000000722400000, 0x0000000722600000, 0x0000000722600000|100%| O|  |TAMS 0x0000000722600000, 0x0000000722400000| Untracked 
| 275|0x0000000722600000, 0x0000000722800000, 0x0000000722800000|100%| O|  |TAMS 0x0000000722800000, 0x0000000722600000| Untracked 
| 276|0x0000000722800000, 0x0000000722a00000, 0x0000000722a00000|100%| O|  |TAMS 0x0000000722a00000, 0x0000000722800000| Untracked 
| 277|0x0000000722a00000, 0x0000000722c00000, 0x0000000722c00000|100%| O|  |TAMS 0x0000000722c00000, 0x0000000722a00000| Untracked 
| 278|0x0000000722c00000, 0x0000000722c00000, 0x0000000722e00000|  0%| F|  |TAMS 0x0000000722c00000, 0x0000000722c00000| Untracked 
| 279|0x0000000722e00000, 0x0000000723000000, 0x0000000723000000|100%| O|  |TAMS 0x0000000723000000, 0x0000000722e00000| Untracked 
| 280|0x0000000723000000, 0x0000000723200000, 0x0000000723200000|100%| O|  |TAMS 0x0000000723200000, 0x0000000723000000| Untracked 
| 281|0x0000000723200000, 0x0000000723400000, 0x0000000723400000|100%| O|  |TAMS 0x0000000723400000, 0x0000000723200000| Untracked 
| 282|0x0000000723400000, 0x0000000723600000, 0x0000000723600000|100%| O|  |TAMS 0x0000000723600000, 0x0000000723400000| Untracked 
| 283|0x0000000723600000, 0x0000000723800000, 0x0000000723800000|100%| O|  |TAMS 0x0000000723800000, 0x0000000723600000| Complete 
| 284|0x0000000723800000, 0x0000000723a00000, 0x0000000723a00000|100%| O|  |TAMS 0x0000000723a00000, 0x0000000723800000| Untracked 
| 285|0x0000000723a00000, 0x0000000723c00000, 0x0000000723c00000|100%| O|  |TAMS 0x0000000723c00000, 0x0000000723a00000| Untracked 
| 286|0x0000000723c00000, 0x0000000723e00000, 0x0000000723e00000|100%| O|  |TAMS 0x0000000723e00000, 0x0000000723c00000| Untracked 
| 287|0x0000000723e00000, 0x0000000723e00000, 0x0000000724000000|  0%| F|  |TAMS 0x0000000723e00000, 0x0000000723e00000| Untracked 
| 288|0x0000000724000000, 0x0000000724200000, 0x0000000724200000|100%|HS|  |TAMS 0x0000000724200000, 0x0000000724000000| Complete 
| 289|0x0000000724200000, 0x0000000724400000, 0x0000000724400000|100%| O|  |TAMS 0x0000000724400000, 0x0000000724200000| Complete 
| 290|0x0000000724400000, 0x0000000724400000, 0x0000000724600000|  0%| F|  |TAMS 0x0000000724400000, 0x0000000724400000| Untracked 
| 291|0x0000000724600000, 0x0000000724800000, 0x0000000724800000|100%| O|  |TAMS 0x0000000724800000, 0x0000000724600000| Untracked 
| 292|0x0000000724800000, 0x0000000724a00000, 0x0000000724a00000|100%| O|  |TAMS 0x0000000724a00000, 0x0000000724800000| Untracked 
| 293|0x0000000724a00000, 0x0000000724c00000, 0x0000000724c00000|100%|HS|  |TAMS 0x0000000724a00000, 0x0000000724a00000| Complete 
| 294|0x0000000724c00000, 0x0000000724e00000, 0x0000000724e00000|100%|HC|  |TAMS 0x0000000724c00000, 0x0000000724c00000| Complete 
| 295|0x0000000724e00000, 0x0000000724e00000, 0x0000000725000000|  0%| F|  |TAMS 0x0000000724e00000, 0x0000000724e00000| Untracked 
| 296|0x0000000725000000, 0x0000000725000000, 0x0000000725200000|  0%| F|  |TAMS 0x0000000725000000, 0x0000000725000000| Untracked 
| 297|0x0000000725200000, 0x0000000725400000, 0x0000000725400000|100%| O|  |TAMS 0x0000000725400000, 0x0000000725200000| Untracked 
| 298|0x0000000725400000, 0x0000000725600000, 0x0000000725600000|100%|HS|  |TAMS 0x0000000725600000, 0x0000000725400000| Complete 
| 299|0x0000000725600000, 0x0000000725800000, 0x0000000725800000|100%| O|  |TAMS 0x0000000725800000, 0x0000000725600000| Untracked 
| 300|0x0000000725800000, 0x0000000725a00000, 0x0000000725a00000|100%| O|  |TAMS 0x0000000725a00000, 0x0000000725800000| Untracked 
| 301|0x0000000725a00000, 0x0000000725c00000, 0x0000000725c00000|100%| O|  |TAMS 0x0000000725c00000, 0x0000000725a00000| Untracked 
| 302|0x0000000725c00000, 0x0000000725e00000, 0x0000000725e00000|100%| O|  |TAMS 0x0000000725e00000, 0x0000000725c00000| Untracked 
| 303|0x0000000725e00000, 0x0000000726000000, 0x0000000726000000|100%| O|  |TAMS 0x0000000726000000, 0x0000000725e00000| Untracked 
| 304|0x0000000726000000, 0x0000000726200000, 0x0000000726200000|100%| O|  |TAMS 0x0000000726200000, 0x0000000726000000| Untracked 
| 305|0x0000000726200000, 0x0000000726400000, 0x0000000726400000|100%| O|  |TAMS 0x0000000726400000, 0x0000000726200000| Untracked 
| 306|0x0000000726400000, 0x0000000726600000, 0x0000000726600000|100%| O|  |TAMS 0x0000000726600000, 0x0000000726400000| Complete 
| 307|0x0000000726600000, 0x0000000726800000, 0x0000000726800000|100%| O|  |TAMS 0x0000000726800000, 0x0000000726600000| Complete 
| 308|0x0000000726800000, 0x0000000726a00000, 0x0000000726a00000|100%| O|  |TAMS 0x0000000726a00000, 0x0000000726800000| Untracked 
| 309|0x0000000726a00000, 0x0000000726c00000, 0x0000000726c00000|100%| O|  |TAMS 0x0000000726c00000, 0x0000000726a00000| Untracked 
| 310|0x0000000726c00000, 0x0000000726e00000, 0x0000000726e00000|100%| O|  |TAMS 0x0000000726e00000, 0x0000000726c00000| Untracked 
| 311|0x0000000726e00000, 0x0000000727000000, 0x0000000727000000|100%| O|  |TAMS 0x0000000727000000, 0x0000000726e00000| Complete 
| 312|0x0000000727000000, 0x0000000727200000, 0x0000000727200000|100%| O|  |TAMS 0x0000000727200000, 0x0000000727000000| Untracked 
| 313|0x0000000727200000, 0x0000000727400000, 0x0000000727400000|100%| O|  |TAMS 0x0000000727400000, 0x0000000727200000| Untracked 
| 314|0x0000000727400000, 0x0000000727600000, 0x0000000727600000|100%| O|  |TAMS 0x0000000727600000, 0x0000000727400000| Untracked 
| 315|0x0000000727600000, 0x0000000727800000, 0x0000000727800000|100%| O|  |TAMS 0x0000000727800000, 0x0000000727600000| Untracked 
| 316|0x0000000727800000, 0x0000000727a00000, 0x0000000727a00000|100%| O|  |TAMS 0x0000000727a00000, 0x0000000727800000| Untracked 
| 317|0x0000000727a00000, 0x0000000727c00000, 0x0000000727c00000|100%| O|  |TAMS 0x0000000727c00000, 0x0000000727a00000| Untracked 
| 318|0x0000000727c00000, 0x0000000727e00000, 0x0000000727e00000|100%| O|  |TAMS 0x0000000727e00000, 0x0000000727c00000| Untracked 
| 319|0x0000000727e00000, 0x0000000728000000, 0x0000000728000000|100%| O|  |TAMS 0x0000000728000000, 0x0000000727e00000| Untracked 
| 320|0x0000000728000000, 0x0000000728200000, 0x0000000728200000|100%| O|  |TAMS 0x0000000728200000, 0x0000000728000000| Untracked 
| 321|0x0000000728200000, 0x0000000728400000, 0x0000000728400000|100%| O|  |TAMS 0x0000000728400000, 0x0000000728200000| Untracked 
| 322|0x0000000728400000, 0x0000000728600000, 0x0000000728600000|100%| O|  |TAMS 0x0000000728600000, 0x0000000728400000| Untracked 
| 323|0x0000000728600000, 0x0000000728800000, 0x0000000728800000|100%| O|  |TAMS 0x0000000728800000, 0x0000000728600000| Untracked 
| 324|0x0000000728800000, 0x0000000728a00000, 0x0000000728a00000|100%| O|  |TAMS 0x0000000728a00000, 0x0000000728800000| Untracked 
| 325|0x0000000728a00000, 0x0000000728c00000, 0x0000000728c00000|100%| O|  |TAMS 0x0000000728c00000, 0x0000000728a00000| Untracked 
| 326|0x0000000728c00000, 0x0000000728e00000, 0x0000000728e00000|100%| O|  |TAMS 0x0000000728e00000, 0x0000000728c00000| Complete 
| 327|0x0000000728e00000, 0x0000000729000000, 0x0000000729000000|100%| O|  |TAMS 0x0000000729000000, 0x0000000728e00000| Untracked 
| 328|0x0000000729000000, 0x0000000729200000, 0x0000000729200000|100%| O|  |TAMS 0x0000000729200000, 0x0000000729000000| Untracked 
| 329|0x0000000729200000, 0x0000000729400000, 0x0000000729400000|100%| O|  |TAMS 0x0000000729400000, 0x0000000729200000| Untracked 
| 330|0x0000000729400000, 0x0000000729600000, 0x0000000729600000|100%| O|  |TAMS 0x0000000729600000, 0x0000000729400000| Untracked 
| 331|0x0000000729600000, 0x0000000729800000, 0x0000000729800000|100%| O|  |TAMS 0x0000000729800000, 0x0000000729600000| Untracked 
| 332|0x0000000729800000, 0x0000000729a00000, 0x0000000729a00000|100%| O|  |TAMS 0x0000000729a00000, 0x0000000729800000| Untracked 
| 333|0x0000000729a00000, 0x0000000729c00000, 0x0000000729c00000|100%| O|  |TAMS 0x0000000729c00000, 0x0000000729a00000| Untracked 
| 334|0x0000000729c00000, 0x0000000729e00000, 0x0000000729e00000|100%| O|  |TAMS 0x0000000729e00000, 0x0000000729c00000| Untracked 
| 335|0x0000000729e00000, 0x000000072a000000, 0x000000072a000000|100%| O|  |TAMS 0x000000072a000000, 0x0000000729e00000| Untracked 
| 336|0x000000072a000000, 0x000000072a200000, 0x000000072a200000|100%| O|  |TAMS 0x000000072a200000, 0x000000072a000000| Untracked 
| 337|0x000000072a200000, 0x000000072a400000, 0x000000072a400000|100%| O|  |TAMS 0x000000072a400000, 0x000000072a200000| Untracked 
| 338|0x000000072a400000, 0x000000072a600000, 0x000000072a600000|100%| O|  |TAMS 0x000000072a600000, 0x000000072a400000| Untracked 
| 339|0x000000072a600000, 0x000000072a800000, 0x000000072a800000|100%| O|  |TAMS 0x000000072a800000, 0x000000072a600000| Untracked 
| 340|0x000000072a800000, 0x000000072aa00000, 0x000000072aa00000|100%| O|  |TAMS 0x000000072aa00000, 0x000000072a800000| Untracked 
| 341|0x000000072aa00000, 0x000000072ac00000, 0x000000072ac00000|100%| O|  |TAMS 0x000000072ac00000, 0x000000072aa00000| Untracked 
| 342|0x000000072ac00000, 0x000000072ae00000, 0x000000072ae00000|100%| O|  |TAMS 0x000000072ae00000, 0x000000072ac00000| Untracked 
| 343|0x000000072ae00000, 0x000000072b000000, 0x000000072b000000|100%| O|  |TAMS 0x000000072b000000, 0x000000072ae00000| Untracked 
| 344|0x000000072b000000, 0x000000072b0d2200, 0x000000072b200000| 41%| O|  |TAMS 0x000000072b0d2200, 0x000000072b000000| Untracked 
| 345|0x000000072b200000, 0x000000072b200000, 0x000000072b400000|  0%| F|  |TAMS 0x000000072b200000, 0x000000072b200000| Untracked 
| 346|0x000000072b400000, 0x000000072b400000, 0x000000072b600000|  0%| F|  |TAMS 0x000000072b400000, 0x000000072b400000| Untracked 
| 347|0x000000072b600000, 0x000000072b600000, 0x000000072b800000|  0%| F|  |TAMS 0x000000072b600000, 0x000000072b600000| Untracked 
| 348|0x000000072b800000, 0x000000072b800000, 0x000000072ba00000|  0%| F|  |TAMS 0x000000072b800000, 0x000000072b800000| Untracked 
| 349|0x000000072ba00000, 0x000000072ba00000, 0x000000072bc00000|  0%| F|  |TAMS 0x000000072ba00000, 0x000000072ba00000| Untracked 
| 350|0x000000072bc00000, 0x000000072bc00000, 0x000000072be00000|  0%| F|  |TAMS 0x000000072bc00000, 0x000000072bc00000| Untracked 
| 351|0x000000072be00000, 0x000000072be00000, 0x000000072c000000|  0%| F|  |TAMS 0x000000072be00000, 0x000000072be00000| Untracked 
| 352|0x000000072c000000, 0x000000072c000000, 0x000000072c200000|  0%| F|  |TAMS 0x000000072c000000, 0x000000072c000000| Untracked 
| 353|0x000000072c200000, 0x000000072c200000, 0x000000072c400000|  0%| F|  |TAMS 0x000000072c200000, 0x000000072c200000| Untracked 
| 354|0x000000072c400000, 0x000000072c400000, 0x000000072c600000|  0%| F|  |TAMS 0x000000072c400000, 0x000000072c400000| Untracked 
| 355|0x000000072c600000, 0x000000072c600000, 0x000000072c800000|  0%| F|  |TAMS 0x000000072c600000, 0x000000072c600000| Untracked 
| 356|0x000000072c800000, 0x000000072c800000, 0x000000072ca00000|  0%| F|  |TAMS 0x000000072c800000, 0x000000072c800000| Untracked 
| 357|0x000000072ca00000, 0x000000072ca00000, 0x000000072cc00000|  0%| F|  |TAMS 0x000000072ca00000, 0x000000072ca00000| Untracked 
| 358|0x000000072cc00000, 0x000000072cc00000, 0x000000072ce00000|  0%| F|  |TAMS 0x000000072cc00000, 0x000000072cc00000| Untracked 
| 359|0x000000072ce00000, 0x000000072ce00000, 0x000000072d000000|  0%| F|  |TAMS 0x000000072ce00000, 0x000000072ce00000| Untracked 
| 360|0x000000072d000000, 0x000000072d000000, 0x000000072d200000|  0%| F|  |TAMS 0x000000072d000000, 0x000000072d000000| Untracked 
| 361|0x000000072d200000, 0x000000072d200000, 0x000000072d400000|  0%| F|  |TAMS 0x000000072d200000, 0x000000072d200000| Untracked 
| 362|0x000000072d400000, 0x000000072d400000, 0x000000072d600000|  0%| F|  |TAMS 0x000000072d400000, 0x000000072d400000| Untracked 
| 363|0x000000072d600000, 0x000000072d600000, 0x000000072d800000|  0%| F|  |TAMS 0x000000072d600000, 0x000000072d600000| Untracked 
| 364|0x000000072d800000, 0x000000072d800000, 0x000000072da00000|  0%| F|  |TAMS 0x000000072d800000, 0x000000072d800000| Untracked 
| 365|0x000000072da00000, 0x000000072da00000, 0x000000072dc00000|  0%| F|  |TAMS 0x000000072da00000, 0x000000072da00000| Untracked 
| 366|0x000000072dc00000, 0x000000072dc00000, 0x000000072de00000|  0%| F|  |TAMS 0x000000072dc00000, 0x000000072dc00000| Untracked 
| 367|0x000000072de00000, 0x000000072de00000, 0x000000072e000000|  0%| F|  |TAMS 0x000000072de00000, 0x000000072de00000| Untracked 
| 368|0x000000072e000000, 0x000000072e000000, 0x000000072e200000|  0%| F|  |TAMS 0x000000072e000000, 0x000000072e000000| Untracked 
| 369|0x000000072e200000, 0x000000072e200000, 0x000000072e400000|  0%| F|  |TAMS 0x000000072e200000, 0x000000072e200000| Untracked 
| 370|0x000000072e400000, 0x000000072e400000, 0x000000072e600000|  0%| F|  |TAMS 0x000000072e400000, 0x000000072e400000| Untracked 
| 371|0x000000072e600000, 0x000000072e600000, 0x000000072e800000|  0%| F|  |TAMS 0x000000072e600000, 0x000000072e600000| Untracked 
| 372|0x000000072e800000, 0x000000072e800000, 0x000000072ea00000|  0%| F|  |TAMS 0x000000072e800000, 0x000000072e800000| Untracked 
| 373|0x000000072ea00000, 0x000000072ea00000, 0x000000072ec00000|  0%| F|  |TAMS 0x000000072ea00000, 0x000000072ea00000| Untracked 
| 374|0x000000072ec00000, 0x000000072ec00000, 0x000000072ee00000|  0%| F|  |TAMS 0x000000072ec00000, 0x000000072ec00000| Untracked 
| 375|0x000000072ee00000, 0x000000072ee00000, 0x000000072f000000|  0%| F|  |TAMS 0x000000072ee00000, 0x000000072ee00000| Untracked 
| 376|0x000000072f000000, 0x000000072f000000, 0x000000072f200000|  0%| F|  |TAMS 0x000000072f000000, 0x000000072f000000| Untracked 
| 377|0x000000072f200000, 0x000000072f200000, 0x000000072f400000|  0%| F|  |TAMS 0x000000072f200000, 0x000000072f200000| Untracked 
| 378|0x000000072f400000, 0x000000072f400000, 0x000000072f600000|  0%| F|  |TAMS 0x000000072f400000, 0x000000072f400000| Untracked 
| 379|0x000000072f600000, 0x000000072f600000, 0x000000072f800000|  0%| F|  |TAMS 0x000000072f600000, 0x000000072f600000| Untracked 
| 380|0x000000072f800000, 0x000000072f800000, 0x000000072fa00000|  0%| F|  |TAMS 0x000000072f800000, 0x000000072f800000| Untracked 
| 381|0x000000072fa00000, 0x000000072fa00000, 0x000000072fc00000|  0%| F|  |TAMS 0x000000072fa00000, 0x000000072fa00000| Untracked 
| 382|0x000000072fc00000, 0x000000072fc00000, 0x000000072fe00000|  0%| F|  |TAMS 0x000000072fc00000, 0x000000072fc00000| Untracked 
| 383|0x000000072fe00000, 0x000000072fe00000, 0x0000000730000000|  0%| F|  |TAMS 0x000000072fe00000, 0x000000072fe00000| Untracked 
| 384|0x0000000730000000, 0x0000000730000000, 0x0000000730200000|  0%| F|  |TAMS 0x0000000730000000, 0x0000000730000000| Untracked 
| 385|0x0000000730200000, 0x0000000730200000, 0x0000000730400000|  0%| F|  |TAMS 0x0000000730200000, 0x0000000730200000| Untracked 
| 386|0x0000000730400000, 0x0000000730400000, 0x0000000730600000|  0%| F|  |TAMS 0x0000000730400000, 0x0000000730400000| Untracked 
| 387|0x0000000730600000, 0x0000000730600000, 0x0000000730800000|  0%| F|  |TAMS 0x0000000730600000, 0x0000000730600000| Untracked 
| 388|0x0000000730800000, 0x0000000730800000, 0x0000000730a00000|  0%| F|  |TAMS 0x0000000730800000, 0x0000000730800000| Untracked 
| 389|0x0000000730a00000, 0x0000000730a00000, 0x0000000730c00000|  0%| F|  |TAMS 0x0000000730a00000, 0x0000000730a00000| Untracked 
| 390|0x0000000730c00000, 0x0000000730c00000, 0x0000000730e00000|  0%| F|  |TAMS 0x0000000730c00000, 0x0000000730c00000| Untracked 
| 391|0x0000000730e00000, 0x0000000730e00000, 0x0000000731000000|  0%| F|  |TAMS 0x0000000730e00000, 0x0000000730e00000| Untracked 
| 392|0x0000000731000000, 0x0000000731000000, 0x0000000731200000|  0%| F|  |TAMS 0x0000000731000000, 0x0000000731000000| Untracked 
| 393|0x0000000731200000, 0x0000000731200000, 0x0000000731400000|  0%| F|  |TAMS 0x0000000731200000, 0x0000000731200000| Untracked 
| 394|0x0000000731400000, 0x0000000731400000, 0x0000000731600000|  0%| F|  |TAMS 0x0000000731400000, 0x0000000731400000| Untracked 
| 395|0x0000000731600000, 0x0000000731600000, 0x0000000731800000|  0%| F|  |TAMS 0x0000000731600000, 0x0000000731600000| Untracked 
| 396|0x0000000731800000, 0x0000000731800000, 0x0000000731a00000|  0%| F|  |TAMS 0x0000000731800000, 0x0000000731800000| Untracked 
| 397|0x0000000731a00000, 0x0000000731a00000, 0x0000000731c00000|  0%| F|  |TAMS 0x0000000731a00000, 0x0000000731a00000| Untracked 
| 398|0x0000000731c00000, 0x0000000731c00000, 0x0000000731e00000|  0%| F|  |TAMS 0x0000000731c00000, 0x0000000731c00000| Untracked 
| 399|0x0000000731e00000, 0x0000000731e00000, 0x0000000732000000|  0%| F|  |TAMS 0x0000000731e00000, 0x0000000731e00000| Untracked 
| 400|0x0000000732000000, 0x0000000732000000, 0x0000000732200000|  0%| F|  |TAMS 0x0000000732000000, 0x0000000732000000| Untracked 
| 401|0x0000000732200000, 0x0000000732200000, 0x0000000732400000|  0%| F|  |TAMS 0x0000000732200000, 0x0000000732200000| Untracked 
| 402|0x0000000732400000, 0x0000000732400000, 0x0000000732600000|  0%| F|  |TAMS 0x0000000732400000, 0x0000000732400000| Untracked 
| 403|0x0000000732600000, 0x0000000732600000, 0x0000000732800000|  0%| F|  |TAMS 0x0000000732600000, 0x0000000732600000| Untracked 
| 404|0x0000000732800000, 0x0000000732800000, 0x0000000732a00000|  0%| F|  |TAMS 0x0000000732800000, 0x0000000732800000| Untracked 
| 405|0x0000000732a00000, 0x0000000732a00000, 0x0000000732c00000|  0%| F|  |TAMS 0x0000000732a00000, 0x0000000732a00000| Untracked 
| 406|0x0000000732c00000, 0x0000000732c00000, 0x0000000732e00000|  0%| F|  |TAMS 0x0000000732c00000, 0x0000000732c00000| Untracked 
| 407|0x0000000732e00000, 0x0000000732e00000, 0x0000000733000000|  0%| F|  |TAMS 0x0000000732e00000, 0x0000000732e00000| Untracked 
| 408|0x0000000733000000, 0x0000000733000000, 0x0000000733200000|  0%| F|  |TAMS 0x0000000733000000, 0x0000000733000000| Untracked 
| 409|0x0000000733200000, 0x0000000733200000, 0x0000000733400000|  0%| F|  |TAMS 0x0000000733200000, 0x0000000733200000| Untracked 
| 410|0x0000000733400000, 0x0000000733400000, 0x0000000733600000|  0%| F|  |TAMS 0x0000000733400000, 0x0000000733400000| Untracked 
| 411|0x0000000733600000, 0x0000000733600000, 0x0000000733800000|  0%| F|  |TAMS 0x0000000733600000, 0x0000000733600000| Untracked 
| 412|0x0000000733800000, 0x0000000733800000, 0x0000000733a00000|  0%| F|  |TAMS 0x0000000733800000, 0x0000000733800000| Untracked 
| 413|0x0000000733a00000, 0x0000000733a00000, 0x0000000733c00000|  0%| F|  |TAMS 0x0000000733a00000, 0x0000000733a00000| Untracked 
| 414|0x0000000733c00000, 0x0000000733c00000, 0x0000000733e00000|  0%| F|  |TAMS 0x0000000733c00000, 0x0000000733c00000| Untracked 
| 415|0x0000000733e00000, 0x0000000733e00000, 0x0000000734000000|  0%| F|  |TAMS 0x0000000733e00000, 0x0000000733e00000| Untracked 
| 416|0x0000000734000000, 0x0000000734000000, 0x0000000734200000|  0%| F|  |TAMS 0x0000000734000000, 0x0000000734000000| Untracked 
| 417|0x0000000734200000, 0x0000000734200000, 0x0000000734400000|  0%| F|  |TAMS 0x0000000734200000, 0x0000000734200000| Untracked 
| 418|0x0000000734400000, 0x0000000734400000, 0x0000000734600000|  0%| F|  |TAMS 0x0000000734400000, 0x0000000734400000| Untracked 
| 419|0x0000000734600000, 0x0000000734600000, 0x0000000734800000|  0%| F|  |TAMS 0x0000000734600000, 0x0000000734600000| Untracked 
| 420|0x0000000734800000, 0x0000000734800000, 0x0000000734a00000|  0%| F|  |TAMS 0x0000000734800000, 0x0000000734800000| Untracked 
| 421|0x0000000734a00000, 0x0000000734a00000, 0x0000000734c00000|  0%| F|  |TAMS 0x0000000734a00000, 0x0000000734a00000| Untracked 
| 422|0x0000000734c00000, 0x0000000734c00000, 0x0000000734e00000|  0%| F|  |TAMS 0x0000000734c00000, 0x0000000734c00000| Untracked 
| 423|0x0000000734e00000, 0x0000000734e00000, 0x0000000735000000|  0%| F|  |TAMS 0x0000000734e00000, 0x0000000734e00000| Untracked 
| 424|0x0000000735000000, 0x0000000735000000, 0x0000000735200000|  0%| F|  |TAMS 0x0000000735000000, 0x0000000735000000| Untracked 
| 425|0x0000000735200000, 0x0000000735200000, 0x0000000735400000|  0%| F|  |TAMS 0x0000000735200000, 0x0000000735200000| Untracked 
| 426|0x0000000735400000, 0x0000000735415c90, 0x0000000735600000|  4%| S|CS|TAMS 0x0000000735400000, 0x0000000735400000| Complete 
| 427|0x0000000735600000, 0x0000000735800000, 0x0000000735800000|100%| S|CS|TAMS 0x0000000735600000, 0x0000000735600000| Complete 
| 428|0x0000000735800000, 0x0000000735a00000, 0x0000000735a00000|100%| S|CS|TAMS 0x0000000735800000, 0x0000000735800000| Complete 
| 429|0x0000000735a00000, 0x0000000735c00000, 0x0000000735c00000|100%| S|CS|TAMS 0x0000000735a00000, 0x0000000735a00000| Complete 
| 430|0x0000000735c00000, 0x0000000735e00000, 0x0000000735e00000|100%| S|CS|TAMS 0x0000000735c00000, 0x0000000735c00000| Complete 
| 431|0x0000000735e00000, 0x0000000736000000, 0x0000000736000000|100%| S|CS|TAMS 0x0000000735e00000, 0x0000000735e00000| Complete 
| 432|0x0000000736000000, 0x0000000736200000, 0x0000000736200000|100%| S|CS|TAMS 0x0000000736000000, 0x0000000736000000| Complete 
| 433|0x0000000736200000, 0x0000000736400000, 0x0000000736400000|100%| S|CS|TAMS 0x0000000736200000, 0x0000000736200000| Complete 
| 434|0x0000000736400000, 0x0000000736600000, 0x0000000736600000|100%| S|CS|TAMS 0x0000000736400000, 0x0000000736400000| Complete 
| 435|0x0000000736600000, 0x0000000736800000, 0x0000000736800000|100%| S|CS|TAMS 0x0000000736600000, 0x0000000736600000| Complete 
| 436|0x0000000736800000, 0x0000000736a00000, 0x0000000736a00000|100%| S|CS|TAMS 0x0000000736800000, 0x0000000736800000| Complete 
| 437|0x0000000736a00000, 0x0000000736c00000, 0x0000000736c00000|100%| S|CS|TAMS 0x0000000736a00000, 0x0000000736a00000| Complete 
| 438|0x0000000736c00000, 0x0000000736e00000, 0x0000000736e00000|100%| S|CS|TAMS 0x0000000736c00000, 0x0000000736c00000| Complete 
| 439|0x0000000736e00000, 0x0000000737000000, 0x0000000737000000|100%| S|CS|TAMS 0x0000000736e00000, 0x0000000736e00000| Complete 
| 440|0x0000000737000000, 0x0000000737000000, 0x0000000737200000|  0%| F|  |TAMS 0x0000000737000000, 0x0000000737000000| Untracked 
| 441|0x0000000737200000, 0x0000000737200000, 0x0000000737400000|  0%| F|  |TAMS 0x0000000737200000, 0x0000000737200000| Untracked 
| 442|0x0000000737400000, 0x0000000737400000, 0x0000000737600000|  0%| F|  |TAMS 0x0000000737400000, 0x0000000737400000| Untracked 
| 443|0x0000000737600000, 0x0000000737600000, 0x0000000737800000|  0%| F|  |TAMS 0x0000000737600000, 0x0000000737600000| Untracked 
| 444|0x0000000737800000, 0x0000000737800000, 0x0000000737a00000|  0%| F|  |TAMS 0x0000000737800000, 0x0000000737800000| Untracked 
| 445|0x0000000737a00000, 0x0000000737a00000, 0x0000000737c00000|  0%| F|  |TAMS 0x0000000737a00000, 0x0000000737a00000| Untracked 
| 446|0x0000000737c00000, 0x0000000737c00000, 0x0000000737e00000|  0%| F|  |TAMS 0x0000000737c00000, 0x0000000737c00000| Untracked 
| 447|0x0000000737e00000, 0x0000000737e00000, 0x0000000738000000|  0%| F|  |TAMS 0x0000000737e00000, 0x0000000737e00000| Untracked 
| 448|0x0000000738000000, 0x0000000738000000, 0x0000000738200000|  0%| F|  |TAMS 0x0000000738000000, 0x0000000738000000| Untracked 
| 449|0x0000000738200000, 0x0000000738200000, 0x0000000738400000|  0%| F|  |TAMS 0x0000000738200000, 0x0000000738200000| Untracked 
| 450|0x0000000738400000, 0x0000000738400000, 0x0000000738600000|  0%| F|  |TAMS 0x0000000738400000, 0x0000000738400000| Untracked 
| 451|0x0000000738600000, 0x0000000738600000, 0x0000000738800000|  0%| F|  |TAMS 0x0000000738600000, 0x0000000738600000| Untracked 
| 452|0x0000000738800000, 0x0000000738800000, 0x0000000738a00000|  0%| F|  |TAMS 0x0000000738800000, 0x0000000738800000| Untracked 
| 453|0x0000000738a00000, 0x0000000738a00000, 0x0000000738c00000|  0%| F|  |TAMS 0x0000000738a00000, 0x0000000738a00000| Untracked 
| 454|0x0000000738c00000, 0x0000000738c00000, 0x0000000738e00000|  0%| F|  |TAMS 0x0000000738c00000, 0x0000000738c00000| Untracked 
| 455|0x0000000738e00000, 0x0000000738e00000, 0x0000000739000000|  0%| F|  |TAMS 0x0000000738e00000, 0x0000000738e00000| Untracked 
| 456|0x0000000739000000, 0x0000000739000000, 0x0000000739200000|  0%| F|  |TAMS 0x0000000739000000, 0x0000000739000000| Untracked 
| 457|0x0000000739200000, 0x0000000739200000, 0x0000000739400000|  0%| F|  |TAMS 0x0000000739200000, 0x0000000739200000| Untracked 
| 458|0x0000000739400000, 0x0000000739400000, 0x0000000739600000|  0%| F|  |TAMS 0x0000000739400000, 0x0000000739400000| Untracked 
| 459|0x0000000739600000, 0x0000000739600000, 0x0000000739800000|  0%| F|  |TAMS 0x0000000739600000, 0x0000000739600000| Untracked 
| 460|0x0000000739800000, 0x0000000739800000, 0x0000000739a00000|  0%| F|  |TAMS 0x0000000739800000, 0x0000000739800000| Untracked 
| 461|0x0000000739a00000, 0x0000000739a00000, 0x0000000739c00000|  0%| F|  |TAMS 0x0000000739a00000, 0x0000000739a00000| Untracked 
| 462|0x0000000739c00000, 0x0000000739c00000, 0x0000000739e00000|  0%| F|  |TAMS 0x0000000739c00000, 0x0000000739c00000| Untracked 
| 463|0x0000000739e00000, 0x0000000739e00000, 0x000000073a000000|  0%| F|  |TAMS 0x0000000739e00000, 0x0000000739e00000| Untracked 
| 464|0x000000073a000000, 0x000000073a000000, 0x000000073a200000|  0%| F|  |TAMS 0x000000073a000000, 0x000000073a000000| Untracked 
| 465|0x000000073a200000, 0x000000073a200000, 0x000000073a400000|  0%| F|  |TAMS 0x000000073a200000, 0x000000073a200000| Untracked 
| 466|0x000000073a400000, 0x000000073a400000, 0x000000073a600000|  0%| F|  |TAMS 0x000000073a400000, 0x000000073a400000| Untracked 
| 467|0x000000073a600000, 0x000000073a600000, 0x000000073a800000|  0%| F|  |TAMS 0x000000073a600000, 0x000000073a600000| Untracked 
| 468|0x000000073a800000, 0x000000073a800000, 0x000000073aa00000|  0%| F|  |TAMS 0x000000073a800000, 0x000000073a800000| Untracked 
| 469|0x000000073aa00000, 0x000000073aa00000, 0x000000073ac00000|  0%| F|  |TAMS 0x000000073aa00000, 0x000000073aa00000| Untracked 
| 470|0x000000073ac00000, 0x000000073ac00000, 0x000000073ae00000|  0%| F|  |TAMS 0x000000073ac00000, 0x000000073ac00000| Untracked 
| 471|0x000000073ae00000, 0x000000073ae00000, 0x000000073b000000|  0%| F|  |TAMS 0x000000073ae00000, 0x000000073ae00000| Untracked 
| 472|0x000000073b000000, 0x000000073b000000, 0x000000073b200000|  0%| F|  |TAMS 0x000000073b000000, 0x000000073b000000| Untracked 
| 473|0x000000073b200000, 0x000000073b200000, 0x000000073b400000|  0%| F|  |TAMS 0x000000073b200000, 0x000000073b200000| Untracked 
| 474|0x000000073b400000, 0x000000073b400000, 0x000000073b600000|  0%| F|  |TAMS 0x000000073b400000, 0x000000073b400000| Untracked 
| 475|0x000000073b600000, 0x000000073b600000, 0x000000073b800000|  0%| F|  |TAMS 0x000000073b600000, 0x000000073b600000| Untracked 
| 476|0x000000073b800000, 0x000000073b800000, 0x000000073ba00000|  0%| F|  |TAMS 0x000000073b800000, 0x000000073b800000| Untracked 
| 477|0x000000073ba00000, 0x000000073ba00000, 0x000000073bc00000|  0%| F|  |TAMS 0x000000073ba00000, 0x000000073ba00000| Untracked 
| 478|0x000000073bc00000, 0x000000073bc00000, 0x000000073be00000|  0%| F|  |TAMS 0x000000073bc00000, 0x000000073bc00000| Untracked 
| 479|0x000000073be00000, 0x000000073be00000, 0x000000073c000000|  0%| F|  |TAMS 0x000000073be00000, 0x000000073be00000| Untracked 
| 480|0x000000073c000000, 0x000000073c000000, 0x000000073c200000|  0%| F|  |TAMS 0x000000073c000000, 0x000000073c000000| Untracked 
| 481|0x000000073c200000, 0x000000073c200000, 0x000000073c400000|  0%| F|  |TAMS 0x000000073c200000, 0x000000073c200000| Untracked 
| 482|0x000000073c400000, 0x000000073c400000, 0x000000073c600000|  0%| F|  |TAMS 0x000000073c400000, 0x000000073c400000| Untracked 
| 483|0x000000073c600000, 0x000000073c600000, 0x000000073c800000|  0%| F|  |TAMS 0x000000073c600000, 0x000000073c600000| Untracked 
| 484|0x000000073c800000, 0x000000073c800000, 0x000000073ca00000|  0%| F|  |TAMS 0x000000073c800000, 0x000000073c800000| Untracked 
| 485|0x000000073ca00000, 0x000000073ca00000, 0x000000073cc00000|  0%| F|  |TAMS 0x000000073ca00000, 0x000000073ca00000| Untracked 
| 486|0x000000073cc00000, 0x000000073cc00000, 0x000000073ce00000|  0%| F|  |TAMS 0x000000073cc00000, 0x000000073cc00000| Untracked 
| 487|0x000000073ce00000, 0x000000073ce00000, 0x000000073d000000|  0%| F|  |TAMS 0x000000073ce00000, 0x000000073ce00000| Untracked 
| 488|0x000000073d000000, 0x000000073d000000, 0x000000073d200000|  0%| F|  |TAMS 0x000000073d000000, 0x000000073d000000| Untracked 
| 489|0x000000073d200000, 0x000000073d200000, 0x000000073d400000|  0%| F|  |TAMS 0x000000073d200000, 0x000000073d200000| Untracked 
| 490|0x000000073d400000, 0x000000073d400000, 0x000000073d600000|  0%| F|  |TAMS 0x000000073d400000, 0x000000073d400000| Untracked 
| 491|0x000000073d600000, 0x000000073d600000, 0x000000073d800000|  0%| F|  |TAMS 0x000000073d600000, 0x000000073d600000| Untracked 
| 492|0x000000073d800000, 0x000000073d800000, 0x000000073da00000|  0%| F|  |TAMS 0x000000073d800000, 0x000000073d800000| Untracked 
| 493|0x000000073da00000, 0x000000073da00000, 0x000000073dc00000|  0%| F|  |TAMS 0x000000073da00000, 0x000000073da00000| Untracked 
| 494|0x000000073dc00000, 0x000000073dc00000, 0x000000073de00000|  0%| F|  |TAMS 0x000000073dc00000, 0x000000073dc00000| Untracked 
| 495|0x000000073de00000, 0x000000073de00000, 0x000000073e000000|  0%| F|  |TAMS 0x000000073de00000, 0x000000073de00000| Untracked 
| 496|0x000000073e000000, 0x000000073e000000, 0x000000073e200000|  0%| F|  |TAMS 0x000000073e000000, 0x000000073e000000| Untracked 
| 497|0x000000073e200000, 0x000000073e200000, 0x000000073e400000|  0%| F|  |TAMS 0x000000073e200000, 0x000000073e200000| Untracked 
| 498|0x000000073e400000, 0x000000073e400000, 0x000000073e600000|  0%| F|  |TAMS 0x000000073e400000, 0x000000073e400000| Untracked 
| 499|0x000000073e600000, 0x000000073e600000, 0x000000073e800000|  0%| F|  |TAMS 0x000000073e600000, 0x000000073e600000| Untracked 
| 500|0x000000073e800000, 0x000000073e800000, 0x000000073ea00000|  0%| F|  |TAMS 0x000000073e800000, 0x000000073e800000| Untracked 
| 501|0x000000073ea00000, 0x000000073ea00000, 0x000000073ec00000|  0%| F|  |TAMS 0x000000073ea00000, 0x000000073ea00000| Untracked 
| 502|0x000000073ec00000, 0x000000073ec00000, 0x000000073ee00000|  0%| F|  |TAMS 0x000000073ec00000, 0x000000073ec00000| Untracked 
| 503|0x000000073ee00000, 0x000000073ee00000, 0x000000073f000000|  0%| F|  |TAMS 0x000000073ee00000, 0x000000073ee00000| Untracked 
| 504|0x000000073f000000, 0x000000073f000000, 0x000000073f200000|  0%| F|  |TAMS 0x000000073f000000, 0x000000073f000000| Untracked 
| 505|0x000000073f200000, 0x000000073f200000, 0x000000073f400000|  0%| F|  |TAMS 0x000000073f200000, 0x000000073f200000| Untracked 
| 506|0x000000073f400000, 0x000000073f400000, 0x000000073f600000|  0%| F|  |TAMS 0x000000073f400000, 0x000000073f400000| Untracked 
| 507|0x000000073f600000, 0x000000073f600000, 0x000000073f800000|  0%| F|  |TAMS 0x000000073f600000, 0x000000073f600000| Untracked 
| 508|0x000000073f800000, 0x000000073f800000, 0x000000073fa00000|  0%| F|  |TAMS 0x000000073f800000, 0x000000073f800000| Untracked 
| 509|0x000000073fa00000, 0x000000073fa00000, 0x000000073fc00000|  0%| F|  |TAMS 0x000000073fa00000, 0x000000073fa00000| Untracked 
| 510|0x000000073fc00000, 0x000000073fc00000, 0x000000073fe00000|  0%| F|  |TAMS 0x000000073fc00000, 0x000000073fc00000| Untracked 
| 511|0x000000073fe00000, 0x000000073fe00000, 0x0000000740000000|  0%| F|  |TAMS 0x000000073fe00000, 0x000000073fe00000| Untracked 
| 512|0x0000000740000000, 0x000000074009db10, 0x0000000740200000| 30%| E|  |TAMS 0x0000000740000000, 0x0000000740000000| Complete 
| 513|0x0000000740200000, 0x0000000740400000, 0x0000000740400000|100%| E|CS|TAMS 0x0000000740200000, 0x0000000740200000| Complete 
| 514|0x0000000740400000, 0x0000000740600000, 0x0000000740600000|100%| E|CS|TAMS 0x0000000740400000, 0x0000000740400000| Complete 
| 515|0x0000000740600000, 0x0000000740800000, 0x0000000740800000|100%| E|CS|TAMS 0x0000000740600000, 0x0000000740600000| Complete 
| 516|0x0000000740800000, 0x0000000740a00000, 0x0000000740a00000|100%| E|CS|TAMS 0x0000000740800000, 0x0000000740800000| Complete 
| 517|0x0000000740a00000, 0x0000000740c00000, 0x0000000740c00000|100%| E|CS|TAMS 0x0000000740a00000, 0x0000000740a00000| Complete 
| 518|0x0000000740c00000, 0x0000000740e00000, 0x0000000740e00000|100%| E|CS|TAMS 0x0000000740c00000, 0x0000000740c00000| Complete 
| 519|0x0000000740e00000, 0x0000000741000000, 0x0000000741000000|100%| E|CS|TAMS 0x0000000740e00000, 0x0000000740e00000| Complete 
| 520|0x0000000741000000, 0x0000000741200000, 0x0000000741200000|100%| E|CS|TAMS 0x0000000741000000, 0x0000000741000000| Complete 
| 521|0x0000000741200000, 0x0000000741400000, 0x0000000741400000|100%| E|CS|TAMS 0x0000000741200000, 0x0000000741200000| Complete 
| 522|0x0000000741400000, 0x0000000741600000, 0x0000000741600000|100%| E|CS|TAMS 0x0000000741400000, 0x0000000741400000| Complete 
| 523|0x0000000741600000, 0x0000000741800000, 0x0000000741800000|100%| E|CS|TAMS 0x0000000741600000, 0x0000000741600000| Complete 
| 524|0x0000000741800000, 0x0000000741a00000, 0x0000000741a00000|100%| E|CS|TAMS 0x0000000741800000, 0x0000000741800000| Complete 
| 525|0x0000000741a00000, 0x0000000741c00000, 0x0000000741c00000|100%| E|CS|TAMS 0x0000000741a00000, 0x0000000741a00000| Complete 
| 526|0x0000000741c00000, 0x0000000741e00000, 0x0000000741e00000|100%| E|CS|TAMS 0x0000000741c00000, 0x0000000741c00000| Complete 
| 527|0x0000000741e00000, 0x0000000742000000, 0x0000000742000000|100%| E|CS|TAMS 0x0000000741e00000, 0x0000000741e00000| Complete 
| 528|0x0000000742000000, 0x0000000742200000, 0x0000000742200000|100%| E|CS|TAMS 0x0000000742000000, 0x0000000742000000| Complete 
| 529|0x0000000742200000, 0x0000000742400000, 0x0000000742400000|100%| E|  |TAMS 0x0000000742200000, 0x0000000742200000| Complete 
| 530|0x0000000742400000, 0x0000000742600000, 0x0000000742600000|100%| E|CS|TAMS 0x0000000742400000, 0x0000000742400000| Complete 
| 531|0x0000000742600000, 0x0000000742800000, 0x0000000742800000|100%| E|CS|TAMS 0x0000000742600000, 0x0000000742600000| Complete 
| 532|0x0000000742800000, 0x0000000742a00000, 0x0000000742a00000|100%| E|CS|TAMS 0x0000000742800000, 0x0000000742800000| Complete 
| 533|0x0000000742a00000, 0x0000000742c00000, 0x0000000742c00000|100%| E|CS|TAMS 0x0000000742a00000, 0x0000000742a00000| Complete 
| 534|0x0000000742c00000, 0x0000000742e00000, 0x0000000742e00000|100%| E|CS|TAMS 0x0000000742c00000, 0x0000000742c00000| Complete 
| 535|0x0000000742e00000, 0x0000000743000000, 0x0000000743000000|100%| E|CS|TAMS 0x0000000742e00000, 0x0000000742e00000| Complete 
| 536|0x0000000743000000, 0x0000000743200000, 0x0000000743200000|100%| E|CS|TAMS 0x0000000743000000, 0x0000000743000000| Complete 
| 537|0x0000000743200000, 0x0000000743400000, 0x0000000743400000|100%| E|CS|TAMS 0x0000000743200000, 0x0000000743200000| Complete 
| 538|0x0000000743400000, 0x0000000743600000, 0x0000000743600000|100%| E|CS|TAMS 0x0000000743400000, 0x0000000743400000| Complete 
| 539|0x0000000743600000, 0x0000000743800000, 0x0000000743800000|100%| E|CS|TAMS 0x0000000743600000, 0x0000000743600000| Complete 
| 540|0x0000000743800000, 0x0000000743a00000, 0x0000000743a00000|100%| E|CS|TAMS 0x0000000743800000, 0x0000000743800000| Complete 
| 541|0x0000000743a00000, 0x0000000743c00000, 0x0000000743c00000|100%| E|CS|TAMS 0x0000000743a00000, 0x0000000743a00000| Complete 
| 542|0x0000000743c00000, 0x0000000743e00000, 0x0000000743e00000|100%| E|CS|TAMS 0x0000000743c00000, 0x0000000743c00000| Complete 
| 543|0x0000000743e00000, 0x0000000744000000, 0x0000000744000000|100%| E|CS|TAMS 0x0000000743e00000, 0x0000000743e00000| Complete 
| 544|0x0000000744000000, 0x0000000744200000, 0x0000000744200000|100%| E|CS|TAMS 0x0000000744000000, 0x0000000744000000| Complete 
| 545|0x0000000744200000, 0x0000000744400000, 0x0000000744400000|100%| E|CS|TAMS 0x0000000744200000, 0x0000000744200000| Complete 
| 546|0x0000000744400000, 0x0000000744600000, 0x0000000744600000|100%| E|CS|TAMS 0x0000000744400000, 0x0000000744400000| Complete 
| 547|0x0000000744600000, 0x0000000744800000, 0x0000000744800000|100%| E|CS|TAMS 0x0000000744600000, 0x0000000744600000| Complete 
| 548|0x0000000744800000, 0x0000000744a00000, 0x0000000744a00000|100%| E|CS|TAMS 0x0000000744800000, 0x0000000744800000| Complete 
| 549|0x0000000744a00000, 0x0000000744c00000, 0x0000000744c00000|100%| E|CS|TAMS 0x0000000744a00000, 0x0000000744a00000| Complete 
| 550|0x0000000744c00000, 0x0000000744e00000, 0x0000000744e00000|100%| E|CS|TAMS 0x0000000744c00000, 0x0000000744c00000| Complete 
| 551|0x0000000744e00000, 0x0000000745000000, 0x0000000745000000|100%| E|CS|TAMS 0x0000000744e00000, 0x0000000744e00000| Complete 
| 552|0x0000000745000000, 0x0000000745200000, 0x0000000745200000|100%| E|CS|TAMS 0x0000000745000000, 0x0000000745000000| Complete 
| 553|0x0000000745200000, 0x0000000745400000, 0x0000000745400000|100%| E|CS|TAMS 0x0000000745200000, 0x0000000745200000| Complete 
| 554|0x0000000745400000, 0x0000000745600000, 0x0000000745600000|100%| E|CS|TAMS 0x0000000745400000, 0x0000000745400000| Complete 
| 555|0x0000000745600000, 0x0000000745800000, 0x0000000745800000|100%| E|CS|TAMS 0x0000000745600000, 0x0000000745600000| Complete 
| 556|0x0000000745800000, 0x0000000745a00000, 0x0000000745a00000|100%| E|CS|TAMS 0x0000000745800000, 0x0000000745800000| Complete 
| 557|0x0000000745a00000, 0x0000000745c00000, 0x0000000745c00000|100%| E|CS|TAMS 0x0000000745a00000, 0x0000000745a00000| Complete 
| 558|0x0000000745c00000, 0x0000000745e00000, 0x0000000745e00000|100%| E|CS|TAMS 0x0000000745c00000, 0x0000000745c00000| Complete 
| 559|0x0000000745e00000, 0x0000000746000000, 0x0000000746000000|100%| E|CS|TAMS 0x0000000745e00000, 0x0000000745e00000| Complete 
| 560|0x0000000746000000, 0x0000000746200000, 0x0000000746200000|100%| E|CS|TAMS 0x0000000746000000, 0x0000000746000000| Complete 
| 561|0x0000000746200000, 0x0000000746400000, 0x0000000746400000|100%| E|CS|TAMS 0x0000000746200000, 0x0000000746200000| Complete 
| 562|0x0000000746400000, 0x0000000746600000, 0x0000000746600000|100%| E|CS|TAMS 0x0000000746400000, 0x0000000746400000| Complete 
| 563|0x0000000746600000, 0x0000000746800000, 0x0000000746800000|100%| E|CS|TAMS 0x0000000746600000, 0x0000000746600000| Complete 
| 564|0x0000000746800000, 0x0000000746a00000, 0x0000000746a00000|100%| E|CS|TAMS 0x0000000746800000, 0x0000000746800000| Complete 
| 565|0x0000000746a00000, 0x0000000746c00000, 0x0000000746c00000|100%| E|CS|TAMS 0x0000000746a00000, 0x0000000746a00000| Complete 
| 566|0x0000000746c00000, 0x0000000746e00000, 0x0000000746e00000|100%| E|CS|TAMS 0x0000000746c00000, 0x0000000746c00000| Complete 
| 567|0x0000000746e00000, 0x0000000747000000, 0x0000000747000000|100%| E|CS|TAMS 0x0000000746e00000, 0x0000000746e00000| Complete 
| 568|0x0000000747000000, 0x0000000747200000, 0x0000000747200000|100%| E|CS|TAMS 0x0000000747000000, 0x0000000747000000| Complete 
| 569|0x0000000747200000, 0x0000000747400000, 0x0000000747400000|100%| E|CS|TAMS 0x0000000747200000, 0x0000000747200000| Complete 
| 570|0x0000000747400000, 0x0000000747600000, 0x0000000747600000|100%| E|CS|TAMS 0x0000000747400000, 0x0000000747400000| Complete 
| 571|0x0000000747600000, 0x0000000747800000, 0x0000000747800000|100%| E|CS|TAMS 0x0000000747600000, 0x0000000747600000| Complete 
| 572|0x0000000747800000, 0x0000000747a00000, 0x0000000747a00000|100%| E|CS|TAMS 0x0000000747800000, 0x0000000747800000| Complete 
| 573|0x0000000747a00000, 0x0000000747c00000, 0x0000000747c00000|100%| E|CS|TAMS 0x0000000747a00000, 0x0000000747a00000| Complete 
| 574|0x0000000747c00000, 0x0000000747e00000, 0x0000000747e00000|100%| E|CS|TAMS 0x0000000747c00000, 0x0000000747c00000| Complete 
| 575|0x0000000747e00000, 0x0000000748000000, 0x0000000748000000|100%| E|CS|TAMS 0x0000000747e00000, 0x0000000747e00000| Complete 
| 576|0x0000000748000000, 0x0000000748200000, 0x0000000748200000|100%| E|CS|TAMS 0x0000000748000000, 0x0000000748000000| Complete 
| 577|0x0000000748200000, 0x0000000748400000, 0x0000000748400000|100%| E|CS|TAMS 0x0000000748200000, 0x0000000748200000| Complete 
| 578|0x0000000748400000, 0x0000000748600000, 0x0000000748600000|100%| E|CS|TAMS 0x0000000748400000, 0x0000000748400000| Complete 
| 579|0x0000000748600000, 0x0000000748800000, 0x0000000748800000|100%| E|CS|TAMS 0x0000000748600000, 0x0000000748600000| Complete 
| 580|0x0000000748800000, 0x0000000748a00000, 0x0000000748a00000|100%| E|CS|TAMS 0x0000000748800000, 0x0000000748800000| Complete 
| 581|0x0000000748a00000, 0x0000000748c00000, 0x0000000748c00000|100%| E|CS|TAMS 0x0000000748a00000, 0x0000000748a00000| Complete 
| 582|0x0000000748c00000, 0x0000000748e00000, 0x0000000748e00000|100%| E|CS|TAMS 0x0000000748c00000, 0x0000000748c00000| Complete 
| 583|0x0000000748e00000, 0x0000000749000000, 0x0000000749000000|100%| E|CS|TAMS 0x0000000748e00000, 0x0000000748e00000| Complete 
| 584|0x0000000749000000, 0x0000000749200000, 0x0000000749200000|100%| E|CS|TAMS 0x0000000749000000, 0x0000000749000000| Complete 
| 585|0x0000000749200000, 0x0000000749400000, 0x0000000749400000|100%| E|CS|TAMS 0x0000000749200000, 0x0000000749200000| Complete 
| 586|0x0000000749400000, 0x0000000749600000, 0x0000000749600000|100%| E|CS|TAMS 0x0000000749400000, 0x0000000749400000| Complete 
| 587|0x0000000749600000, 0x0000000749800000, 0x0000000749800000|100%| E|CS|TAMS 0x0000000749600000, 0x0000000749600000| Complete 
| 588|0x0000000749800000, 0x0000000749a00000, 0x0000000749a00000|100%| E|CS|TAMS 0x0000000749800000, 0x0000000749800000| Complete 
| 589|0x0000000749a00000, 0x0000000749c00000, 0x0000000749c00000|100%| E|CS|TAMS 0x0000000749a00000, 0x0000000749a00000| Complete 
| 590|0x0000000749c00000, 0x0000000749e00000, 0x0000000749e00000|100%| E|CS|TAMS 0x0000000749c00000, 0x0000000749c00000| Complete 
| 591|0x0000000749e00000, 0x000000074a000000, 0x000000074a000000|100%| E|CS|TAMS 0x0000000749e00000, 0x0000000749e00000| Complete 
| 592|0x000000074a000000, 0x000000074a200000, 0x000000074a200000|100%| E|CS|TAMS 0x000000074a000000, 0x000000074a000000| Complete 
| 593|0x000000074a200000, 0x000000074a400000, 0x000000074a400000|100%| E|CS|TAMS 0x000000074a200000, 0x000000074a200000| Complete 
| 594|0x000000074a400000, 0x000000074a600000, 0x000000074a600000|100%| E|CS|TAMS 0x000000074a400000, 0x000000074a400000| Complete 
| 595|0x000000074a600000, 0x000000074a800000, 0x000000074a800000|100%| E|CS|TAMS 0x000000074a600000, 0x000000074a600000| Complete 
| 596|0x000000074a800000, 0x000000074aa00000, 0x000000074aa00000|100%| E|CS|TAMS 0x000000074a800000, 0x000000074a800000| Complete 
| 597|0x000000074aa00000, 0x000000074ac00000, 0x000000074ac00000|100%| E|CS|TAMS 0x000000074aa00000, 0x000000074aa00000| Complete 
| 598|0x000000074ac00000, 0x000000074ae00000, 0x000000074ae00000|100%| E|CS|TAMS 0x000000074ac00000, 0x000000074ac00000| Complete 
| 599|0x000000074ae00000, 0x000000074b000000, 0x000000074b000000|100%| E|CS|TAMS 0x000000074ae00000, 0x000000074ae00000| Complete 
| 600|0x000000074b000000, 0x000000074b200000, 0x000000074b200000|100%| E|CS|TAMS 0x000000074b000000, 0x000000074b000000| Complete 
| 601|0x000000074b200000, 0x000000074b400000, 0x000000074b400000|100%| E|CS|TAMS 0x000000074b200000, 0x000000074b200000| Complete 
| 602|0x000000074b400000, 0x000000074b600000, 0x000000074b600000|100%| E|CS|TAMS 0x000000074b400000, 0x000000074b400000| Complete 
| 603|0x000000074b600000, 0x000000074b800000, 0x000000074b800000|100%| E|CS|TAMS 0x000000074b600000, 0x000000074b600000| Complete 
| 604|0x000000074b800000, 0x000000074ba00000, 0x000000074ba00000|100%| E|CS|TAMS 0x000000074b800000, 0x000000074b800000| Complete 
| 605|0x000000074ba00000, 0x000000074bc00000, 0x000000074bc00000|100%| E|CS|TAMS 0x000000074ba00000, 0x000000074ba00000| Complete 
| 606|0x000000074bc00000, 0x000000074be00000, 0x000000074be00000|100%| E|CS|TAMS 0x000000074bc00000, 0x000000074bc00000| Complete 
| 607|0x000000074be00000, 0x000000074c000000, 0x000000074c000000|100%| E|CS|TAMS 0x000000074be00000, 0x000000074be00000| Complete 
| 608|0x000000074c000000, 0x000000074c200000, 0x000000074c200000|100%| E|CS|TAMS 0x000000074c000000, 0x000000074c000000| Complete 
| 609|0x000000074c200000, 0x000000074c400000, 0x000000074c400000|100%| E|CS|TAMS 0x000000074c200000, 0x000000074c200000| Complete 
| 610|0x000000074c400000, 0x000000074c600000, 0x000000074c600000|100%| E|CS|TAMS 0x000000074c400000, 0x000000074c400000| Complete 
| 611|0x000000074c600000, 0x000000074c800000, 0x000000074c800000|100%| E|CS|TAMS 0x000000074c600000, 0x000000074c600000| Complete 
| 612|0x000000074c800000, 0x000000074ca00000, 0x000000074ca00000|100%| E|CS|TAMS 0x000000074c800000, 0x000000074c800000| Complete 
| 613|0x000000074ca00000, 0x000000074cc00000, 0x000000074cc00000|100%| E|CS|TAMS 0x000000074ca00000, 0x000000074ca00000| Complete 
| 614|0x000000074cc00000, 0x000000074ce00000, 0x000000074ce00000|100%| E|CS|TAMS 0x000000074cc00000, 0x000000074cc00000| Complete 
| 615|0x000000074ce00000, 0x000000074d000000, 0x000000074d000000|100%| E|CS|TAMS 0x000000074ce00000, 0x000000074ce00000| Complete 
| 616|0x000000074d000000, 0x000000074d200000, 0x000000074d200000|100%| E|CS|TAMS 0x000000074d000000, 0x000000074d000000| Complete 
| 617|0x000000074d200000, 0x000000074d400000, 0x000000074d400000|100%| E|CS|TAMS 0x000000074d200000, 0x000000074d200000| Complete 
| 618|0x000000074d400000, 0x000000074d600000, 0x000000074d600000|100%| E|CS|TAMS 0x000000074d400000, 0x000000074d400000| Complete 
| 619|0x000000074d600000, 0x000000074d800000, 0x000000074d800000|100%| E|CS|TAMS 0x000000074d600000, 0x000000074d600000| Complete 
| 620|0x000000074d800000, 0x000000074da00000, 0x000000074da00000|100%| E|CS|TAMS 0x000000074d800000, 0x000000074d800000| Complete 
| 621|0x000000074da00000, 0x000000074dc00000, 0x000000074dc00000|100%| E|CS|TAMS 0x000000074da00000, 0x000000074da00000| Complete 
| 622|0x000000074dc00000, 0x000000074de00000, 0x000000074de00000|100%| E|CS|TAMS 0x000000074dc00000, 0x000000074dc00000| Complete 
| 623|0x000000074de00000, 0x000000074e000000, 0x000000074e000000|100%| E|CS|TAMS 0x000000074de00000, 0x000000074de00000| Complete 
| 624|0x000000074e000000, 0x000000074e200000, 0x000000074e200000|100%| E|CS|TAMS 0x000000074e000000, 0x000000074e000000| Complete 
| 625|0x000000074e200000, 0x000000074e400000, 0x000000074e400000|100%| E|CS|TAMS 0x000000074e200000, 0x000000074e200000| Complete 
| 626|0x000000074e400000, 0x000000074e600000, 0x000000074e600000|100%| E|CS|TAMS 0x000000074e400000, 0x000000074e400000| Complete 
| 627|0x000000074e600000, 0x000000074e800000, 0x000000074e800000|100%| E|CS|TAMS 0x000000074e600000, 0x000000074e600000| Complete 
| 628|0x000000074e800000, 0x000000074ea00000, 0x000000074ea00000|100%| E|CS|TAMS 0x000000074e800000, 0x000000074e800000| Complete 
| 629|0x000000074ea00000, 0x000000074ec00000, 0x000000074ec00000|100%| E|CS|TAMS 0x000000074ea00000, 0x000000074ea00000| Complete 
| 630|0x000000074ec00000, 0x000000074ee00000, 0x000000074ee00000|100%| E|CS|TAMS 0x000000074ec00000, 0x000000074ec00000| Complete 
| 631|0x000000074ee00000, 0x000000074f000000, 0x000000074f000000|100%| E|CS|TAMS 0x000000074ee00000, 0x000000074ee00000| Complete 
| 632|0x000000074f000000, 0x000000074f200000, 0x000000074f200000|100%| E|CS|TAMS 0x000000074f000000, 0x000000074f000000| Complete 
| 633|0x000000074f200000, 0x000000074f400000, 0x000000074f400000|100%| E|CS|TAMS 0x000000074f200000, 0x000000074f200000| Complete 
| 634|0x000000074f400000, 0x000000074f600000, 0x000000074f600000|100%| E|CS|TAMS 0x000000074f400000, 0x000000074f400000| Complete 
| 635|0x000000074f600000, 0x000000074f800000, 0x000000074f800000|100%| E|CS|TAMS 0x000000074f600000, 0x000000074f600000| Complete 
| 636|0x000000074f800000, 0x000000074fa00000, 0x000000074fa00000|100%| E|CS|TAMS 0x000000074f800000, 0x000000074f800000| Complete 
| 637|0x000000074fa00000, 0x000000074fc00000, 0x000000074fc00000|100%| E|CS|TAMS 0x000000074fa00000, 0x000000074fa00000| Complete 
| 638|0x000000074fc00000, 0x000000074fe00000, 0x000000074fe00000|100%| E|CS|TAMS 0x000000074fc00000, 0x000000074fc00000| Complete 
| 639|0x000000074fe00000, 0x0000000750000000, 0x0000000750000000|100%| E|CS|TAMS 0x000000074fe00000, 0x000000074fe00000| Complete 
| 640|0x0000000750000000, 0x0000000750200000, 0x0000000750200000|100%| E|CS|TAMS 0x0000000750000000, 0x0000000750000000| Complete 
| 641|0x0000000750200000, 0x0000000750400000, 0x0000000750400000|100%| E|CS|TAMS 0x0000000750200000, 0x0000000750200000| Complete 
| 642|0x0000000750400000, 0x0000000750600000, 0x0000000750600000|100%| E|CS|TAMS 0x0000000750400000, 0x0000000750400000| Complete 
| 643|0x0000000750600000, 0x0000000750800000, 0x0000000750800000|100%| E|CS|TAMS 0x0000000750600000, 0x0000000750600000| Complete 
| 644|0x0000000750800000, 0x0000000750a00000, 0x0000000750a00000|100%| E|CS|TAMS 0x0000000750800000, 0x0000000750800000| Complete 
| 645|0x0000000750a00000, 0x0000000750c00000, 0x0000000750c00000|100%| E|CS|TAMS 0x0000000750a00000, 0x0000000750a00000| Complete 
| 646|0x0000000750c00000, 0x0000000750e00000, 0x0000000750e00000|100%| E|CS|TAMS 0x0000000750c00000, 0x0000000750c00000| Complete 
| 647|0x0000000750e00000, 0x0000000751000000, 0x0000000751000000|100%| E|CS|TAMS 0x0000000750e00000, 0x0000000750e00000| Complete 
| 648|0x0000000751000000, 0x0000000751200000, 0x0000000751200000|100%| E|CS|TAMS 0x0000000751000000, 0x0000000751000000| Complete 
| 649|0x0000000751200000, 0x0000000751400000, 0x0000000751400000|100%| E|CS|TAMS 0x0000000751200000, 0x0000000751200000| Complete 
| 650|0x0000000751400000, 0x0000000751600000, 0x0000000751600000|100%| E|CS|TAMS 0x0000000751400000, 0x0000000751400000| Complete 
| 651|0x0000000751600000, 0x0000000751800000, 0x0000000751800000|100%| E|CS|TAMS 0x0000000751600000, 0x0000000751600000| Complete 
| 652|0x0000000751800000, 0x0000000751a00000, 0x0000000751a00000|100%| E|CS|TAMS 0x0000000751800000, 0x0000000751800000| Complete 
| 653|0x0000000751a00000, 0x0000000751c00000, 0x0000000751c00000|100%| E|CS|TAMS 0x0000000751a00000, 0x0000000751a00000| Complete 
| 654|0x0000000751c00000, 0x0000000751e00000, 0x0000000751e00000|100%| E|CS|TAMS 0x0000000751c00000, 0x0000000751c00000| Complete 
| 655|0x0000000751e00000, 0x0000000752000000, 0x0000000752000000|100%| E|CS|TAMS 0x0000000751e00000, 0x0000000751e00000| Complete 
| 656|0x0000000752000000, 0x0000000752200000, 0x0000000752200000|100%| E|CS|TAMS 0x0000000752000000, 0x0000000752000000| Complete 
| 657|0x0000000752200000, 0x0000000752400000, 0x0000000752400000|100%| E|CS|TAMS 0x0000000752200000, 0x0000000752200000| Complete 
| 658|0x0000000752400000, 0x0000000752600000, 0x0000000752600000|100%| E|CS|TAMS 0x0000000752400000, 0x0000000752400000| Complete 
| 659|0x0000000752600000, 0x0000000752800000, 0x0000000752800000|100%| E|CS|TAMS 0x0000000752600000, 0x0000000752600000| Complete 
| 660|0x0000000752800000, 0x0000000752a00000, 0x0000000752a00000|100%| E|CS|TAMS 0x0000000752800000, 0x0000000752800000| Complete 
| 661|0x0000000752a00000, 0x0000000752c00000, 0x0000000752c00000|100%| E|CS|TAMS 0x0000000752a00000, 0x0000000752a00000| Complete 
| 662|0x0000000752c00000, 0x0000000752e00000, 0x0000000752e00000|100%| E|CS|TAMS 0x0000000752c00000, 0x0000000752c00000| Complete 
| 663|0x0000000752e00000, 0x0000000753000000, 0x0000000753000000|100%| E|CS|TAMS 0x0000000752e00000, 0x0000000752e00000| Complete 
| 664|0x0000000753000000, 0x0000000753200000, 0x0000000753200000|100%| E|CS|TAMS 0x0000000753000000, 0x0000000753000000| Complete 
| 665|0x0000000753200000, 0x0000000753400000, 0x0000000753400000|100%| E|CS|TAMS 0x0000000753200000, 0x0000000753200000| Complete 
| 666|0x0000000753400000, 0x0000000753600000, 0x0000000753600000|100%| E|CS|TAMS 0x0000000753400000, 0x0000000753400000| Complete 
| 667|0x0000000753600000, 0x0000000753800000, 0x0000000753800000|100%| E|CS|TAMS 0x0000000753600000, 0x0000000753600000| Complete 
| 668|0x0000000753800000, 0x0000000753a00000, 0x0000000753a00000|100%| E|CS|TAMS 0x0000000753800000, 0x0000000753800000| Complete 
| 669|0x0000000753a00000, 0x0000000753c00000, 0x0000000753c00000|100%| E|CS|TAMS 0x0000000753a00000, 0x0000000753a00000| Complete 
|2046|0x00000007ffc00000, 0x00000007ffd75000, 0x00000007ffe00000| 72%|OA|  |TAMS 0x00000007ffd75000, 0x00000007ffc00000| Untracked 
|2047|0x00000007ffe00000, 0x00000007ffe78000, 0x0000000800000000| 23%|CA|  |TAMS 0x00000007ffe78000, 0x00000007ffe00000| Untracked 

Card table byte_map: [0x00007fd5f0200000,0x00007fd5f0a00000] _byte_map_base: 0x00007fd5eca00000

Marking Bits (Prev, Next): (CMBitMap*) 0x00007fd5ec089e80, (CMBitMap*) 0x00007fd5ec089ec0
 Prev Bits: [0x00007fd5d0a00000, 0x00007fd5d4a00000)
 Next Bits: [0x00007fd5cca00000, 0x00007fd5d0a00000)

Polling page: 0x00007fd5f3b88000

Metaspace:

Usage:
  Non-class:    229.90 MB used.
      Class:     34.44 MB used.
       Both:    264.34 MB used.

Virtual space:
  Non-class space:      256.00 MB reserved,     232.00 MB ( 91%) committed,  4 nodes.
      Class space:      832.00 MB reserved,      36.06 MB (  4%) committed,  1 nodes.
             Both:        1.06 GB reserved,     268.06 MB ( 25%) committed. 

Chunk freelists:
   Non-Class:  7.06 MB
       Class:  11.97 MB
        Both:  19.03 MB

MaxMetaspaceSize: 1.00 GB
CompressedClassSpaceSize: 832.00 MB
Initial GC threshold: 21.00 MB
Current GC threshold: 401.50 MB
CDS: on
MetaspaceReclaimPolicy: balanced
 - commit_granule_bytes: 65536.
 - commit_granule_words: 8192.
 - virtual_space_node_default_size: 8388608.
 - enlarge_chunks_in_place: 1.
 - new_chunks_are_fully_committed: 0.
 - uncommit_free_chunks: 1.
 - use_allocation_guard: 0.
 - handle_deallocations: 1.


Internal statistics:

num_allocs_failed_limit: 93.
num_arena_births: 5048.
num_arena_deaths: 156.
num_vsnodes_births: 5.
num_vsnodes_deaths: 0.
num_space_committed: 4284.
num_space_uncommitted: 0.
num_chunks_returned_to_freelist: 376.
num_chunks_taken_from_freelist: 20225.
num_chunk_merges: 121.
num_chunk_splits: 11556.
num_chunks_enlarged: 5065.
num_inconsistent_stats: 0.

CodeHeap 'non-profiled nmethods': size=119168Kb used=25573Kb max_used=25760Kb free=93594Kb
 bounds [0x00007fd5dcda0000, 0x00007fd5de6d0000, 0x00007fd5e4200000]
CodeHeap 'profiled nmethods': size=119164Kb used=64547Kb max_used=64551Kb free=54616Kb
 bounds [0x00007fd5d5200000, 0x00007fd5d9110000, 0x00007fd5dc65f000]
CodeHeap 'non-nmethods': size=7428Kb used=4322Kb max_used=4449Kb free=3105Kb
 bounds [0x00007fd5dc65f000, 0x00007fd5dcabf000, 0x00007fd5dcda0000]
 total_blobs=32781 nmethods=31562 adapters=1127
 compilation: enabled
              stopped_count=0, restarted_count=0
 full_count=0

Compilation events (20 events):
Event: 43.221 Thread 0x00007fd55c4dc220 39732       2       com.intellij.psi.impl.source.PsiFileImpl::getProject (17 bytes)
Event: 43.221 Thread 0x00007fd55c4dc220 nmethod 39732 0x00007fd5d528a910 code [0x00007fd5d528aac0, 0x00007fd5d528ac30]
Event: 43.221 Thread 0x00007fd55c4dc220 39734       2       org.jetbrains.kotlin.cli.jvm.index.SingleJavaFileRootsIndex$JavaSourceClassIdReader::at (12 bytes)
Event: 43.221 Thread 0x00007fd55c4dc220 nmethod 39734 0x00007fd5d5571c90 code [0x00007fd5d5571e40, 0x00007fd5d5571fc0]
Event: 43.221 Thread 0x00007fd55c4dc220 39736       2       com.intellij.lang.java.lexer.BasicJavaLexer::getWhitespaces (8 bytes)
Event: 43.221 Thread 0x00007fd55c4dc220 nmethod 39736 0x00007fd5d57d8290 code [0x00007fd5d57d8440, 0x00007fd5d57d8560]
Event: 43.222 Thread 0x00007fd548196c50 nmethod 38337 0x00007fd5de479510 code [0x00007fd5de479900, 0x00007fd5de47eb60]
Event: 43.222 Thread 0x00007fd55c05def0 39737       2       org.jetbrains.kotlin.cli.jvm.index.SingleJavaFileRootsIndex$JavaSourceClassIdReader::end (16 bytes)
Event: 43.222 Thread 0x00007fd548196c50 39690       4       com.intellij.lang.impl.MarkerProduction::indexOf (69 bytes)
Event: 43.223 Thread 0x00007fd55c05def0 nmethod 39737 0x00007fd5d5566f10 code [0x00007fd5d55670c0, 0x00007fd5d5567220]
Event: 43.223 Thread 0x00007fd55c4da8f0 39738       2       org.jetbrains.kotlin.cli.jvm.index.SingleJavaFileRootsIndex$JavaSourceClassIdReader::advance (130 bytes)
Event: 43.224 Thread 0x00007fd55c4da8f0 nmethod 39738 0x00007fd5d5668810 code [0x00007fd5d5668a40, 0x00007fd5d5668f00]
Event: 43.225 Thread 0x00007fd5ec232bf0 39739       2       org.jetbrains.kotlin.cli.jvm.index.SingleJavaFileRootsIndex$JavaSourceClassIdReader::atClass (45 bytes)
Event: 43.226 Thread 0x00007fd5ec232bf0 nmethod 39739 0x00007fd5d5b20f10 code [0x00007fd5d5b21120, 0x00007fd5d5b21500]
Event: 43.231 Thread 0x00007fd55c05def0 39740       3       com.intellij.openapi.vfs.CharsetToolkit::guessFromContent (489 bytes)
Event: 43.233 Thread 0x00007fd55c05def0 nmethod 39740 0x00007fd5d90ddc10 code [0x00007fd5d90ddf60, 0x00007fd5d90dfb50]
Event: 43.237 Thread 0x00007fd55c4dc220 39741       3       org.jetbrains.kotlin.cli.jvm.index.SingleJavaFileRootsIndex$JavaSourceClassIdReader::end (16 bytes)
Event: 43.238 Thread 0x00007fd5ec232bf0 39742       3       org.jetbrains.kotlin.cli.jvm.index.SingleJavaFileRootsIndex$JavaSourceClassIdReader::advance (130 bytes)
Event: 43.238 Thread 0x00007fd55c4da8f0 39743       3       org.jetbrains.kotlin.cli.jvm.index.SingleJavaFileRootsIndex$JavaSourceClassIdReader::atClass (45 bytes)
Event: 43.238 Thread 0x00007fd55c05def0 39744       2       it.unimi.dsi.fastutil.ints.AbstractIntList::topInt (26 bytes)

GC Heap History (20 events):
Event: 33.066 GC heap before
{Heap before GC invocations=74 (full 0):
 garbage-first heap   total 907264K, used 788926K [0x0000000700000000, 0x0000000800000000)
  region size 2048K, 110 young (225280K), 9 survivors (18432K)
 Metaspace       used 166750K, committed 169984K, reserved 1048576K
  class space    used 22695K, committed 24064K, reserved 851968K
}
Event: 33.083 GC heap after
{Heap after GC invocations=75 (full 0):
 garbage-first heap   total 907264K, used 594619K [0x0000000700000000, 0x0000000800000000)
  region size 2048K, 14 young (28672K), 14 survivors (28672K)
 Metaspace       used 166750K, committed 169984K, reserved 1048576K
  class space    used 22695K, committed 24064K, reserved 851968K
}
Event: 34.019 GC heap before
{Heap before GC invocations=75 (full 0):
 garbage-first heap   total 907264K, used 766651K [0x0000000700000000, 0x0000000800000000)
  region size 2048K, 99 young (202752K), 14 survivors (28672K)
 Metaspace       used 189611K, committed 192960K, reserved 1048576K
  class space    used 24885K, committed 26304K, reserved 851968K
}
Event: 34.034 GC heap after
{Heap after GC invocations=76 (full 0):
 garbage-first heap   total 907264K, used 607834K [0x0000000700000000, 0x0000000800000000)
  region size 2048K, 8 young (16384K), 8 survivors (16384K)
 Metaspace       used 189611K, committed 192960K, reserved 1048576K
  class space    used 24885K, committed 26304K, reserved 851968K
}
Event: 34.852 GC heap before
{Heap before GC invocations=76 (full 0):
 garbage-first heap   total 907264K, used 773722K [0x0000000700000000, 0x0000000800000000)
  region size 2048K, 87 young (178176K), 8 survivors (16384K)
 Metaspace       used 203241K, committed 206656K, reserved 1048576K
  class space    used 26387K, committed 27904K, reserved 851968K
}
Event: 34.870 GC heap after
{Heap after GC invocations=77 (full 0):
 garbage-first heap   total 907264K, used 629031K [0x0000000700000000, 0x0000000800000000)
  region size 2048K, 11 young (22528K), 11 survivors (22528K)
 Metaspace       used 203241K, committed 206656K, reserved 1048576K
  class space    used 26387K, committed 27904K, reserved 851968K
}
Event: 35.432 GC heap before
{Heap before GC invocations=77 (full 0):
 garbage-first heap   total 907264K, used 770343K [0x0000000700000000, 0x0000000800000000)
  region size 2048K, 79 young (161792K), 11 survivors (22528K)
 Metaspace       used 208420K, committed 211904K, reserved 1048576K
  class space    used 27050K, committed 28544K, reserved 851968K
}
Event: 35.454 GC heap after
{Heap after GC invocations=78 (full 0):
 garbage-first heap   total 907264K, used 644841K [0x0000000700000000, 0x0000000800000000)
  region size 2048K, 10 young (20480K), 10 survivors (20480K)
 Metaspace       used 208420K, committed 211904K, reserved 1048576K
  class space    used 27050K, committed 28544K, reserved 851968K
}
Event: 35.830 GC heap before
{Heap before GC invocations=78 (full 0):
 garbage-first heap   total 907264K, used 751337K [0x0000000700000000, 0x0000000800000000)
  region size 2048K, 64 young (131072K), 10 survivors (20480K)
 Metaspace       used 210966K, committed 214400K, reserved 1048576K
  class space    used 27240K, committed 28736K, reserved 851968K
}
Event: 35.845 GC heap after
{Heap after GC invocations=79 (full 0):
 garbage-first heap   total 907264K, used 659601K [0x0000000700000000, 0x0000000800000000)
  region size 2048K, 9 young (18432K), 9 survivors (18432K)
 Metaspace       used 210966K, committed 214400K, reserved 1048576K
  class space    used 27240K, committed 28736K, reserved 851968K
}
Event: 35.971 GC heap before
{Heap before GC invocations=79 (full 0):
 garbage-first heap   total 907264K, used 768145K [0x0000000700000000, 0x0000000800000000)
  region size 2048K, 63 young (129024K), 9 survivors (18432K)
 Metaspace       used 211622K, committed 215104K, reserved 1048576K
  class space    used 27310K, committed 28800K, reserved 851968K
}
Event: 35.981 GC heap after
{Heap after GC invocations=80 (full 0):
 garbage-first heap   total 907264K, used 675123K [0x0000000700000000, 0x0000000800000000)
  region size 2048K, 8 young (16384K), 8 survivors (16384K)
 Metaspace       used 211622K, committed 215104K, reserved 1048576K
  class space    used 27310K, committed 28800K, reserved 851968K
}
Event: 36.046 GC heap before
{Heap before GC invocations=80 (full 0):
 garbage-first heap   total 907264K, used 773427K [0x0000000700000000, 0x0000000800000000)
  region size 2048K, 57 young (116736K), 8 survivors (16384K)
 Metaspace       used 212182K, committed 215680K, reserved 1048576K
  class space    used 27355K, committed 28864K, reserved 851968K
}
Event: 36.053 GC heap after
{Heap after GC invocations=81 (full 0):
 garbage-first heap   total 1040384K, used 682900K [0x0000000700000000, 0x0000000800000000)
  region size 2048K, 6 young (12288K), 6 survivors (12288K)
 Metaspace       used 212182K, committed 215680K, reserved 1048576K
  class space    used 27355K, committed 28864K, reserved 851968K
}
Event: 36.670 GC heap before
{Heap before GC invocations=82 (full 0):
 garbage-first heap   total 1320960K, used 871316K [0x0000000700000000, 0x0000000800000000)
  region size 2048K, 99 young (202752K), 6 survivors (12288K)
 Metaspace       used 218298K, committed 221696K, reserved 1048576K
  class space    used 28545K, committed 30016K, reserved 851968K
}
Event: 36.682 GC heap after
{Heap after GC invocations=83 (full 0):
 garbage-first heap   total 1320960K, used 698763K [0x0000000700000000, 0x0000000800000000)
  region size 2048K, 13 young (26624K), 13 survivors (26624K)
 Metaspace       used 218298K, committed 221696K, reserved 1048576K
  class space    used 28545K, committed 30016K, reserved 851968K
}
Event: 36.788 GC heap before
{Heap before GC invocations=83 (full 0):
 garbage-first heap   total 1320960K, used 735627K [0x0000000700000000, 0x0000000800000000)
  region size 2048K, 32 young (65536K), 13 survivors (26624K)
 Metaspace       used 220937K, committed 224320K, reserved 1048576K
  class space    used 29041K, committed 30464K, reserved 851968K
}
Event: 36.805 GC heap after
{Heap after GC invocations=84 (full 0):
 garbage-first heap   total 1320960K, used 686777K [0x0000000700000000, 0x0000000800000000)
  region size 2048K, 4 young (8192K), 4 survivors (8192K)
 Metaspace       used 220937K, committed 224320K, reserved 1048576K
  class space    used 29041K, committed 30464K, reserved 851968K
}
Event: 39.273 GC heap before
{Heap before GC invocations=84 (full 0):
 garbage-first heap   total 1320960K, used 1102521K [0x0000000700000000, 0x0000000800000000)
  region size 2048K, 203 young (415744K), 4 survivors (8192K)
 Metaspace       used 238674K, committed 242240K, reserved 1114112K
  class space    used 31280K, committed 32832K, reserved 851968K
}
Event: 39.324 GC heap after
{Heap after GC invocations=85 (full 0):
 garbage-first heap   total 1320960K, used 717584K [0x0000000700000000, 0x0000000800000000)
  region size 2048K, 14 young (28672K), 14 survivors (28672K)
 Metaspace       used 238674K, committed 242240K, reserved 1114112K
  class space    used 31280K, committed 32832K, reserved 851968K
}

Dll operation events (17 events):
Event: 0.002 Loaded shared library /usr/lib/jvm/java-17-openjdk/lib/libjava.so
Event: 0.018 Loaded shared library /usr/lib/jvm/java-17-openjdk/lib/libjsvml.so
Event: 0.048 Loaded shared library /usr/lib/jvm/java-17-openjdk/lib/libzip.so
Event: 0.049 Loaded shared library /usr/lib/jvm/java-17-openjdk/lib/libinstrument.so
Event: 0.051 Loaded shared library /usr/lib/jvm/java-17-openjdk/lib/libnio.so
Event: 0.052 Loaded shared library /usr/lib/jvm/java-17-openjdk/lib/libzip.so
Event: 0.144 Loaded shared library /usr/lib/jvm/java-17-openjdk/lib/libjimage.so
Event: 0.210 Loaded shared library /usr/lib/jvm/java-17-openjdk/lib/libverify.so
Event: 0.268 Loaded shared library /usr/lib/jvm/java-17-openjdk/lib/libnet.so
Event: 0.269 Loaded shared library /home/asahiner/.gradle/native/1def1411415f61bf3af743bc5b6707747c0891f09f0c88961ee8f79bc544acac/linux-amd64/libnative-platform.so
Event: 0.278 Loaded shared library /home/asahiner/.gradle/native/0.2.7/x86_64-linux-gnu/libgradle-fileevents.so
Event: 0.745 Loaded shared library /usr/lib/jvm/java-17-openjdk/lib/libmanagement.so
Event: 0.746 Loaded shared library /usr/lib/jvm/java-17-openjdk/lib/libmanagement_ext.so
Event: 0.799 Loaded shared library /usr/lib/jvm/java-17-openjdk/lib/libextnet.so
Event: 34.386 Loaded shared library /usr/lib/jvm/java-17-openjdk/lib/libawt.so
Event: 34.388 Loaded shared library /usr/lib/jvm/java-17-openjdk/lib/libawt_headless.so
Event: 36.596 Loaded shared library /usr/lib/jvm/java-17-openjdk/lib/librmi.so

Deoptimization events (20 events):
Event: 43.239 Thread 0x00007fd49401ea10 Uncommon trap: trap_request=0xffffffde fr.pc=0x00007fd5ddbf9158 relative=0x0000000000000138
Event: 43.239 Thread 0x00007fd49401ea10 Uncommon trap: reason=class_check action=maybe_recompile pc=0x00007fd5ddbf9158 method=com.intellij.util.text.ImmutableText.charAt(I)C @ 46 c2
Event: 43.239 Thread 0x00007fd49401ea10 DEOPT PACKING pc=0x00007fd5ddbf9158 sp=0x00007fd3804807a0
Event: 43.239 Thread 0x00007fd49401ea10 DEOPT UNPACKING pc=0x00007fd5dc6b5699 sp=0x00007fd380480750 mode 2
Event: 43.239 Thread 0x00007fd49401ea10 Uncommon trap: trap_request=0xffffff45 fr.pc=0x00007fd5de699eb4 relative=0x0000000000000494
Event: 43.239 Thread 0x00007fd49401ea10 Uncommon trap: reason=unstable_if action=reinterpret pc=0x00007fd5de699eb4 method=org.jetbrains.kotlin.lexer._JetLexer.zzCMap(I)I @ 8 c2
Event: 43.239 Thread 0x00007fd49401ea10 DEOPT PACKING pc=0x00007fd5de699eb4 sp=0x00007fd3804807e0
Event: 43.239 Thread 0x00007fd49401ea10 DEOPT UNPACKING pc=0x00007fd5dc6b5699 sp=0x00007fd380480718 mode 2
Event: 43.241 Thread 0x00007fd49401ea10 Uncommon trap: trap_request=0xffffffde fr.pc=0x00007fd5de6c5d8c relative=0x000000000000006c
Event: 43.241 Thread 0x00007fd49401ea10 Uncommon trap: reason=class_check action=maybe_recompile pc=0x00007fd5de6c5d8c method=com.intellij.util.text.ImmutableText.length()I @ 4 c2
Event: 43.241 Thread 0x00007fd49401ea10 DEOPT PACKING pc=0x00007fd5de6c5d8c sp=0x00007fd380480890
Event: 43.241 Thread 0x00007fd49401ea10 DEOPT UNPACKING pc=0x00007fd5dc6b5699 sp=0x00007fd380480838 mode 2
Event: 43.241 Thread 0x00007fd49401ea10 Uncommon trap: trap_request=0xffffffde fr.pc=0x00007fd5de6b9790 relative=0x00000000000025f0
Event: 43.241 Thread 0x00007fd49401ea10 Uncommon trap: reason=class_check action=maybe_recompile pc=0x00007fd5de6b9790 method=com.intellij.util.text.ImmutableText.charAt(I)C @ 46 c2
Event: 43.241 Thread 0x00007fd49401ea10 DEOPT PACKING pc=0x00007fd5de6b9790 sp=0x00007fd380480b50
Event: 43.241 Thread 0x00007fd49401ea10 DEOPT UNPACKING pc=0x00007fd5dc6b5699 sp=0x00007fd380480ae0 mode 2
Event: 43.241 Thread 0x00007fd49401ea10 Uncommon trap: trap_request=0xffffffde fr.pc=0x00007fd5de6c58c0 relative=0x00000000000001a0
Event: 43.241 Thread 0x00007fd49401ea10 Uncommon trap: reason=class_check action=maybe_recompile pc=0x00007fd5de6c58c0 method=com.intellij.util.text.ImmutableText.length()I @ 4 c2
Event: 43.241 Thread 0x00007fd49401ea10 DEOPT PACKING pc=0x00007fd5de6c58c0 sp=0x00007fd380480940
Event: 43.244 Thread 0x00007fd49401ea10 DEOPT UNPACKING pc=0x00007fd5dc6b5699 sp=0x00007fd380480888 mode 2

Classes loaded (20 events):
Event: 42.728 Loading class org/xml/sax/ext/DefaultHandler2
Event: 42.728 Loading class org/xml/sax/ext/LexicalHandler
Event: 42.729 Loading class org/xml/sax/ext/LexicalHandler done
Event: 42.729 Loading class org/xml/sax/ext/DeclHandler
Event: 42.729 Loading class org/xml/sax/ext/DeclHandler done
Event: 42.729 Loading class org/xml/sax/ext/DefaultHandler2 done
Event: 42.742 Loading class com/sun/org/apache/xerces/internal/dom/ParentNode$UserDataRecord
Event: 42.742 Loading class com/sun/org/apache/xerces/internal/dom/ParentNode$UserDataRecord done
Event: 42.742 Loading class com/sun/org/apache/xerces/internal/util/EntityResolver2Wrapper
Event: 42.743 Loading class com/sun/org/apache/xerces/internal/util/EntityResolver2Wrapper done
Event: 43.231 Loading class sun/nio/cs/ThreadLocalCoders
Event: 43.232 Loading class sun/nio/cs/ThreadLocalCoders done
Event: 43.232 Loading class sun/nio/cs/ThreadLocalCoders$1
Event: 43.234 Loading class sun/nio/cs/ThreadLocalCoders$Cache
Event: 43.234 Loading class sun/nio/cs/ThreadLocalCoders$Cache done
Event: 43.234 Loading class sun/nio/cs/ThreadLocalCoders$1 done
Event: 43.234 Loading class sun/nio/cs/ThreadLocalCoders$2
Event: 43.234 Loading class sun/nio/cs/ThreadLocalCoders$2 done
Event: 43.258 Loading class java/util/concurrent/Executors$PrivilegedThreadFactory
Event: 43.258 Loading class java/util/concurrent/Executors$PrivilegedThreadFactory done

Classes unloaded (20 events):
Event: 40.083 Thread 0x00007fd5ec222d80 Unloading class 0x00007fd57dbc8ec0 'jdk/internal/jimage/ImageHeader'
Event: 40.083 Thread 0x00007fd5ec222d80 Unloading class 0x00007fd57dbc8c88 'jdk/internal/jimage/BasicImageReader$2'
Event: 40.083 Thread 0x00007fd5ec222d80 Unloading class 0x00007fd57dbc1db8 'jdk/internal/jimage/BasicImageReader$1'
Event: 40.083 Thread 0x00007fd5ec222d80 Unloading class 0x00007fd57dbc8a18 'jdk/internal/jimage/ImageReader$Resource'
Event: 40.083 Thread 0x00007fd5ec222d80 Unloading class 0x00007fd57dbc87a8 'jdk/internal/jimage/ImageReader$LinkNode'
Event: 40.083 Thread 0x00007fd5ec222d80 Unloading class 0x00007fd57dbc8538 'jdk/internal/jimage/ImageReader$Directory'
Event: 40.083 Thread 0x00007fd5ec222d80 Unloading class 0x00007fd57dbc82c8 'jdk/internal/jimage/ImageReader$Node'
Event: 40.083 Thread 0x00007fd5ec222d80 Unloading class 0x00007fd57dbc0df0 'jdk/internal/jimage/ImageStrings'
Event: 40.083 Thread 0x00007fd5ec222d80 Unloading class 0x00007fd57dbc8000 'jdk/internal/jimage/ImageReader$SharedImageReader'
Event: 40.083 Thread 0x00007fd5ec222d80 Unloading class 0x00007fd57dbc1af0 'jdk/internal/jimage/BasicImageReader'
Event: 40.083 Thread 0x00007fd5ec222d80 Unloading class 0x00007fd57dbc18c8 'jdk/internal/jimage/ImageReader'
Event: 40.083 Thread 0x00007fd5ec222d80 Unloading class 0x00007fd57dbc1698 'jdk/internal/jrtfs/SystemImage$2'
Event: 40.083 Thread 0x00007fd5ec222d80 Unloading class 0x00007fd57dbc1478 'jdk/internal/jrtfs/SystemImage$$Lambda$3812+0x00007fd57dbc1478'
Event: 40.083 Thread 0x00007fd5ec222d80 Unloading class 0x00007fd57dbc1240 'jdk/internal/jrtfs/ExplodedImage'
Event: 40.083 Thread 0x00007fd5ec222d80 Unloading class 0x00007fd57dbc1000 'jdk/internal/jrtfs/SystemImage$1'
Event: 40.083 Thread 0x00007fd5ec222d80 Unloading class 0x00007fd57dbc0bd0 'jdk/internal/jrtfs/SystemImage'
Event: 40.083 Thread 0x00007fd5ec222d80 Unloading class 0x00007fd57dbc0968 'jdk/internal/jrtfs/JrtFileStore'
Event: 40.083 Thread 0x00007fd5ec222d80 Unloading class 0x00007fd57dbc05e8 'jdk/internal/jrtfs/JrtPath'
Event: 40.083 Thread 0x00007fd5ec222d80 Unloading class 0x00007fd57dbc02e8 'jdk/internal/jrtfs/JrtFileSystem'
Event: 40.083 Thread 0x00007fd5ec222d80 Unloading class 0x00007fd57dbc0000 'jdk/internal/jrtfs/JrtFileSystemProvider'

Classes redefined (0 events):
No events

Internal exceptions (20 events):
Event: 39.621 Thread 0x00007fd3c40e24a0 Exception <a 'java/lang/InterruptedException'{0x000000074cb8e558}> (0x000000074cb8e558) 
thrown [/usr/src/debug/java17-openjdk/jdk17u-jdk-17.0.18-8/src/hotspot/share/runtime/objectMonitor.cpp, line 1658]
Event: 39.796 Thread 0x00007fd46000fdf0 Exception <a 'java/lang/NoSuchMethodError'{0x000000074b04ce80}: 'long java.lang.invoke.DirectMethodHandle$Holder.invokeStatic(java.lang.Object, java.lang.Object)'> (0x000000074b04ce80) 
thrown [/usr/src/debug/java17-openjdk/jdk17u-jdk-17.0.18-8/src/hotspot/share/interpreter/linkResolver.cpp, line 758]
Event: 39.797 Thread 0x00007fd46000fdf0 Exception <a 'java/lang/NoSuchMethodError'{0x000000074b050f20}: 'long java.lang.invoke.DirectMethodHandle$Holder.invokeStaticInit(java.lang.Object, java.lang.Object)'> (0x000000074b050f20) 
thrown [/usr/src/debug/java17-openjdk/jdk17u-jdk-17.0.18-8/src/hotspot/share/interpreter/linkResolver.cpp, line 758]
Event: 40.754 Thread 0x00007fd45c037320 Exception <a 'java/lang/NoSuchMethodError'{0x0000000750f7a088}: static Lcom/google/devtools/ksp/processing/KSPJvmConfig;.<clinit>()V> (0x0000000750f7a088) 
thrown [/usr/src/debug/java17-openjdk/jdk17u-jdk-17.0.18-8/src/hotspot/share/prims/jni.cpp, line 1112]
Event: 40.755 Thread 0x00007fd45c037320 Exception <a 'java/lang/NoSuchMethodError'{0x0000000750f7f1a0}: static Lcom/google/devtools/ksp/processing/KSPConfig;.<clinit>()V> (0x0000000750f7f1a0) 
thrown [/usr/src/debug/java17-openjdk/jdk17u-jdk-17.0.18-8/src/hotspot/share/prims/jni.cpp, line 1112]
Event: 40.771 Thread 0x00007fd45c037320 Exception <a 'java/lang/NoSuchMethodError'{0x0000000750bc35d0}: static Lcom/google/devtools/ksp/processing/KSPConfig;.<clinit>()V> (0x0000000750bc35d0) 
thrown [/usr/src/debug/java17-openjdk/jdk17u-jdk-17.0.18-8/src/hotspot/share/prims/jni.cpp, line 1112]
Event: 40.772 Thread 0x00007fd45c037320 Exception <a 'java/lang/NoSuchMethodError'{0x0000000750912690}: static Lcom/google/devtools/ksp/processing/KSPJvmConfig;.<clinit>()V> (0x0000000750912690) 
thrown [/usr/src/debug/java17-openjdk/jdk17u-jdk-17.0.18-8/src/hotspot/share/prims/jni.cpp, line 1112]
Event: 40.875 Thread 0x00007fd4ec503bc0 Exception <a 'java/io/IOException'{0x0000000748e379c8}> (0x0000000748e379c8) 
thrown [/usr/src/debug/java17-openjdk/jdk17u-jdk-17.0.18-8/src/hotspot/share/prims/jni.cpp, line 516]
Event: 41.073 Thread 0x00007fd49c070730 Exception <a 'java/lang/NoSuchMethodError'{0x0000000748691938}: 'java.lang.Object java.lang.invoke.DirectMethodHandle$Holder.invokeStaticInit(java.lang.Object, long)'> (0x0000000748691938) 
thrown [/usr/src/debug/java17-openjdk/jdk17u-jdk-17.0.18-8/src/hotspot/share/interpreter/linkResolver.cpp, line 758]
Event: 41.085 Thread 0x00007fd47c030e80 Exception <a 'java/lang/NoSuchMethodError'{0x0000000748d13838}: 'void java.lang.invoke.DirectMethodHandle$Holder.invokeSpecial(java.lang.Object, java.lang.Object, int, int)'> (0x0000000748d13838) 
thrown [/usr/src/debug/java17-openjdk/jdk17u-jdk-17.0.18-8/src/hotspot/share/interpreter/linkResolver.cpp, line 758]
Event: 41.089 Thread 0x00007fd46000fdf0 Exception <a 'java/lang/IncompatibleClassChangeError'{0x00000007482dc8c8}: Found class java.lang.Object, but interface was expected> (0x00000007482dc8c8) 
thrown [/usr/src/debug/java17-openjdk/jdk17u-jdk-17.0.18-8/src/hotspot/share/interpreter/linkResolver.cpp, line 826]
Event: 41.090 Thread 0x00007fd46000fdf0 Exception <a 'java/lang/NoSuchMethodError'{0x00000007482e8ca8}: 'void java.lang.invoke.DirectMethodHandle$Holder.invokeInterface(java.lang.Object, java.lang.Object, java.lang.Object, int)'> (0x00000007482e8ca8) 
thrown [/usr/src/debug/java17-openjdk/jdk17u-jdk-17.0.18-8/src/hotspot/share/interpreter/linkResolver.cpp, line 758]
Event: 41.149 Thread 0x00007fd49c070730 Implicit null exception at 0x00007fd5dddc484b to 0x00007fd5dddc58d4
Event: 41.207 Thread 0x00007fd464031c30 Implicit null exception at 0x00007fd5dcf92fb7 to 0x00007fd5dcf930fe
Event: 41.666 Thread 0x00007fd45c037320 Exception <a 'sun/nio/fs/UnixException'{0x0000000746669118}> (0x0000000746669118) 
thrown [/usr/src/debug/java17-openjdk/jdk17u-jdk-17.0.18-8/src/hotspot/share/prims/jni.cpp, line 516]
Event: 42.414 Thread 0x00007fd49401ea10 Implicit null exception at 0x00007fd5dd35eccc to 0x00007fd5dd35edc8
Event: 42.583 Thread 0x00007fd49401ea10 Implicit null exception at 0x00007fd5de2e719c to 0x00007fd5de2ea2b8
Event: 42.962 Thread 0x00007fd46000fdf0 Exception <a 'java/lang/NoSuchMethodError'{0x00000007421ab848}: 'java.lang.Object java.lang.invoke.DirectMethodHandle$Holder.invokeStatic(java.lang.Object, java.lang.Object, int, java.lang.Object, java.lang.Object)'> (0x00000007421ab848) 
thrown [/usr/src/debug/java17-openjdk/jdk17u-jdk-17.0.18-8/src/hotspot/share/interpreter/linkResolver.cpp, line 758]
Event: 42.969 Thread 0x00007fd46000a1d0 Exception <a 'java/lang/NoSuchMethodError'{0x0000000741e154c0}: 'java.lang.Object java.lang.invoke.DirectMethodHandle$Holder.invokeStatic(java.lang.Object, java.lang.Object, int, java.lang.Object, java.lang.Object)'> (0x0000000741e154c0) 
thrown [/usr/src/debug/java17-openjdk/jdk17u-jdk-17.0.18-8/src/hotspot/share/interpreter/linkResolver.cpp, line 758]
Event: 43.170 Thread 0x00007fd46000fdf0 Exception <a 'java/lang/NoSuchMethodError'{0x0000000740e8eb68}: 'void java.lang.invoke.DirectMethodHandle$Holder.invokeStatic(java.lang.Object, java.lang.Object, int)'> (0x0000000740e8eb68) 
thrown [/usr/src/debug/java17-openjdk/jdk17u-jdk-17.0.18-8/src/hotspot/share/interpreter/linkResolver.cpp, line 758]

VM Operations (20 events):
Event: 42.160 Executing VM operation: HandshakeAllThreads
Event: 42.169 Executing VM operation: HandshakeAllThreads done
Event: 42.577 Executing VM operation: ICBufferFull
Event: 42.579 Executing VM operation: ICBufferFull done
Event: 42.840 Executing VM operation: HandshakeAllThreads
Event: 42.840 Executing VM operation: HandshakeAllThreads done
Event: 42.867 Executing VM operation: ICBufferFull
Event: 42.868 Executing VM operation: ICBufferFull done
Event: 43.089 Executing VM operation: HandshakeAllThreads
Event: 43.090 Executing VM operation: HandshakeAllThreads done
Event: 43.102 Executing VM operation: HandshakeAllThreads
Event: 43.104 Executing VM operation: HandshakeAllThreads done
Event: 43.105 Executing VM operation: HandshakeAllThreads
Event: 43.117 Executing VM operation: HandshakeAllThreads done
Event: 43.165 Executing VM operation: HandshakeAllThreads
Event: 43.166 Executing VM operation: HandshakeAllThreads done
Event: 43.247 Executing VM operation: ICBufferFull
Event: 43.251 Executing VM operation: ICBufferFull done
Event: 43.251 Executing VM operation: HandshakeAllThreads
Event: 43.254 Executing VM operation: HandshakeAllThreads done

Memory protections (20 events):
Event: 36.561 Protecting memory [0x00007fd377cfe000,0x00007fd377d02000] with protection modes 0
Event: 36.569 Protecting memory [0x00007fd3754d5000,0x00007fd3754d9000] with protection modes 0
Event: 36.585 Protecting memory [0x00007fd3753d4000,0x00007fd3753d8000] with protection modes 0
Event: 36.612 Protecting memory [0x00007fd3752d3000,0x00007fd3752d7000] with protection modes 0
Event: 36.743 Protecting memory [0x00007fd3751d2000,0x00007fd3751d6000] with protection modes 0
Event: 36.760 Protecting memory [0x00007fd3749fd000,0x00007fd374a01000] with protection modes 0
Event: 36.764 Protecting memory [0x00007fd3747fb000,0x00007fd3747ff000] with protection modes 0
Event: 36.764 Protecting memory [0x00007fd3748fc000,0x00007fd374900000] with protection modes 0
Event: 36.772 Protecting memory [0x00007fd3746fa000,0x00007fd3746fe000] with protection modes 0
Event: 36.784 Protecting memory [0x00007fd3745f9000,0x00007fd3745fd000] with protection modes 0
Event: 36.816 Protecting memory [0x00007fd3744f8000,0x00007fd3744fc000] with protection modes 0
Event: 36.817 Protecting memory [0x00007fd3743f7000,0x00007fd3743fb000] with protection modes 0
Event: 36.820 Protecting memory [0x00007fd3742f6000,0x00007fd3742fa000] with protection modes 0
Event: 36.824 Protecting memory [0x00007fd3741f5000,0x00007fd3741f9000] with protection modes 0
Event: 36.835 Protecting memory [0x00007fd3740f4000,0x00007fd3740f8000] with protection modes 0
Event: 37.648 Protecting memory [0x00007fd36fb00000,0x00007fd36fb04000] with protection modes 0
Event: 37.694 Protecting memory [0x00007fd36f9ff000,0x00007fd36fa03000] with protection modes 0
Event: 37.699 Protecting memory [0x00007fd36f8fe000,0x00007fd36f902000] with protection modes 0
Event: 39.618 Protecting memory [0x00007fd36f9ff000,0x00007fd36fa03000] with protection modes 0
Event: 39.654 Protecting memory [0x00007fd3751d2000,0x00007fd3751d6000] with protection modes 0

Nmethod flushes (20 events):
Event: 43.186 Thread 0x00007fd5ec234070 flushing  nmethod 0x00007fd5de498910
Event: 43.193 Thread 0x00007fd5ec234070 flushing  nmethod 0x00007fd5d528a910
Event: 43.194 Thread 0x00007fd5ec234070 flushing  nmethod 0x00007fd5d52a6010
Event: 43.194 Thread 0x00007fd5ec234070 flushing  nmethod 0x00007fd5d52d8a10
Event: 43.195 Thread 0x00007fd5ec234070 flushing  nmethod 0x00007fd5d53a6a10
Event: 43.197 Thread 0x00007fd5ec234070 flushing  nmethod 0x00007fd5d5566f10
Event: 43.197 Thread 0x00007fd5ec234070 flushing  nmethod 0x00007fd5d5571c90
Event: 43.198 Thread 0x00007fd5ec234070 flushing  nmethod 0x00007fd5d5668810
Event: 43.204 Thread 0x00007fd5ec234070 flushing  nmethod 0x00007fd5d57d8290
Event: 43.208 Thread 0x00007fd5ec234070 flushing  nmethod 0x00007fd5d5940090
Event: 43.208 Thread 0x00007fd5ec234070 flushing  nmethod 0x00007fd5d594f490
Event: 43.208 Thread 0x00007fd5ec234070 flushing  nmethod 0x00007fd5d594f910
Event: 43.217 Thread 0x00007fd5ec234070 flushing  nmethod 0x00007fd5d5b20f10
Event: 43.218 Thread 0x00007fd5ec234070 flushing  nmethod 0x00007fd5d5ba7610
Event: 43.218 Thread 0x00007fd5ec234070 flushing  nmethod 0x00007fd5d5ba7d90
Event: 43.227 Thread 0x00007fd5ec234070 flushing  nmethod 0x00007fd5d5dd4590
Event: 43.246 Thread 0x00007fd5ec234070 flushing  nmethod 0x00007fd5d60b6410
Event: 43.246 Thread 0x00007fd5ec234070 flushing  nmethod 0x00007fd5d60cb410
Event: 43.246 Thread 0x00007fd5ec234070 flushing  nmethod 0x00007fd5d60cb810
Event: 43.255 Thread 0x00007fd5ec234070 flushing  nmethod 0x00007fd5d65bf210

Events (20 events):
Event: 36.762 Thread 0x00007fd4880b5720 Thread added: 0x00007fd3c001b680
Event: 36.764 Thread 0x00007fd4880b5720 Thread added: 0x00007fd3c001d650
Event: 36.771 Thread 0x00007fd49808e380 Thread added: 0x00007fd3b402e800
Event: 36.784 Thread 0x00007fd4900cc840 Thread added: 0x00007fd3c800caf0
Event: 36.816 Thread 0x00007fd3c001b680 Thread added: 0x00007fd3f0120aa0
Event: 36.816 Thread 0x00007fd3c001b680 Thread added: 0x00007fd3f045d7d0
Event: 36.820 Thread 0x00007fd3c001b680 Thread added: 0x00007fd3f01f6880
Event: 36.821 Thread 0x00007fd3c001b680 Thread added: 0x00007fd3f045e4b0
Event: 36.834 Thread 0x00007fd3c001b680 Thread added: 0x00007fd3f045f880
Event: 37.641 Thread 0x00007fd460003d70 Thread added: 0x00007fd468113420
Event: 37.692 Thread 0x00007fd464032ae0 Thread added: 0x00007fd3d4172a70
Event: 37.698 Thread 0x00007fd3c001b680 Thread added: 0x00007fd3f0468b80
Event: 39.369 Thread 0x00007fd3c800caf0 Thread exited: 0x00007fd3c800caf0
Event: 39.369 Thread 0x00007fd3b402e800 Thread exited: 0x00007fd3b402e800
Event: 39.382 Thread 0x00007fd3bc012470 Thread exited: 0x00007fd3bc012470
Event: 39.390 Thread 0x00007fd3c001a330 Thread exited: 0x00007fd3c001a330
Event: 39.419 Thread 0x00007fd3d4172a70 Thread exited: 0x00007fd3d4172a70
Event: 39.617 Thread 0x00007fd4680627b0 Thread added: 0x00007fd3c40e24a0
Event: 39.653 Thread 0x00007fd3c001b680 Thread added: 0x00007fd3f0475870
Event: 40.172 Thread 0x00007fd520060700 Thread exited: 0x00007fd520060700


Dynamic libraries:
700000000-753c00000 rw-p 00000000 00:00 0 
753c00000-7ffc00000 ---p 00000000 00:00 0 
7ffc00000-7ffd00000 rw-p 00000000 00:00 0 
7ffd00000-7ffd75000 rw-p 00c77000 103:04 9073985                         /usr/lib/jvm/java-17-openjdk/lib/server/classes.jsa
7ffd75000-7ffe00000 rw-p 00000000 00:00 0 
7ffe00000-7ffe78000 rw-p 00bff000 103:04 9073985                         /usr/lib/jvm/java-17-openjdk/lib/server/classes.jsa
7ffe78000-800000000 rw-p 00000000 00:00 0 
555f5779a000-555f5779b000 r--p 00000000 103:04 9073697                   /usr/lib/jvm/java-17-openjdk/bin/java
555f5779b000-555f5779c000 r-xp 00001000 103:04 9073697                   /usr/lib/jvm/java-17-openjdk/bin/java
555f5779c000-555f5779d000 r--p 00002000 103:04 9073697                   /usr/lib/jvm/java-17-openjdk/bin/java
555f5779d000-555f5779e000 r--p 00002000 103:04 9073697                   /usr/lib/jvm/java-17-openjdk/bin/java
555f5779e000-555f5779f000 rw-p 00003000 103:04 9073697                   /usr/lib/jvm/java-17-openjdk/bin/java
555f59cce000-555f59d59000 rw-p 00000000 00:00 0                          [heap]
7fd36f8fd000-7fd36f8fe000 rw-p 00000000 00:00 0 
7fd36f8fe000-7fd36f902000 ---p 00000000 00:00 0 
7fd36f902000-7fd36f9ff000 rw-p 00000000 00:00 0 
7fd36f9ff000-7fd36fa03000 ---p 00000000 00:00 0 
7fd36fa03000-7fd36fb00000 rw-p 00000000 00:00 0 
7fd36fb00000-7fd36fb04000 ---p 00000000 00:00 0 
7fd36fb04000-7fd36fc00000 rw-p 00000000 00:00 0 
7fd370000000-7fd372100000 rw-p 00000000 00:00 0 
7fd372100000-7fd372110000 rw-p 00000000 00:00 0 
7fd372110000-7fd372200000 ---p 00000000 00:00 0 
7fd372200000-7fd372900000 rw-p 00000000 00:00 0 
7fd372900000-7fd374000000 ---p 00000000 00:00 0 
7fd3740f3000-7fd3740f4000 rw-p 00000000 00:00 0 
7fd3740f4000-7fd3740f8000 ---p 00000000 00:00 0 
7fd3740f8000-7fd3741f5000 rw-p 00000000 00:00 0 
7fd3741f5000-7fd3741f9000 ---p 00000000 00:00 0 
7fd3741f9000-7fd3742f6000 rw-p 00000000 00:00 0 
7fd3742f6000-7fd3742fa000 ---p 00000000 00:00 0 
7fd3742fa000-7fd3743f7000 rw-p 00000000 00:00 0 
7fd3743f7000-7fd3743fb000 ---p 00000000 00:00 0 
7fd3743fb000-7fd3744f8000 rw-p 00000000 00:00 0 
7fd3744f8000-7fd3744fc000 ---p 00000000 00:00 0 
7fd3744fc000-7fd3745f9000 rw-p 00000000 00:00 0 
7fd3745f9000-7fd3745fd000 ---p 00000000 00:00 0 
7fd3745fd000-7fd3746fa000 rw-p 00000000 00:00 0 
7fd3746fa000-7fd3746fe000 ---p 00000000 00:00 0 
7fd3746fe000-7fd3747fb000 rw-p 00000000 00:00 0 
7fd3747fb000-7fd3747ff000 ---p 00000000 00:00 0 
7fd3747ff000-7fd3748fc000 rw-p 00000000 00:00 0 
7fd3748fc000-7fd374900000 ---p 00000000 00:00 0 
7fd374900000-7fd3749fd000 rw-p 00000000 00:00 0 
7fd3749fd000-7fd374a01000 ---p 00000000 00:00 0 
7fd374a01000-7fd374afe000 rw-p 00000000 00:00 0 
7fd374afe000-7fd374b02000 ---p 00000000 00:00 0 
7fd374b02000-7fd374bff000 rw-p 00000000 00:00 0 
7fd374bff000-7fd374c03000 ---p 00000000 00:00 0 
7fd374c03000-7fd374d00000 rw-p 00000000 00:00 0 
7fd374d00000-7fd374d04000 ---p 00000000 00:00 0 
7fd374d04000-7fd374e00000 rw-p 00000000 00:00 0 
7fd3751d1000-7fd3751d2000 rw-p 00000000 00:00 0 
7fd3751d2000-7fd3751d6000 ---p 00000000 00:00 0 
7fd3751d6000-7fd3752d3000 rw-p 00000000 00:00 0 
7fd3752d3000-7fd3752d7000 ---p 00000000 00:00 0 
7fd3752d7000-7fd3753d4000 rw-p 00000000 00:00 0 
7fd3753d4000-7fd3753d8000 ---p 00000000 00:00 0 
7fd3753d8000-7fd3754d5000 rw-p 00000000 00:00 0 
7fd3754d5000-7fd3754d9000 ---p 00000000 00:00 0 
7fd3754d9000-7fd3755d6000 rw-p 00000000 00:00 0 
7fd3755d6000-7fd3755da000 ---p 00000000 00:00 0 
7fd3755da000-7fd3756d7000 rw-p 00000000 00:00 0 
7fd3756d7000-7fd3756db000 ---p 00000000 00:00 0 
7fd3756db000-7fd3757d8000 rw-p 00000000 00:00 0 
7fd3757d8000-7fd3757dc000 ---p 00000000 00:00 0 
7fd3757dc000-7fd3758d9000 rw-p 00000000 00:00 0 
7fd3758d9000-7fd3758dd000 ---p 00000000 00:00 0 
7fd3758dd000-7fd3759da000 rw-p 00000000 00:00 0 
7fd3759da000-7fd3759de000 ---p 00000000 00:00 0 
7fd3759de000-7fd375adb000 rw-p 00000000 00:00 0 
7fd375adb000-7fd375adf000 ---p 00000000 00:00 0 
7fd375adf000-7fd375bdc000 rw-p 00000000 00:00 0 
7fd375bdc000-7fd375be0000 ---p 00000000 00:00 0 
7fd375be0000-7fd375cdd000 rw-p 00000000 00:00 0 
7fd375cdd000-7fd375ce1000 ---p 00000000 00:00 0 
7fd375ce1000-7fd375dde000 rw-p 00000000 00:00 0 
7fd375dde000-7fd375de2000 ---p 00000000 00:00 0 
7fd375de2000-7fd375edf000 rw-p 00000000 00:00 0 
7fd375edf000-7fd375ee3000 ---p 00000000 00:00 0 
7fd375ee3000-7fd375fe0000 rw-p 00000000 00:00 0 
7fd375fe0000-7fd375fe4000 ---p 00000000 00:00 0 
7fd375fe4000-7fd3760e1000 rw-p 00000000 00:00 0 
7fd3760e1000-7fd3760e5000 ---p 00000000 00:00 0 
7fd3760e5000-7fd3761e2000 rw-p 00000000 00:00 0 
7fd3761e2000-7fd3761e6000 ---p 00000000 00:00 0 
7fd3761e6000-7fd3762e3000 rw-p 00000000 00:00 0 
7fd3762e3000-7fd3762e7000 ---p 00000000 00:00 0 
7fd3762e7000-7fd3763e4000 rw-p 00000000 00:00 0 
7fd3763e4000-7fd3763e8000 ---p 00000000 00:00 0 
7fd3763e8000-7fd3764e5000 rw-p 00000000 00:00 0 
7fd3764e5000-7fd3764e9000 ---p 00000000 00:00 0 
7fd3764e9000-7fd3765e6000 rw-p 00000000 00:00 0 
7fd3765e6000-7fd3765ea000 ---p 00000000 00:00 0 
7fd3765ea000-7fd3766e7000 rw-p 00000000 00:00 0 
7fd3766e7000-7fd3766eb000 ---p 00000000 00:00 0 
7fd3766eb000-7fd3767e8000 rw-p 00000000 00:00 0 
7fd3767e8000-7fd3767ec000 ---p 00000000 00:00 0 
7fd3767ec000-7fd3768e9000 rw-p 00000000 00:00 0 
7fd3768e9000-7fd3768ed000 ---p 00000000 00:00 0 
7fd3768ed000-7fd3769e9000 rw-p 00000000 00:00 0 
7fd3769e9000-7fd376a14000 r--p 00000000 103:04 9073941                   /usr/lib/jvm/java-17-openjdk/lib/libawt.so
7fd376a14000-7fd376ab1000 r-xp 0002b000 103:04 9073941                   /usr/lib/jvm/java-17-openjdk/lib/libawt.so
7fd376ab1000-7fd376abe000 r--p 000c8000 103:04 9073941                   /usr/lib/jvm/java-17-openjdk/lib/libawt.so
7fd376abe000-7fd376abf000 r--p 000d4000 103:04 9073941                   /usr/lib/jvm/java-17-openjdk/lib/libawt.so
7fd376abf000-7fd376aca000 rw-p 000d5000 103:04 9073941                   /usr/lib/jvm/java-17-openjdk/lib/libawt.so
7fd376aca000-7fd376aef000 rw-p 00000000 00:00 0 
7fd376aef000-7fd376af0000 rw-p 00000000 00:00 0 
7fd376af0000-7fd376af4000 ---p 00000000 00:00 0 
7fd376af4000-7fd376bf1000 rw-p 00000000 00:00 0 
7fd376bf1000-7fd376bf5000 ---p 00000000 00:00 0 
7fd376bf5000-7fd376cf2000 rw-p 00000000 00:00 0 
7fd376cf2000-7fd376cf6000 ---p 00000000 00:00 0 
7fd376cf6000-7fd376df3000 rw-p 00000000 00:00 0 
7fd376df3000-7fd376df7000 ---p 00000000 00:00 0 
7fd376df7000-7fd376ef4000 rw-p 00000000 00:00 0 
7fd376ef4000-7fd376ef8000 ---p 00000000 00:00 0 
7fd376ef8000-7fd376ff5000 rw-p 00000000 00:00 0 
7fd376ff5000-7fd376ff9000 ---p 00000000 00:00 0 
7fd376ff9000-7fd3770f6000 rw-p 00000000 00:00 0 
7fd3770f6000-7fd3770fa000 ---p 00000000 00:00 0 
7fd3770fa000-7fd3771f7000 rw-p 00000000 00:00 0 
7fd3771f7000-7fd3771fb000 ---p 00000000 00:00 0 
7fd3771fb000-7fd3772f8000 rw-p 00000000 00:00 0 
7fd3772f8000-7fd3772fc000 ---p 00000000 00:00 0 
7fd3772fc000-7fd3773f9000 rw-p 00000000 00:00 0 
7fd3773f9000-7fd3773fd000 ---p 00000000 00:00 0 
7fd3773fd000-7fd3774fa000 rw-p 00000000 00:00 0 
7fd3774fa000-7fd3774fe000 ---p 00000000 00:00 0 
7fd3774fe000-7fd3775fb000 rw-p 00000000 00:00 0 
7fd3775fb000-7fd3775ff000 ---p 00000000 00:00 0 
7fd3775ff000-7fd3776fc000 rw-p 00000000 00:00 0 
7fd3776fc000-7fd377700000 ---p 00000000 00:00 0 
7fd377700000-7fd3777fd000 rw-p 00000000 00:00 0 
7fd3777fd000-7fd377801000 ---p 00000000 00:00 0 
7fd377801000-7fd3778fe000 rw-p 00000000 00:00 0 
7fd3778fe000-7fd377902000 ---p 00000000 00:00 0 
7fd377902000-7fd3779ff000 rw-p 00000000 00:00 0 
7fd3779ff000-7fd377a03000 ---p 00000000 00:00 0 
7fd377a03000-7fd377b00000 rw-p 00000000 00:00 0 
7fd377b00000-7fd377b04000 ---p 00000000 00:00 0 
7fd377b04000-7fd377c00000 rw-p 00000000 00:00 0 
7fd377cfd000-7fd377cfe000 rw-p 00000000 00:00 0 
7fd377cfe000-7fd377d02000 ---p 00000000 00:00 0 
7fd377d02000-7fd377dff000 rw-p 00000000 00:00 0 
7fd377dff000-7fd377e03000 ---p 00000000 00:00 0 
7fd377e03000-7fd377f00000 rw-p 00000000 00:00 0 
7fd377f00000-7fd377f04000 ---p 00000000 00:00 0 
7fd377f04000-7fd378000000 rw-p 00000000 00:00 0 
7fd378000000-7fd37a900000 rw-p 00000000 00:00 0 
7fd37a900000-7fd37aa00000 rw-p 00000000 00:00 0 
7fd37aa00000-7fd37b980000 rw-p 00000000 00:00 0 
7fd37b980000-7fd37ba00000 rw-p 00000000 00:00 0 
7fd37ba00000-7fd37c000000 rw-p 00000000 00:00 0 
7fd37c000000-7fd37e4f2000 rw-p 00000000 00:00 0 
7fd37e4f2000-7fd380000000 ---p 00000000 00:00 0 
7fd380081000-7fd380082000 rw-p 00000000 00:00 0 
7fd380082000-7fd380086000 ---p 00000000 00:00 0 
7fd380086000-7fd380183000 rw-p 00000000 00:00 0 
7fd380183000-7fd380187000 ---p 00000000 00:00 0 
7fd380187000-7fd380284000 rw-p 00000000 00:00 0 
7fd380284000-7fd380288000 ---p 00000000 00:00 0 
7fd380288000-7fd380385000 rw-p 00000000 00:00 0 
7fd380385000-7fd380389000 ---p 00000000 00:00 0 
7fd380389000-7fd380486000 rw-p 00000000 00:00 0 
7fd380486000-7fd38048a000 ---p 00000000 00:00 0 
7fd38048a000-7fd380587000 rw-p 00000000 00:00 0 
7fd380587000-7fd38058b000 ---p 00000000 00:00 0 
7fd38058b000-7fd380688000 rw-p 00000000 00:00 0 
7fd380688000-7fd38068c000 ---p 00000000 00:00 0 
7fd38068c000-7fd380789000 rw-p 00000000 00:00 0 
7fd380789000-7fd38078d000 ---p 00000000 00:00 0 
7fd38078d000-7fd38088a000 rw-p 00000000 00:00 0 
7fd38088a000-7fd38088e000 ---p 00000000 00:00 0 
7fd38088e000-7fd38098b000 rw-p 00000000 00:00 0 
7fd38098b000-7fd38098f000 ---p 00000000 00:00 0 
7fd38098f000-7fd380a8c000 rw-p 00000000 00:00 0 
7fd380a8c000-7fd380a90000 ---p 00000000 00:00 0 
7fd380a90000-7fd380b8d000 rw-p 00000000 00:00 0 
7fd380b8d000-7fd380b91000 ---p 00000000 00:00 0 
7fd380b91000-7fd380c8e000 rw-p 00000000 00:00 0 
7fd380c8e000-7fd380c92000 ---p 00000000 00:00 0 
7fd380c92000-7fd380d8f000 rw-p 00000000 00:00 0 
7fd380d8f000-7fd380d93000 ---p 00000000 00:00 0 
7fd380d93000-7fd380e90000 rw-p 00000000 00:00 0 
7fd380e90000-7fd380e94000 ---p 00000000 00:00 0 
7fd380e94000-7fd380f91000 rw-p 00000000 00:00 0 
7fd380f91000-7fd380f95000 ---p 00000000 00:00 0 
7fd380f95000-7fd381092000 rw-p 00000000 00:00 0 
7fd381092000-7fd381096000 ---p 00000000 00:00 0 
7fd381096000-7fd381193000 rw-p 00000000 00:00 0 
7fd381193000-7fd381197000 ---p 00000000 00:00 0 
7fd381197000-7fd381294000 rw-p 00000000 00:00 0 
7fd381294000-7fd381298000 ---p 00000000 00:00 0 
7fd381298000-7fd381395000 rw-p 00000000 00:00 0 
7fd381395000-7fd381399000 ---p 00000000 00:00 0 
7fd381399000-7fd381496000 rw-p 00000000 00:00 0 
7fd381496000-7fd38149a000 ---p 00000000 00:00 0 
7fd38149a000-7fd381a9c000 rw-p 00000000 00:00 0 
7fd381a9c000-7fd381aa0000 ---p 00000000 00:00 0 
7fd381aa0000-7fd381b9d000 rw-p 00000000 00:00 0 
7fd381b9d000-7fd381ba1000 ---p 00000000 00:00 0 
7fd381ba1000-7fd381c9e000 rw-p 00000000 00:00 0 
7fd381c9e000-7fd381ca2000 ---p 00000000 00:00 0 
7fd381ca2000-7fd381d9f000 rw-p 00000000 00:00 0 
7fd381d9f000-7fd381da3000 ---p 00000000 00:00 0 
7fd381da3000-7fd381ea0000 rw-p 00000000 00:00 0 
7fd381ea0000-7fd381ea4000 ---p 00000000 00:00 0 
7fd381ea4000-7fd381fa1000 rw-p 00000000 00:00 0 
7fd381fa1000-7fd381fa5000 ---p 00000000 00:00 0 
7fd381fa5000-7fd3820a2000 rw-p 00000000 00:00 0 
7fd3820a2000-7fd3820a6000 ---p 00000000 00:00 0 
7fd3820a6000-7fd3821a3000 rw-p 00000000 00:00 0 
7fd3821a3000-7fd3821a7000 ---p 00000000 00:00 0 
7fd3821a7000-7fd3822a4000 rw-p 00000000 00:00 0 
7fd3822a4000-7fd3822a8000 ---p 00000000 00:00 0 
7fd3822a8000-7fd3823a5000 rw-p 00000000 00:00 0 
7fd3823a5000-7fd3823a9000 ---p 00000000 00:00 0 
7fd3823a9000-7fd3824a6000 rw-p 00000000 00:00 0 
7fd3824a6000-7fd3824aa000 ---p 00000000 00:00 0 
7fd3824aa000-7fd3825a7000 rw-p 00000000 00:00 0 
7fd3825a7000-7fd3825ab000 ---p 00000000 00:00 0 
7fd3825ab000-7fd3826a8000 rw-p 00000000 00:00 0 
7fd3826a8000-7fd3826ac000 ---p 00000000 00:00 0 
7fd3826ac000-7fd3827a9000 rw-p 00000000 00:00 0 
7fd3827a9000-7fd3827ad000 ---p 00000000 00:00 0 
7fd3827ad000-7fd3828aa000 rw-p 00000000 00:00 0 
7fd3828aa000-7fd3828ae000 ---p 00000000 00:00 0 
7fd3828ae000-7fd3829ab000 rw-p 00000000 00:00 0 
7fd3829ab000-7fd3829af000 ---p 00000000 00:00 0 
7fd3829af000-7fd382aac000 rw-p 00000000 00:00 0 
7fd382aac000-7fd382ab0000 ---p 00000000 00:00 0 
7fd382ab0000-7fd382bad000 rw-p 00000000 00:00 0 
7fd382bad000-7fd382bb1000 ---p 00000000 00:00 0 
7fd382bb1000-7fd382cae000 rw-p 00000000 00:00 0 
7fd382cae000-7fd382cb2000 ---p 00000000 00:00 0 
7fd382cb2000-7fd382daf000 rw-p 00000000 00:00 0 
7fd382daf000-7fd382db3000 ---p 00000000 00:00 0 
7fd382db3000-7fd382eb0000 rw-p 00000000 00:00 0 
7fd382eb0000-7fd382eb4000 ---p 00000000 00:00 0 
7fd382eb4000-7fd382fb1000 rw-p 00000000 00:00 0 
7fd382fb1000-7fd382fb5000 ---p 00000000 00:00 0 
7fd382fb5000-7fd3830b2000 rw-p 00000000 00:00 0 
7fd3830b2000-7fd3830b6000 ---p 00000000 00:00 0 
7fd3830b6000-7fd3831b3000 rw-p 00000000 00:00 0 
7fd3831b3000-7fd3831b7000 ---p 00000000 00:00 0 
7fd3831b7000-7fd3832b4000 rw-p 00000000 00:00 0 
7fd3832b4000-7fd3832b8000 ---p 00000000 00:00 0 
7fd3832b8000-7fd3833b5000 rw-p 00000000 00:00 0 
7fd3833b5000-7fd3833b9000 ---p 00000000 00:00 0 
7fd3833b9000-7fd3834b6000 rw-p 00000000 00:00 0 
7fd3834b6000-7fd3834ba000 ---p 00000000 00:00 0 
7fd3834ba000-7fd3835b7000 rw-p 00000000 00:00 0 
7fd3835b7000-7fd3835bb000 ---p 00000000 00:00 0 
7fd3835bb000-7fd3836b8000 rw-p 00000000 00:00 0 
7fd3836b8000-7fd3836bc000 ---p 00000000 00:00 0 
7fd3836bc000-7fd3837b9000 rw-p 00000000 00:00 0 
7fd3837b9000-7fd3837bd000 ---p 00000000 00:00 0 
7fd3837bd000-7fd3838ba000 rw-p 00000000 00:00 0 
7fd3838ba000-7fd3838be000 ---p 00000000 00:00 0 
7fd3838be000-7fd3839bb000 rw-p 00000000 00:00 0 
7fd3839bb000-7fd3839bf000 ---p 00000000 00:00 0 
7fd3839bf000-7fd383abc000 rw-p 00000000 00:00 0 
7fd383abc000-7fd383ac0000 ---p 00000000 00:00 0 
7fd383ac0000-7fd383bbd000 rw-p 00000000 00:00 0 
7fd383bbd000-7fd383bc1000 ---p 00000000 00:00 0 
7fd383bc1000-7fd383cbe000 rw-p 00000000 00:00 0 
7fd383cbe000-7fd383cc2000 ---p 00000000 00:00 0 
7fd383cc2000-7fd383dbf000 rw-p 00000000 00:00 0 
7fd383dbf000-7fd383dc3000 ---p 00000000 00:00 0 
7fd383dc3000-7fd383ec0000 rw-p 00000000 00:00 0 
7fd383ec0000-7fd383ec4000 ---p 00000000 00:00 0 
7fd383ec4000-7fd383fc1000 rw-p 00000000 00:00 0 
7fd383fc1000-7fd383fc5000 ---p 00000000 00:00 0 
7fd383fc5000-7fd3840c2000 rw-p 00000000 00:00 0 
7fd3840c2000-7fd3840c6000 ---p 00000000 00:00 0 
7fd3840c6000-7fd3841c3000 rw-p 00000000 00:00 0 
7fd3841c3000-7fd3841c7000 ---p 00000000 00:00 0 
7fd3841c7000-7fd3842c4000 rw-p 00000000 00:00 0 
7fd3842c4000-7fd3842c8000 ---p 00000000 00:00 0 
7fd3842c8000-7fd3843c5000 rw-p 00000000 00:00 0 
7fd3843c5000-7fd3843c9000 ---p 00000000 00:00 0 
7fd3843c9000-7fd3844c6000 rw-p 00000000 00:00 0 
7fd3844c6000-7fd3844ca000 ---p 00000000 00:00 0 
7fd3844ca000-7fd3845c7000 rw-p 00000000 00:00 0 
7fd3845c7000-7fd3845cb000 ---p 00000000 00:00 0 
7fd3845cb000-7fd3846c8000 rw-p 00000000 00:00 0 
7fd3846c8000-7fd3846cc000 ---p 00000000 00:00 0 
7fd3846cc000-7fd3847c9000 rw-p 00000000 00:00 0 
7fd3847c9000-7fd3847cd000 ---p 00000000 00:00 0 
7fd3847cd000-7fd3848ca000 rw-p 00000000 00:00 0 
7fd3848ca000-7fd3848ce000 ---p 00000000 00:00 0 
7fd3848ce000-7fd3849cb000 rw-p 00000000 00:00 0 
7fd3849cb000-7fd3849cf000 ---p 00000000 00:00 0 
7fd3849cf000-7fd384acc000 rw-p 00000000 00:00 0 
7fd384acc000-7fd384ad0000 ---p 00000000 00:00 0 
7fd384ad0000-7fd384bcd000 rw-p 00000000 00:00 0 
7fd384bcd000-7fd384bd1000 ---p 00000000 00:00 0 
7fd384bd1000-7fd384cce000 rw-p 00000000 00:00 0 
7fd384cce000-7fd384cd2000 ---p 00000000 00:00 0 
7fd384cd2000-7fd384dcf000 rw-p 00000000 00:00 0 
7fd384dcf000-7fd384dd3000 ---p 00000000 00:00 0 
7fd384dd3000-7fd384ed0000 rw-p 00000000 00:00 0 
7fd384ed0000-7fd384ed4000 ---p 00000000 00:00 0 
7fd384ed4000-7fd384fd1000 rw-p 00000000 00:00 0 
7fd384fd1000-7fd384fd5000 ---p 00000000 00:00 0 
7fd384fd5000-7fd3850d2000 rw-p 00000000 00:00 0 
7fd3850d2000-7fd3850d6000 ---p 00000000 00:00 0 
7fd3850d6000-7fd3851d3000 rw-p 00000000 00:00 0 
7fd3851d3000-7fd3851d7000 ---p 00000000 00:00 0 
7fd3851d7000-7fd3852d4000 rw-p 00000000 00:00 0 
7fd3852d4000-7fd3852d8000 ---p 00000000 00:00 0 
7fd3852d8000-7fd3853d5000 rw-p 00000000 00:00 0 
7fd3853d5000-7fd3853d9000 ---p 00000000 00:00 0 
7fd3853d9000-7fd3854d6000 rw-p 00000000 00:00 0 
7fd3854d6000-7fd3854da000 ---p 00000000 00:00 0 
7fd3854da000-7fd3855d7000 rw-p 00000000 00:00 0 
7fd3855d7000-7fd3855db000 ---p 00000000 00:00 0 
7fd3855db000-7fd3856d8000 rw-p 00000000 00:00 0 
7fd3856d8000-7fd3856dc000 ---p 00000000 00:00 0 
7fd3856dc000-7fd3857d9000 rw-p 00000000 00:00 0 
7fd3857d9000-7fd3857dd000 ---p 00000000 00:00 0 
7fd3857dd000-7fd3858da000 rw-p 00000000 00:00 0 
7fd3858da000-7fd3858de000 ---p 00000000 00:00 0 
7fd3858de000-7fd3859db000 rw-p 00000000 00:00 0 
7fd3859db000-7fd3859df000 ---p 00000000 00:00 0 
7fd3859df000-7fd385adc000 rw-p 00000000 00:00 0 
7fd385adc000-7fd385ae0000 ---p 00000000 00:00 0 
7fd385ae0000-7fd385bdd000 rw-p 00000000 00:00 0 
7fd385bdd000-7fd385be1000 ---p 00000000 00:00 0 
7fd385be1000-7fd385cde000 rw-p 00000000 00:00 0 
7fd385cde000-7fd385ce2000 ---p 00000000 00:00 0 
7fd385ce2000-7fd385ddf000 rw-p 00000000 00:00 0 
7fd385ddf000-7fd385de3000 ---p 00000000 00:00 0 
7fd385de3000-7fd385ee0000 rw-p 00000000 00:00 0 
7fd385ee0000-7fd385ee4000 ---p 00000000 00:00 0 
7fd385ee4000-7fd385fe1000 rw-p 00000000 00:00 0 
7fd385fe1000-7fd385fe5000 ---p 00000000 00:00 0 
7fd385fe5000-7fd3860e2000 rw-p 00000000 00:00 0 
7fd3860e2000-7fd3860e6000 ---p 00000000 00:00 0 
7fd3860e6000-7fd3861e3000 rw-p 00000000 00:00 0 
7fd3861e3000-7fd3861e7000 ---p 00000000 00:00 0 
7fd3861e7000-7fd3862e4000 rw-p 00000000 00:00 0 
7fd3862e4000-7fd3862e8000 ---p 00000000 00:00 0 
7fd3862e8000-7fd3863e5000 rw-p 00000000 00:00 0 
7fd3863e5000-7fd3863e9000 ---p 00000000 00:00 0 
7fd3863e9000-7fd3864e6000 rw-p 00000000 00:00 0 
7fd3864e6000-7fd3864ea000 ---p 00000000 00:00 0 
7fd3864ea000-7fd3865e7000 rw-p 00000000 00:00 0 
7fd3865e7000-7fd3865eb000 ---p 00000000 00:00 0 
7fd3865eb000-7fd3866e8000 rw-p 00000000 00:00 0 
7fd3866e8000-7fd3866ec000 ---p 00000000 00:00 0 
7fd3866ec000-7fd3867e9000 rw-p 00000000 00:00 0 
7fd3867e9000-7fd3867ed000 ---p 00000000 00:00 0 
7fd3867ed000-7fd3868ea000 rw-p 00000000 00:00 0 
7fd3868ea000-7fd3868ee000 ---p 00000000 00:00 0 
7fd3868ee000-7fd3869eb000 rw-p 00000000 00:00 0 
7fd3869eb000-7fd3869ef000 ---p 00000000 00:00 0 
7fd3869ef000-7fd386aec000 rw-p 00000000 00:00 0 
7fd386aec000-7fd386af0000 ---p 00000000 00:00 0 
7fd386af0000-7fd386bed000 rw-p 00000000 00:00 0 
7fd386bed000-7fd386bf1000 ---p 00000000 00:00 0 
7fd386bf1000-7fd386cee000 rw-p 00000000 00:00 0 
7fd386cee000-7fd386cf2000 ---p 00000000 00:00 0 
7fd386cf2000-7fd386def000 rw-p 00000000 00:00 0 
7fd386def000-7fd386df3000 ---p 00000000 00:00 0 
7fd386df3000-7fd386ef0000 rw-p 00000000 00:00 0 
7fd386ef0000-7fd386ef4000 ---p 00000000 00:00 0 
7fd386ef4000-7fd386ff1000 rw-p 00000000 00:00 0 
7fd386ff1000-7fd386ff5000 ---p 00000000 00:00 0 
7fd386ff5000-7fd3870f2000 rw-p 00000000 00:00 0 
7fd3870f2000-7fd3870f6000 ---p 00000000 00:00 0 
7fd3870f6000-7fd3871f3000 rw-p 00000000 00:00 0 
7fd3871f3000-7fd3871f7000 ---p 00000000 00:00 0 
7fd3871f7000-7fd3872f4000 rw-p 00000000 00:00 0 
7fd3872f4000-7fd3872f8000 ---p 00000000 00:00 0 
7fd3872f8000-7fd3873f5000 rw-p 00000000 00:00 0 
7fd3873f5000-7fd3873f9000 ---p 00000000 00:00 0 
7fd3873f9000-7fd3874f6000 rw-p 00000000 00:00 0 
7fd3874f6000-7fd3874fa000 ---p 00000000 00:00 0 
7fd3874fa000-7fd3875f7000 rw-p 00000000 00:00 0 
7fd3875f7000-7fd3875fb000 ---p 00000000 00:00 0 
7fd3875fb000-7fd3876f8000 rw-p 00000000 00:00 0 
7fd3876f8000-7fd3876fc000 ---p 00000000 00:00 0 
7fd3876fc000-7fd3877f9000 rw-p 00000000 00:00 0 
7fd3877f9000-7fd3877fd000 ---p 00000000 00:00 0 
7fd3877fd000-7fd3878fa000 rw-p 00000000 00:00 0 
7fd3878fa000-7fd3878fe000 ---p 00000000 00:00 0 
7fd3878fe000-7fd3879fb000 rw-p 00000000 00:00 0 
7fd3879fb000-7fd3879ff000 ---p 00000000 00:00 0 
7fd3879ff000-7fd387afc000 rw-p 00000000 00:00 0 
7fd387afc000-7fd387b00000 ---p 00000000 00:00 0 
7fd387b00000-7fd387bfd000 rw-p 00000000 00:00 0 
7fd387bfd000-7fd387c01000 ---p 00000000 00:00 0 
7fd387c01000-7fd387cfe000 rw-p 00000000 00:00 0 
7fd387cfe000-7fd387d02000 ---p 00000000 00:00 0 
7fd387d02000-7fd387dff000 rw-p 00000000 00:00 0 
7fd387dff000-7fd387e03000 ---p 00000000 00:00 0 
7fd387e03000-7fd387f00000 rw-p 00000000 00:00 0 
7fd387f00000-7fd387f04000 ---p 00000000 00:00 0 
7fd387f04000-7fd388000000 rw-p 00000000 00:00 0 
7fd388000000-7fd388100000 rw-p 00000000 00:00 0 
7fd388100000-7fd388200000 rw-p 00000000 00:00 0 
7fd388200000-7fd389700000 rw-p 00000000 00:00 0 
7fd389700000-7fd389800000 rw-p 00000000 00:00 0 
7fd389800000-7fd38ad80000 rw-p 00000000 00:00 0 
7fd38ad80000-7fd38ae00000 rw-p 00000000 00:00 0 
7fd38ae00000-7fd38b100000 rw-p 00000000 00:00 0 
7fd38b100000-7fd38b200000 rw-p 00000000 00:00 0 
7fd38b200000-7fd38b700000 rw-p 00000000 00:00 0 
7fd38b700000-7fd38b800000 rw-p 00000000 00:00 0 
7fd38b800000-7fd38c000000 rw-p 00000000 00:00 0 
7fd38c000000-7fd38c057000 rw-p 00000000 00:00 0 
7fd38c057000-7fd390000000 ---p 00000000 00:00 0 
7fd3900c1000-7fd3900c2000 rw-p 00000000 00:00 0 
7fd3900c2000-7fd3900c6000 ---p 00000000 00:00 0 
7fd3900c6000-7fd3901c3000 rw-p 00000000 00:00 0 
7fd3901c3000-7fd3901c7000 ---p 00000000 00:00 0 
7fd3901c7000-7fd3902c4000 rw-p 00000000 00:00 0 
7fd3902c4000-7fd3902c8000 ---p 00000000 00:00 0 
7fd3902c8000-7fd3903c5000 rw-p 00000000 00:00 0 
7fd3903c5000-7fd3903c9000 ---p 00000000 00:00 0 
7fd3903c9000-7fd3904c6000 rw-p 00000000 00:00 0 
7fd3904c6000-7fd3904ca000 ---p 00000000 00:00 0 
7fd3904ca000-7fd3905c7000 rw-p 00000000 00:00 0 
7fd3905c7000-7fd3905cb000 ---p 00000000 00:00 0 
7fd3905cb000-7fd3906c8000 rw-p 00000000 00:00 0 
7fd3906c8000-7fd3906cc000 ---p 00000000 00:00 0 
7fd3906cc000-7fd3907c9000 rw-p 00000000 00:00 0 
7fd3907c9000-7fd3907cd000 ---p 00000000 00:00 0 
7fd3907cd000-7fd3908ca000 rw-p 00000000 00:00 0 
7fd3908ca000-7fd3908ce000 ---p 00000000 00:00 0 
7fd3908ce000-7fd3909cb000 rw-p 00000000 00:00 0 
7fd3909cb000-7fd3909cf000 ---p 00000000 00:00 0 
7fd3909cf000-7fd390acc000 rw-p 00000000 00:00 0 
7fd390acc000-7fd390ad0000 ---p 00000000 00:00 0 
7fd390ad0000-7fd390bcd000 rw-p 00000000 00:00 0 
7fd390bcd000-7fd390bd1000 ---p 00000000 00:00 0 
7fd390bd1000-7fd390cce000 rw-p 00000000 00:00 0 
7fd390cce000-7fd390cd2000 ---p 00000000 00:00 0 
7fd390cd2000-7fd390dcf000 rw-p 00000000 00:00 0 
7fd390dcf000-7fd390dd3000 ---p 00000000 00:00 0 
7fd390dd3000-7fd390ed0000 rw-p 00000000 00:00 0 
7fd390ed0000-7fd390ed4000 ---p 00000000 00:00 0 
7fd390ed4000-7fd390fd1000 rw-p 00000000 00:00 0 
7fd390fd1000-7fd390fd5000 ---p 00000000 00:00 0 
7fd390fd5000-7fd3910d2000 rw-p 00000000 00:00 0 
7fd3910d2000-7fd3910d6000 ---p 00000000 00:00 0 
7fd3910d6000-7fd3911d3000 rw-p 00000000 00:00 0 
7fd3911d3000-7fd3911d7000 ---p 00000000 00:00 0 
7fd3911d7000-7fd3912d4000 rw-p 00000000 00:00 0 
7fd3912d4000-7fd3912d8000 ---p 00000000 00:00 0 
7fd3912d8000-7fd3913d5000 rw-p 00000000 00:00 0 
7fd3913d5000-7fd3913d9000 ---p 00000000 00:00 0 
7fd3913d9000-7fd3914d6000 rw-p 00000000 00:00 0 
7fd3914d6000-7fd3914da000 ---p 00000000 00:00 0 
7fd3914da000-7fd3915d7000 rw-p 00000000 00:00 0 
7fd3915d7000-7fd3915db000 ---p 00000000 00:00 0 
7fd3915db000-7fd3916d8000 rw-p 00000000 00:00 0 
7fd3916d8000-7fd3916dc000 ---p 00000000 00:00 0 
7fd3916dc000-7fd3917d9000 rw-p 00000000 00:00 0 
7fd3917d9000-7fd3917dd000 ---p 00000000 00:00 0 
7fd3917dd000-7fd3918da000 rw-p 00000000 00:00 0 
7fd3918da000-7fd3918de000 ---p 00000000 00:00 0 
7fd3918de000-7fd3919db000 rw-p 00000000 00:00 0 
7fd3919db000-7fd3919df000 ---p 00000000 00:00 0 
7fd3919df000-7fd391adc000 rw-p 00000000 00:00 0 
7fd391adc000-7fd391ae0000 ---p 00000000 00:00 0 
7fd391ae0000-7fd391bdd000 rw-p 00000000 00:00 0 
7fd391bdd000-7fd391be1000 ---p 00000000 00:00 0 
7fd391be1000-7fd391cde000 rw-p 00000000 00:00 0 
7fd391cde000-7fd391ce2000 ---p 00000000 00:00 0 
7fd391ce2000-7fd391ddf000 rw-p 00000000 00:00 0 
7fd391ddf000-7fd391de3000 ---p 00000000 00:00 0 
7fd391de3000-7fd391ee0000 rw-p 00000000 00:00 0 
7fd391ee0000-7fd391ee4000 ---p 00000000 00:00 0 
7fd391ee4000-7fd391fe1000 rw-p 00000000 00:00 0 
7fd391fe1000-7fd391fe5000 ---p 00000000 00:00 0 
7fd391fe5000-7fd3920e2000 rw-p 00000000 00:00 0 
7fd3920e2000-7fd3920e6000 ---p 00000000 00:00 0 
7fd3920e6000-7fd3921e3000 rw-p 00000000 00:00 0 
7fd3921e3000-7fd3921e7000 ---p 00000000 00:00 0 
7fd3921e7000-7fd3922e4000 rw-p 00000000 00:00 0 
7fd3922e4000-7fd3922e8000 ---p 00000000 00:00 0 
7fd3922e8000-7fd3923e5000 rw-p 00000000 00:00 0 
7fd3923e5000-7fd3923e9000 ---p 00000000 00:00 0 
7fd3923e9000-7fd3924e6000 rw-p 00000000 00:00 0 
7fd3924e6000-7fd3924ea000 ---p 00000000 00:00 0 
7fd3924ea000-7fd3925e7000 rw-p 00000000 00:00 0 
7fd3925e7000-7fd3925eb000 ---p 00000000 00:00 0 
7fd3925eb000-7fd3926e8000 rw-p 00000000 00:00 0 
7fd3926e8000-7fd3926ec000 ---p 00000000 00:00 0 
7fd3926ec000-7fd3927e9000 rw-p 00000000 00:00 0 
7fd3927e9000-7fd3927ed000 ---p 00000000 00:00 0 
7fd3927ed000-7fd3928ea000 rw-p 00000000 00:00 0 
7fd3928ea000-7fd3928ee000 ---p 00000000 00:00 0 
7fd3928ee000-7fd3929eb000 rw-p 00000000 00:00 0 
7fd3929eb000-7fd3929ef000 ---p 00000000 00:00 0 
7fd3929ef000-7fd392aec000 rw-p 00000000 00:00 0 
7fd392aec000-7fd392af0000 ---p 00000000 00:00 0 
7fd392af0000-7fd392bed000 rw-p 00000000 00:00 0 
7fd392bed000-7fd392bf1000 ---p 00000000 00:00 0 
7fd392bf1000-7fd392cee000 rw-p 00000000 00:00 0 
7fd392cee000-7fd392cf2000 ---p 00000000 00:00 0 
7fd392cf2000-7fd392def000 rw-p 00000000 00:00 0 
7fd392def000-7fd392df3000 ---p 00000000 00:00 0 
7fd392df3000-7fd392ef0000 rw-p 00000000 00:00 0 
7fd392ef0000-7fd392ef4000 ---p 00000000 00:00 0 
7fd392ef4000-7fd392ff1000 rw-p 00000000 00:00 0 
7fd392ff1000-7fd392ff5000 ---p 00000000 00:00 0 
7fd392ff5000-7fd3930f2000 rw-p 00000000 00:00 0 
7fd3930f2000-7fd3930f6000 ---p 00000000 00:00 0 
7fd3930f6000-7fd3931f3000 rw-p 00000000 00:00 0 
7fd3931f3000-7fd3931f7000 ---p 00000000 00:00 0 
7fd3931f7000-7fd3932f4000 rw-p 00000000 00:00 0 
7fd3932f4000-7fd3932f8000 ---p 00000000 00:00 0 
7fd3932f8000-7fd3933f5000 rw-p 00000000 00:00 0 
7fd3933f5000-7fd3933f9000 ---p 00000000 00:00 0 
7fd3933f9000-7fd3934f6000 rw-p 00000000 00:00 0 
7fd3934f6000-7fd3934fa000 ---p 00000000 00:00 0 
7fd3934fa000-7fd3935f7000 rw-p 00000000 00:00 0 
7fd3935f7000-7fd3935fb000 ---p 00000000 00:00 0 
7fd3935fb000-7fd3936f8000 rw-p 00000000 00:00 0 
7fd3936f8000-7fd3936fc000 ---p 00000000 00:00 0 
7fd3936fc000-7fd3937f9000 rw-p 00000000 00:00 0 
7fd3937f9000-7fd3937fd000 ---p 00000000 00:00 0 
7fd3937fd000-7fd3938fa000 rw-p 00000000 00:00 0 
7fd3938fa000-7fd3938fe000 ---p 00000000 00:00 0 
7fd3938fe000-7fd3939fb000 rw-p 00000000 00:00 0 
7fd3939fb000-7fd3939ff000 ---p 00000000 00:00 0 
7fd3939ff000-7fd393afc000 rw-p 00000000 00:00 0 
7fd393afc000-7fd393b00000 ---p 00000000 00:00 0 
7fd393b00000-7fd393bfd000 rw-p 00000000 00:00 0 
7fd393bfd000-7fd393c01000 ---p 00000000 00:00 0 
7fd393c01000-7fd393cfe000 rw-p 00000000 00:00 0 
7fd393cfe000-7fd393d02000 ---p 00000000 00:00 0 
7fd393d02000-7fd393dff000 rw-p 00000000 00:00 0 
7fd393dff000-7fd393e03000 ---p 00000000 00:00 0 
7fd393e03000-7fd393f00000 rw-p 00000000 00:00 0 
7fd393f00000-7fd393f04000 ---p 00000000 00:00 0 
7fd393f04000-7fd394000000 rw-p 00000000 00:00 0 
7fd394000000-7fd394030000 rw-p 00000000 00:00 0 
7fd394030000-7fd398000000 ---p 00000000 00:00 0 
7fd398000000-7fd39803f000 rw-p 00000000 00:00 0 
7fd39803f000-7fd39c000000 ---p 00000000 00:00 0 
7fd39c000000-7fd39c054000 rw-p 00000000 00:00 0 
7fd39c054000-7fd3a0000000 ---p 00000000 00:00 0 
7fd3a0000000-7fd3a00f4000 rw-p 00000000 00:00 0 
7fd3a00f4000-7fd3a4000000 ---p 00000000 00:00 0 
7fd3a4000000-7fd3a404d000 rw-p 00000000 00:00 0 
7fd3a404d000-7fd3a8000000 ---p 00000000 00:00 0 
7fd3a8000000-7fd3a804f000 rw-p 00000000 00:00 0 
7fd3a804f000-7fd3ac000000 ---p 00000000 00:00 0 
7fd3ac000000-7fd3ac054000 rw-p 00000000 00:00 0 
7fd3ac054000-7fd3b0000000 ---p 00000000 00:00 0 
7fd3b0000000-7fd3b004d000 rw-p 00000000 00:00 0 
7fd3b004d000-7fd3b4000000 ---p 00000000 00:00 0 
7fd3b4000000-7fd3b4053000 rw-p 00000000 00:00 0 
7fd3b4053000-7fd3b8000000 ---p 00000000 00:00 0 
7fd3b8000000-7fd3b8035000 rw-p 00000000 00:00 0 
7fd3b8035000-7fd3bc000000 ---p 00000000 00:00 0 
7fd3bc000000-7fd3bc04e000 rw-p 00000000 00:00 0 
7fd3bc04e000-7fd3c0000000 ---p 00000000 00:00 0 
7fd3c0000000-7fd3c004d000 rw-p 00000000 00:00 0 
7fd3c004d000-7fd3c4000000 ---p 00000000 00:00 0 
7fd3c4000000-7fd3c6357000 rw-p 00000000 00:00 0 
7fd3c6357000-7fd3c8000000 ---p 00000000 00:00 0 
7fd3c8000000-7fd3c804b000 rw-p 00000000 00:00 0 
7fd3c804b000-7fd3cc000000 ---p 00000000 00:00 0 
7fd3cc000000-7fd3cd55d000 rw-p 00000000 00:00 0 
7fd3cd55d000-7fd3d0000000 ---p 00000000 00:00 0 
7fd3d0000000-7fd3d12e6000 rw-p 00000000 00:00 0 
7fd3d12e6000-7fd3d4000000 ---p 00000000 00:00 0 
7fd3d4000000-7fd3d5045000 rw-p 00000000 00:00 0 
7fd3d5045000-7fd3d8000000 ---p 00000000 00:00 0 
7fd3d8000000-7fd3d9121000 rw-p 00000000 00:00 0 
7fd3d9121000-7fd3dc000000 ---p 00000000 00:00 0 
7fd3dc000000-7fd3dc04a000 rw-p 00000000 00:00 0 
7fd3dc04a000-7fd3e0000000 ---p 00000000 00:00 0 
7fd3e0000000-7fd3e004f000 rw-p 00000000 00:00 0 
7fd3e004f000-7fd3e4000000 ---p 00000000 00:00 0 
7fd3e4000000-7fd3e4422000 rw-p 00000000 00:00 0 
7fd3e4422000-7fd3e8000000 ---p 00000000 00:00 0 
7fd3e8000000-7fd3e8025000 rw-p 00000000 00:00 0 
7fd3e8025000-7fd3ec000000 ---p 00000000 00:00 0 
7fd3ec000000-7fd3ec051000 rw-p 00000000 00:00 0 
7fd3ec051000-7fd3f0000000 ---p 00000000 00:00 0 
7fd3f0000000-7fd3f05e0000 rw-p 00000000 00:00 0 
7fd3f05e0000-7fd3f4000000 ---p 00000000 00:00 0 
7fd3f4000000-7fd3f4057000 rw-p 00000000 00:00 0 
7fd3f4057000-7fd3f8000000 ---p 00000000 00:00 0 
7fd3f8000000-7fd3f804e000 rw-p 00000000 00:00 0 
7fd3f804e000-7fd3fc000000 ---p 00000000 00:00 0 
7fd3fc000000-7fd3fc04e000 rw-p 00000000 00:00 0 
7fd3fc04e000-7fd400000000 ---p 00000000 00:00 0 
7fd400000000-7fd40004d000 rw-p 00000000 00:00 0 
7fd40004d000-7fd404000000 ---p 00000000 00:00 0 
7fd404000000-7fd405555000 rw-p 00000000 00:00 0 
7fd405555000-7fd408000000 ---p 00000000 00:00 0 
7fd408000000-7fd408084000 rw-p 00000000 00:00 0 
7fd408084000-7fd40c000000 ---p 00000000 00:00 0 
7fd40c000000-7fd40c71e000 rw-p 00000000 00:00 0 
7fd40c71e000-7fd410000000 ---p 00000000 00:00 0 
7fd410000000-7fd410a25000 rw-p 00000000 00:00 0 
7fd410a25000-7fd414000000 ---p 00000000 00:00 0 
7fd414000000-7fd414021000 rw-p 00000000 00:00 0 
7fd414021000-7fd418000000 ---p 00000000 00:00 0 
7fd418000000-7fd418027000 rw-p 00000000 00:00 0 
7fd418027000-7fd41c000000 ---p 00000000 00:00 0 
7fd41c000000-7fd41c04c000 rw-p 00000000 00:00 0 
7fd41c04c000-7fd420000000 ---p 00000000 00:00 0 
7fd420000000-7fd42003c000 rw-p 00000000 00:00 0 
7fd42003c000-7fd424000000 ---p 00000000 00:00 0 
7fd424000000-7fd424a1f000 rw-p 00000000 00:00 0 
7fd424a1f000-7fd428000000 ---p 00000000 00:00 0 
7fd428000000-7fd428067000 rw-p 00000000 00:00 0 
7fd428067000-7fd42c000000 ---p 00000000 00:00 0 
7fd42c000000-7fd42cfc0000 rw-p 00000000 00:00 0 
7fd42cfc0000-7fd430000000 ---p 00000000 00:00 0 
7fd430000000-7fd430021000 rw-p 00000000 00:00 0 
7fd430021000-7fd434000000 ---p 00000000 00:00 0 
7fd434000000-7fd434630000 rw-p 00000000 00:00 0 
7fd434630000-7fd438000000 ---p 00000000 00:00 0 
7fd438000000-7fd4392f8000 rw-p 00000000 00:00 0 
7fd4392f8000-7fd43c000000 ---p 00000000 00:00 0 
7fd43c000000-7fd43c04d000 rw-p 00000000 00:00 0 
7fd43c04d000-7fd440000000 ---p 00000000 00:00 0 
7fd440000000-7fd440a95000 rw-p 00000000 00:00 0 
7fd440a95000-7fd444000000 ---p 00000000 00:00 0 
7fd444000000-7fd444047000 rw-p 00000000 00:00 0 
7fd444047000-7fd448000000 ---p 00000000 00:00 0 
7fd448000000-7fd448036000 rw-p 00000000 00:00 0 
7fd448036000-7fd44c000000 ---p 00000000 00:00 0 
7fd44c000000-7fd44c021000 rw-p 00000000 00:00 0 
7fd44c021000-7fd450000000 ---p 00000000 00:00 0 
7fd450000000-7fd450047000 rw-p 00000000 00:00 0 
7fd450047000-7fd454000000 ---p 00000000 00:00 0 
7fd454000000-7fd45404a000 rw-p 00000000 00:00 0 
7fd45404a000-7fd458000000 ---p 00000000 00:00 0 
7fd458000000-7fd458029000 rw-p 00000000 00:00 0 
7fd458029000-7fd45c000000 ---p 00000000 00:00 0 
7fd45c000000-7fd45c296000 rw-p 00000000 00:00 0 
7fd45c296000-7fd460000000 ---p 00000000 00:00 0 
7fd460000000-7fd460058000 rw-p 00000000 00:00 0 
7fd460058000-7fd464000000 ---p 00000000 00:00 0 
7fd464000000-7fd464392000 rw-p 00000000 00:00 0 
7fd464392000-7fd468000000 ---p 00000000 00:00 0 
7fd468000000-7fd4682d4000 rw-p 00000000 00:00 0 
7fd4682d4000-7fd46c000000 ---p 00000000 00:00 0 
7fd46c000000-7fd46dac0000 rw-p 00000000 00:00 0 
7fd46dac0000-7fd470000000 ---p 00000000 00:00 0 
7fd470000000-7fd4711bb000 rw-p 00000000 00:00 0 
7fd4711bb000-7fd474000000 ---p 00000000 00:00 0 
7fd4740c1000-7fd4740c2000 rw-p 00000000 00:00 0 
7fd4740c2000-7fd4740c6000 ---p 00000000 00:00 0 
7fd4740c6000-7fd4741c3000 rw-p 00000000 00:00 0 
7fd4741c3000-7fd4741c7000 ---p 00000000 00:00 0 
7fd4741c7000-7fd4742c4000 rw-p 00000000 00:00 0 
7fd4742c4000-7fd4742c8000 ---p 00000000 00:00 0 
7fd4742c8000-7fd4743c5000 rw-p 00000000 00:00 0 
7fd4743c5000-7fd4743c9000 ---p 00000000 00:00 0 
7fd4743c9000-7fd4744c6000 rw-p 00000000 00:00 0 
7fd4744c6000-7fd4744ca000 ---p 00000000 00:00 0 
7fd4744ca000-7fd4745c7000 rw-p 00000000 00:00 0 
7fd4745c7000-7fd4745cb000 ---p 00000000 00:00 0 
7fd4745cb000-7fd4746c8000 rw-p 00000000 00:00 0 
7fd4746c8000-7fd4746cc000 ---p 00000000 00:00 0 
7fd4746cc000-7fd4747c9000 rw-p 00000000 00:00 0 
7fd4747c9000-7fd4747cd000 ---p 00000000 00:00 0 
7fd4747cd000-7fd4748ca000 rw-p 00000000 00:00 0 
7fd4748ca000-7fd4748ce000 ---p 00000000 00:00 0 
7fd4748ce000-7fd4749cb000 rw-p 00000000 00:00 0 
7fd4749cb000-7fd4749cf000 ---p 00000000 00:00 0 
7fd4749cf000-7fd474acc000 rw-p 00000000 00:00 0 
7fd474acc000-7fd474ad0000 ---p 00000000 00:00 0 
7fd474ad0000-7fd474bcd000 rw-p 00000000 00:00 0 
7fd474bcd000-7fd474bd1000 ---p 00000000 00:00 0 
7fd474bd1000-7fd474cce000 rw-p 00000000 00:00 0 
7fd474cce000-7fd474cd2000 ---p 00000000 00:00 0 
7fd474cd2000-7fd474dcf000 rw-p 00000000 00:00 0 
7fd474dcf000-7fd474dd3000 ---p 00000000 00:00 0 
7fd474dd3000-7fd474ed0000 rw-p 00000000 00:00 0 
7fd474ed0000-7fd474ed4000 ---p 00000000 00:00 0 
7fd474ed4000-7fd474fd1000 rw-p 00000000 00:00 0 
7fd474fd1000-7fd474fd5000 ---p 00000000 00:00 0 
7fd474fd5000-7fd4750d2000 rw-p 00000000 00:00 0 
7fd4750d2000-7fd4750d6000 ---p 00000000 00:00 0 
7fd4750d6000-7fd4751d3000 rw-p 00000000 00:00 0 
7fd4751d3000-7fd4751d7000 ---p 00000000 00:00 0 
7fd4751d7000-7fd4752d4000 rw-p 00000000 00:00 0 
7fd4752d4000-7fd4752d8000 ---p 00000000 00:00 0 
7fd4752d8000-7fd4753d5000 rw-p 00000000 00:00 0 
7fd4753d5000-7fd4753d9000 ---p 00000000 00:00 0 
7fd4753d9000-7fd4754d6000 rw-p 00000000 00:00 0 
7fd4754d6000-7fd4754da000 ---p 00000000 00:00 0 
7fd4754da000-7fd4755d7000 rw-p 00000000 00:00 0 
7fd4755d7000-7fd4755db000 ---p 00000000 00:00 0 
7fd4755db000-7fd4756d8000 rw-p 00000000 00:00 0 
7fd4756d8000-7fd4756dc000 ---p 00000000 00:00 0 
7fd4756dc000-7fd4757d9000 rw-p 00000000 00:00 0 
7fd4757d9000-7fd4757dd000 ---p 00000000 00:00 0 
7fd4757dd000-7fd4758da000 rw-p 00000000 00:00 0 
7fd4758da000-7fd4758de000 ---p 00000000 00:00 0 
7fd4758de000-7fd4759db000 rw-p 00000000 00:00 0 
7fd4759db000-7fd4759df000 ---p 00000000 00:00 0 
7fd4759df000-7fd475adc000 rw-p 00000000 00:00 0 
7fd475adc000-7fd475ae0000 ---p 00000000 00:00 0 
7fd475ae0000-7fd475bdd000 rw-p 00000000 00:00 0 
7fd475bdd000-7fd475be1000 ---p 00000000 00:00 0 
7fd475be1000-7fd475cde000 rw-p 00000000 00:00 0 
7fd475cde000-7fd475ce2000 ---p 00000000 00:00 0 
7fd475ce2000-7fd475ddf000 rw-p 00000000 00:00 0 
7fd475ddf000-7fd475de3000 ---p 00000000 00:00 0 
7fd475de3000-7fd475ee0000 rw-p 00000000 00:00 0 
7fd475ee0000-7fd475ee4000 ---p 00000000 00:00 0 
7fd475ee4000-7fd475fe1000 rw-p 00000000 00:00 0 
7fd475fe1000-7fd475fe5000 ---p 00000000 00:00 0 
7fd475fe5000-7fd4760e2000 rw-p 00000000 00:00 0 
7fd4760e2000-7fd4760e6000 ---p 00000000 00:00 0 
7fd4760e6000-7fd4761e3000 rw-p 00000000 00:00 0 
7fd4761e3000-7fd4761e7000 ---p 00000000 00:00 0 
7fd4761e7000-7fd4762e4000 rw-p 00000000 00:00 0 
7fd4762e4000-7fd4762e8000 ---p 00000000 00:00 0 
7fd4762e8000-7fd4763e5000 rw-p 00000000 00:00 0 
7fd4763e5000-7fd4763e9000 ---p 00000000 00:00 0 
7fd4763e9000-7fd4764e6000 rw-p 00000000 00:00 0 
7fd4764e6000-7fd4764ea000 ---p 00000000 00:00 0 
7fd4764ea000-7fd4765e7000 rw-p 00000000 00:00 0 
7fd4765e7000-7fd4765eb000 ---p 00000000 00:00 0 
7fd4765eb000-7fd4766e8000 rw-p 00000000 00:00 0 
7fd4766e8000-7fd4766ec000 ---p 00000000 00:00 0 
7fd4766ec000-7fd4767e9000 rw-p 00000000 00:00 0 
7fd4767e9000-7fd4767ed000 ---p 00000000 00:00 0 
7fd4767ed000-7fd4768ea000 rw-p 00000000 00:00 0 
7fd4768ea000-7fd4768ee000 ---p 00000000 00:00 0 
7fd4768ee000-7fd4769eb000 rw-p 00000000 00:00 0 
7fd4769eb000-7fd4769ef000 ---p 00000000 00:00 0 
7fd4769ef000-7fd476aec000 rw-p 00000000 00:00 0 
7fd476aec000-7fd476af0000 ---p 00000000 00:00 0 
7fd476af0000-7fd476bed000 rw-p 00000000 00:00 0 
7fd476bed000-7fd476bf1000 ---p 00000000 00:00 0 
7fd476bf1000-7fd476cee000 rw-p 00000000 00:00 0 
7fd476cee000-7fd476cf2000 ---p 00000000 00:00 0 
7fd476cf2000-7fd476def000 rw-p 00000000 00:00 0 
7fd476def000-7fd476df3000 ---p 00000000 00:00 0 
7fd476df3000-7fd476ef0000 rw-p 00000000 00:00 0 
7fd476ef0000-7fd476ef4000 ---p 00000000 00:00 0 
7fd476ef4000-7fd476ff1000 rw-p 00000000 00:00 0 
7fd476ff1000-7fd476ff5000 ---p 00000000 00:00 0 
7fd476ff5000-7fd4770f2000 rw-p 00000000 00:00 0 
7fd4770f2000-7fd4770f6000 ---p 00000000 00:00 0 
7fd4770f6000-7fd4771f3000 rw-p 00000000 00:00 0 
7fd4771f3000-7fd4771f7000 ---p 00000000 00:00 0 
7fd4771f7000-7fd4772f4000 rw-p 00000000 00:00 0 
7fd4772f4000-7fd4772f8000 ---p 00000000 00:00 0 
7fd4772f8000-7fd4773f5000 rw-p 00000000 00:00 0 
7fd4773f5000-7fd4773f9000 ---p 00000000 00:00 0 
7fd4773f9000-7fd4774f6000 rw-p 00000000 00:00 0 
7fd4774f6000-7fd4774fa000 ---p 00000000 00:00 0 
7fd4774fa000-7fd4775f7000 rw-p 00000000 00:00 0 
7fd4775f7000-7fd4775fb000 ---p 00000000 00:00 0 
7fd4775fb000-7fd4776f8000 rw-p 00000000 00:00 0 
7fd4776f8000-7fd4776fc000 ---p 00000000 00:00 0 
7fd4776fc000-7fd4777f9000 rw-p 00000000 00:00 0 
7fd4777f9000-7fd4777fd000 ---p 00000000 00:00 0 
7fd4777fd000-7fd4778fa000 rw-p 00000000 00:00 0 
7fd4778fa000-7fd4778fe000 ---p 00000000 00:00 0 
7fd4778fe000-7fd4779fb000 rw-p 00000000 00:00 0 
7fd4779fb000-7fd4779ff000 ---p 00000000 00:00 0 
7fd4779ff000-7fd477afc000 rw-p 00000000 00:00 0 
7fd477afc000-7fd477b00000 ---p 00000000 00:00 0 
7fd477b00000-7fd477bfd000 rw-p 00000000 00:00 0 
7fd477bfd000-7fd477c01000 ---p 00000000 00:00 0 
7fd477c01000-7fd477cfe000 rw-p 00000000 00:00 0 
7fd477cfe000-7fd477d02000 ---p 00000000 00:00 0 
7fd477d02000-7fd477dff000 rw-p 00000000 00:00 0 
7fd477dff000-7fd477e03000 ---p 00000000 00:00 0 
7fd477e03000-7fd477f00000 rw-p 00000000 00:00 0 
7fd477f00000-7fd477f04000 ---p 00000000 00:00 0 
7fd477f04000-7fd478000000 rw-p 00000000 00:00 0 
7fd478000000-7fd478322000 rw-p 00000000 00:00 0 
7fd478322000-7fd47c000000 ---p 00000000 00:00 0 
7fd47c000000-7fd47c0c3000 rw-p 00000000 00:00 0 
7fd47c0c3000-7fd480000000 ---p 00000000 00:00 0 
7fd480000000-7fd480901000 rw-p 00000000 00:00 0 
7fd480901000-7fd484000000 ---p 00000000 00:00 0 
7fd484000000-7fd4847da000 rw-p 00000000 00:00 0 
7fd4847da000-7fd488000000 ---p 00000000 00:00 0 
7fd488000000-7fd4882d4000 rw-p 00000000 00:00 0 
7fd4882d4000-7fd48c000000 ---p 00000000 00:00 0 
7fd48c000000-7fd48cd82000 rw-p 00000000 00:00 0 
7fd48cd82000-7fd490000000 ---p 00000000 00:00 0 
7fd490000000-7fd490305000 rw-p 00000000 00:00 0 
7fd490305000-7fd494000000 ---p 00000000 00:00 0 
7fd494000000-7fd49405d000 rw-p 00000000 00:00 0 
7fd49405d000-7fd498000000 ---p 00000000 00:00 0 
7fd498000000-7fd4983a8000 rw-p 00000000 00:00 0 
7fd4983a8000-7fd49c000000 ---p 00000000 00:00 0 
7fd49c000000-7fd49c0c0000 rw-p 00000000 00:00 0 
7fd49c0c0000-7fd4a0000000 ---p 00000000 00:00 0 
7fd4a0000000-7fd4a0021000 rw-p 00000000 00:00 0 
7fd4a0021000-7fd4a4000000 ---p 00000000 00:00 0 
7fd4a4000000-7fd4a4021000 rw-p 00000000 00:00 0 
7fd4a4021000-7fd4a8000000 ---p 00000000 00:00 0 
7fd4a8000000-7fd4a824a000 rw-p 00000000 00:00 0 
7fd4a824a000-7fd4ac000000 ---p 00000000 00:00 0 
7fd4ac000000-7fd4ac1ed000 rw-p 00000000 00:00 0 
7fd4ac1ed000-7fd4b0000000 ---p 00000000 00:00 0 
7fd4b0000000-7fd4b0da4000 rw-p 00000000 00:00 0 
7fd4b0da4000-7fd4b4000000 ---p 00000000 00:00 0 
7fd4b4000000-7fd4b50b7000 rw-p 00000000 00:00 0 
7fd4b50b7000-7fd4b8000000 ---p 00000000 00:00 0 
7fd4b8000000-7fd4b90ed000 rw-p 00000000 00:00 0 
7fd4b90ed000-7fd4bc000000 ---p 00000000 00:00 0 
7fd4bc000000-7fd4bcf10000 rw-p 00000000 00:00 0 
7fd4bcf10000-7fd4c0000000 ---p 00000000 00:00 0 
7fd4c0000000-7fd4c0021000 rw-p 00000000 00:00 0 
7fd4c0021000-7fd4c4000000 ---p 00000000 00:00 0 
7fd4c4000000-7fd4c531a000 rw-p 00000000 00:00 0 
7fd4c531a000-7fd4c8000000 ---p 00000000 00:00 0 
7fd4c8000000-7fd4c810a000 rw-p 00000000 00:00 0 
7fd4c810a000-7fd4cc000000 ---p 00000000 00:00 0 
7fd4cc000000-7fd4cc062000 rw-p 00000000 00:00 0 
7fd4cc062000-7fd4d0000000 ---p 00000000 00:00 0 
7fd4d0000000-7fd4d002f000 rw-p 00000000 00:00 0 
7fd4d002f000-7fd4d4000000 ---p 00000000 00:00 0 
7fd4d4000000-7fd4d4062000 rw-p 00000000 00:00 0 
7fd4d4062000-7fd4d8000000 ---p 00000000 00:00 0 
7fd4d8000000-7fd4d8025000 rw-p 00000000 00:00 0 
7fd4d8025000-7fd4dc000000 ---p 00000000 00:00 0 
7fd4dc000000-7fd4dc02e000 rw-p 00000000 00:00 0 
7fd4dc02e000-7fd4e0000000 ---p 00000000 00:00 0 
7fd4e0000000-7fd4e0023000 rw-p 00000000 00:00 0 
7fd4e0023000-7fd4e4000000 ---p 00000000 00:00 0 
7fd4e4000000-7fd4e4026000 rw-p 00000000 00:00 0 
7fd4e4026000-7fd4e8000000 ---p 00000000 00:00 0 
7fd4e8000000-7fd4e8047000 rw-p 00000000 00:00 0 
7fd4e8047000-7fd4ec000000 ---p 00000000 00:00 0 
7fd4ec000000-7fd4effff000 rw-p 00000000 00:00 0 
7fd4effff000-7fd4f0000000 ---p 00000000 00:00 0 
7fd4f0000000-7fd4f111e000 rw-p 00000000 00:00 0 
7fd4f111e000-7fd4f4000000 ---p 00000000 00:00 0 
7fd4f4000000-7fd4f4f72000 rw-p 00000000 00:00 0 
7fd4f4f72000-7fd4f8000000 ---p 00000000 00:00 0 
7fd4f8000000-7fd4f8055000 rw-p 00000000 00:00 0 
7fd4f8055000-7fd4fc000000 ---p 00000000 00:00 0 
7fd4fc000000-7fd4fd11a000 rw-p 00000000 00:00 0 
7fd4fd11a000-7fd500000000 ---p 00000000 00:00 0 
7fd500000000-7fd500fc9000 rw-p 00000000 00:00 0 
7fd500fc9000-7fd504000000 ---p 00000000 00:00 0 
7fd504000000-7fd504547000 rw-p 00000000 00:00 0 
7fd504547000-7fd508000000 ---p 00000000 00:00 0 
7fd508000000-7fd5091c8000 rw-p 00000000 00:00 0 
7fd5091c8000-7fd50c000000 ---p 00000000 00:00 0 
7fd50c000000-7fd50cfb3000 rw-p 00000000 00:00 0 
7fd50cfb3000-7fd510000000 ---p 00000000 00:00 0 
7fd510000000-7fd5101d6000 rw-p 00000000 00:00 0 
7fd5101d6000-7fd514000000 ---p 00000000 00:00 0 
7fd514000000-7fd514074000 rw-p 00000000 00:00 0 
7fd514074000-7fd518000000 ---p 00000000 00:00 0 
7fd518000000-7fd518422000 rw-p 00000000 00:00 0 
7fd518422000-7fd51c000000 ---p 00000000 00:00 0 
7fd51c000000-7fd51c693000 rw-p 00000000 00:00 0 
7fd51c693000-7fd520000000 ---p 00000000 00:00 0 
7fd520000000-7fd5200ae000 rw-p 00000000 00:00 0 
7fd5200ae000-7fd524000000 ---p 00000000 00:00 0 
7fd524000000-7fd52465d000 rw-p 00000000 00:00 0 
7fd52465d000-7fd528000000 ---p 00000000 00:00 0 
7fd528000000-7fd528031000 rw-p 00000000 00:00 0 
7fd528031000-7fd52c000000 ---p 00000000 00:00 0 
7fd52c000000-7fd52c3df000 rw-p 00000000 00:00 0 
7fd52c3df000-7fd530000000 ---p 00000000 00:00 0 
7fd530000000-7fd530524000 rw-p 00000000 00:00 0 
7fd530524000-7fd534000000 ---p 00000000 00:00 0 
7fd534000000-7fd534066000 rw-p 00000000 00:00 0 
7fd534066000-7fd538000000 ---p 00000000 00:00 0 
7fd538000000-7fd539667000 rw-p 00000000 00:00 0 
7fd539667000-7fd53c000000 ---p 00000000 00:00 0 
7fd53c000000-7fd53d802000 rw-p 00000000 00:00 0 
7fd53d802000-7fd540000000 ---p 00000000 00:00 0 
7fd540000000-7fd540045000 rw-p 00000000 00:00 0 
7fd540045000-7fd544000000 ---p 00000000 00:00 0 
7fd544000000-7fd544045000 rw-p 00000000 00:00 0 
7fd544045000-7fd548000000 ---p 00000000 00:00 0 
7fd548000000-7fd548606000 rw-p 00000000 00:00 0 
7fd548606000-7fd54c000000 ---p 00000000 00:00 0 
7fd54c000000-7fd54db18000 rw-p 00000000 00:00 0 
7fd54db18000-7fd550000000 ---p 00000000 00:00 0 
7fd550000000-7fd55011e000 rw-p 00000000 00:00 0 
7fd55011e000-7fd554000000 ---p 00000000 00:00 0 
7fd554000000-7fd554029000 rw-p 00000000 00:00 0 
7fd554029000-7fd558000000 ---p 00000000 00:00 0 
7fd558000000-7fd55a19f000 rw-p 00000000 00:00 0 
7fd55a19f000-7fd55c000000 ---p 00000000 00:00 0 
7fd55c000000-7fd55c670000 rw-p 00000000 00:00 0 
7fd55c670000-7fd560000000 ---p 00000000 00:00 0 
7fd560000000-7fd5600d1000 rw-p 00000000 00:00 0 
7fd5600d1000-7fd564000000 ---p 00000000 00:00 0 
7fd564000000-7fd56404a000 rw-p 00000000 00:00 0 
7fd56404a000-7fd568000000 ---p 00000000 00:00 0 
7fd568000000-7fd56804b000 rw-p 00000000 00:00 0 
7fd56804b000-7fd56c000000 ---p 00000000 00:00 0 
7fd56c000000-7fd56c031000 rw-p 00000000 00:00 0 
7fd56c031000-7fd570000000 ---p 00000000 00:00 0 
7fd570000000-7fd570040000 rw-p 00000000 00:00 0 
7fd570040000-7fd574000000 ---p 00000000 00:00 0 
7fd574033000-7fd574034000 rw-p 00000000 00:00 0 
7fd574034000-7fd574038000 ---p 00000000 00:00 0 
7fd574038000-7fd574135000 rw-p 00000000 00:00 0 
7fd574135000-7fd574139000 ---p 00000000 00:00 0 
7fd574139000-7fd574236000 rw-p 00000000 00:00 0 
7fd574236000-7fd57423a000 ---p 00000000 00:00 0 
7fd57423a000-7fd574337000 rw-p 00000000 00:00 0 
7fd574337000-7fd57433b000 ---p 00000000 00:00 0 
7fd57433b000-7fd574438000 rw-p 00000000 00:00 0 
7fd574438000-7fd57443c000 ---p 00000000 00:00 0 
7fd57443c000-7fd574539000 rw-p 00000000 00:00 0 
7fd574539000-7fd57453d000 ---p 00000000 00:00 0 
7fd57453d000-7fd57463a000 rw-p 00000000 00:00 0 
7fd57463a000-7fd57463e000 ---p 00000000 00:00 0 
7fd57463e000-7fd57473b000 rw-p 00000000 00:00 0 
7fd57473b000-7fd57473f000 ---p 00000000 00:00 0 
7fd57473f000-7fd57483c000 rw-p 00000000 00:00 0 
7fd57483c000-7fd574840000 ---p 00000000 00:00 0 
7fd574840000-7fd57493d000 rw-p 00000000 00:00 0 
7fd57493d000-7fd574941000 ---p 00000000 00:00 0 
7fd574941000-7fd574a3e000 rw-p 00000000 00:00 0 
7fd574a3e000-7fd574a42000 ---p 00000000 00:00 0 
7fd574a42000-7fd574b3e000 rw-p 00000000 00:00 0 
7fd574be6000-7fd574be7000 rw-p 00000000 00:00 0 
7fd574be7000-7fd574beb000 ---p 00000000 00:00 0 
7fd574beb000-7fd574ce8000 rw-p 00000000 00:00 0 
7fd574ce8000-7fd574cec000 ---p 00000000 00:00 0 
7fd574cec000-7fd574de9000 rw-p 00000000 00:00 0 
7fd574de9000-7fd574ded000 ---p 00000000 00:00 0 
7fd574ded000-7fd574eea000 rw-p 00000000 00:00 0 
7fd574eea000-7fd574eee000 ---p 00000000 00:00 0 
7fd574eee000-7fd574feb000 rw-p 00000000 00:00 0 
7fd574feb000-7fd574fef000 ---p 00000000 00:00 0 
7fd574fef000-7fd5750ec000 rw-p 00000000 00:00 0 
7fd5750ec000-7fd5750f0000 ---p 00000000 00:00 0 
7fd5750f0000-7fd5753ef000 rw-p 00000000 00:00 0 
7fd5753ef000-7fd5753f3000 ---p 00000000 00:00 0 
7fd5753f3000-7fd5754f0000 rw-p 00000000 00:00 0 
7fd5754f0000-7fd5754f4000 ---p 00000000 00:00 0 
7fd5754f4000-7fd5755f1000 rw-p 00000000 00:00 0 
7fd5755f1000-7fd5755f5000 ---p 00000000 00:00 0 
7fd5755f5000-7fd5756f2000 rw-p 00000000 00:00 0 
7fd5756f2000-7fd5756f6000 ---p 00000000 00:00 0 
7fd5756f6000-7fd5759f5000 rw-p 00000000 00:00 0 
7fd5759f5000-7fd5759f9000 ---p 00000000 00:00 0 
7fd5759f9000-7fd575af6000 rw-p 00000000 00:00 0 
7fd575af6000-7fd575afa000 ---p 00000000 00:00 0 
7fd575afa000-7fd575bf7000 rw-p 00000000 00:00 0 
7fd575bf7000-7fd575bfb000 ---p 00000000 00:00 0 
7fd575bfb000-7fd575cf8000 rw-p 00000000 00:00 0 
7fd575cf8000-7fd575cfc000 ---p 00000000 00:00 0 
7fd575cfc000-7fd575df9000 rw-p 00000000 00:00 0 
7fd575df9000-7fd575dfd000 ---p 00000000 00:00 0 
7fd575dfd000-7fd575efa000 rw-p 00000000 00:00 0 
7fd575efa000-7fd575efe000 ---p 00000000 00:00 0 
7fd575efe000-7fd575ffb000 rw-p 00000000 00:00 0 
7fd575ffb000-7fd575fff000 ---p 00000000 00:00 0 
7fd575fff000-7fd5760fc000 rw-p 00000000 00:00 0 
7fd5760fc000-7fd576100000 ---p 00000000 00:00 0 
7fd576100000-7fd5761fd000 rw-p 00000000 00:00 0 
7fd5761fd000-7fd576201000 ---p 00000000 00:00 0 
7fd576201000-7fd5762fe000 rw-p 00000000 00:00 0 
7fd5762fe000-7fd576302000 ---p 00000000 00:00 0 
7fd576302000-7fd5763ff000 rw-p 00000000 00:00 0 
7fd5763ff000-7fd576403000 ---p 00000000 00:00 0 
7fd576403000-7fd576500000 rw-p 00000000 00:00 0 
7fd576500000-7fd576504000 ---p 00000000 00:00 0 
7fd576504000-7fd576600000 rw-p 00000000 00:00 0 
7fd576600000-7fd576605000 r-xp 00000000 103:01 33163249                  /home/asahiner/.gradle/native/1def1411415f61bf3af743bc5b6707747c0891f09f0c88961ee8f79bc544acac/linux-amd64/libnative-platform.so
7fd576605000-7fd576805000 ---p 00005000 103:01 33163249                  /home/asahiner/.gradle/native/1def1411415f61bf3af743bc5b6707747c0891f09f0c88961ee8f79bc544acac/linux-amd64/libnative-platform.so
7fd576805000-7fd576806000 r--p 00005000 103:01 33163249                  /home/asahiner/.gradle/native/1def1411415f61bf3af743bc5b6707747c0891f09f0c88961ee8f79bc544acac/linux-amd64/libnative-platform.so
7fd576806000-7fd576807000 rw-p 00006000 103:01 33163249                  /home/asahiner/.gradle/native/1def1411415f61bf3af743bc5b6707747c0891f09f0c88961ee8f79bc544acac/linux-amd64/libnative-platform.so
7fd576867000-7fd57686a000 r--p 00000000 103:04 8955038                   /usr/lib/libnss_resolve.so.2
7fd57686a000-7fd57688d000 r-xp 00003000 103:04 8955038                   /usr/lib/libnss_resolve.so.2
7fd57688d000-7fd576898000 r--p 00026000 103:04 8955038                   /usr/lib/libnss_resolve.so.2
7fd576898000-7fd57689b000 r--p 00030000 103:04 8955038                   /usr/lib/libnss_resolve.so.2
7fd57689b000-7fd57689c000 rw-p 00033000 103:04 8955038                   /usr/lib/libnss_resolve.so.2
7fd57689c000-7fd5768a0000 r--p 00000000 103:04 8955037                   /usr/lib/libnss_mymachines.so.2
7fd5768a0000-7fd5768e1000 r-xp 00004000 103:04 8955037                   /usr/lib/libnss_mymachines.so.2
7fd5768e1000-7fd5768f5000 r--p 00045000 103:04 8955037                   /usr/lib/libnss_mymachines.so.2
7fd5768f5000-7fd5768f8000 r--p 00058000 103:04 8955037                   /usr/lib/libnss_mymachines.so.2
7fd5768f8000-7fd5768f9000 rw-p 0005b000 103:04 8955037                   /usr/lib/libnss_mymachines.so.2
7fd5768f9000-7fd577000000 rw-p 00000000 00:00 0 
7fd577000000-7fd577400000 rw-p 00000000 00:00 0 
7fd577400000-7fd5777c0000 rw-p 00000000 00:00 0 
7fd5777c0000-7fd577800000 rw-p 00000000 00:00 0 
7fd577800000-7fd5779c0000 rw-p 00000000 00:00 0 
7fd5779c0000-7fd577a00000 rw-p 00000000 00:00 0 
7fd577a00000-7fd577c00000 rw-p 00000000 00:00 0 
7fd577c00000-7fd578300000 rw-p 00000000 00:00 0 
7fd578300000-7fd578400000 rw-p 00000000 00:00 0 
7fd578400000-7fd578700000 rw-p 00000000 00:00 0 
7fd578700000-7fd578800000 rw-p 00000000 00:00 0 
7fd578800000-7fd578900000 rw-p 00000000 00:00 0 
7fd578900000-7fd578a00000 rw-p 00000000 00:00 0 
7fd578a00000-7fd579b00000 rw-p 00000000 00:00 0 
7fd579b00000-7fd579c00000 rw-p 00000000 00:00 0 
7fd579c00000-7fd57a100000 rw-p 00000000 00:00 0 
7fd57a100000-7fd57b000000 rw-p 00000000 00:00 0 
7fd57b000000-7fd57bbc7000 rw-p 00001000 103:04 9073985                   /usr/lib/jvm/java-17-openjdk/lib/server/classes.jsa
7fd57bbc7000-7fd57c000000 ---p 00000000 00:00 0 
7fd57c000000-7fd57c040000 rw-p 00000000 00:00 0 
7fd57c040000-7fd57c080000 rw-p 00000000 00:00 0 
7fd57c080000-7fd57c140000 rw-p 00000000 00:00 0 
7fd57c140000-7fd57c180000 rw-p 00000000 00:00 0 
7fd57c180000-7fd57c3e0000 rw-p 00000000 00:00 0 
7fd57c3e0000-7fd57c440000 rw-p 00000000 00:00 0 
7fd57c440000-7fd57c480000 rw-p 00000000 00:00 0 
7fd57c480000-7fd57c840000 rw-p 00000000 00:00 0 
7fd57c840000-7fd57c880000 rw-p 00000000 00:00 0 
7fd57c880000-7fd57d000000 rw-p 00000000 00:00 0 
7fd57d000000-7fd57da40000 rw-p 00000000 00:00 0 
7fd57da40000-7fd57da80000 rw-p 00000000 00:00 0 
7fd57da80000-7fd57e420000 rw-p 00000000 00:00 0 
7fd57e420000-7fd5b0000000 ---p 00000000 00:00 0 
7fd5b0000000-7fd5b002d000 rw-p 00000000 00:00 0 
7fd5b002d000-7fd5b4000000 ---p 00000000 00:00 0 
7fd5b4000000-7fd5b4226000 rw-p 00000000 00:00 0 
7fd5b4226000-7fd5b8000000 ---p 00000000 00:00 0 
7fd5b8000000-7fd5b807c000 rw-p 00000000 00:00 0 
7fd5b807c000-7fd5bc000000 ---p 00000000 00:00 0 
7fd5bc05e000-7fd5bc09a000 r--p 00000000 103:01 33163376                  /home/asahiner/.gradle/native/0.2.7/x86_64-linux-gnu/libgradle-fileevents.so
7fd5bc09a000-7fd5bc0e2000 r-xp 0003b000 103:01 33163376                  /home/asahiner/.gradle/native/0.2.7/x86_64-linux-gnu/libgradle-fileevents.so
7fd5bc0e2000-7fd5bc0eb000 r--p 00082000 103:01 33163376                  /home/asahiner/.gradle/native/0.2.7/x86_64-linux-gnu/libgradle-fileevents.so
7fd5bc0eb000-7fd5bc0ec000 rw-p 0008a000 103:01 33163376                  /home/asahiner/.gradle/native/0.2.7/x86_64-linux-gnu/libgradle-fileevents.so
7fd5bc0ec000-7fd5bc0ef000 rw-p 00000000 00:00 0 
7fd5bc0ef000-7fd5bc3f3000 rw-p 00000000 00:00 0 
7fd5bc3f3000-7fd5bc3f7000 ---p 00000000 00:00 0 
7fd5bc3f7000-7fd5bc4f4000 rw-p 00000000 00:00 0 
7fd5bc4f4000-7fd5bc4f8000 ---p 00000000 00:00 0 
7fd5bc4f8000-7fd5bc5f5000 rw-p 00000000 00:00 0 
7fd5bc5f5000-7fd5bc5f9000 ---p 00000000 00:00 0 
7fd5bc5f9000-7fd5bc7f7000 rw-p 00000000 00:00 0 
7fd5bc7f7000-7fd5bc7fb000 ---p 00000000 00:00 0 
7fd5bc7fb000-7fd5bc8f8000 rw-p 00000000 00:00 0 
7fd5bc8f8000-7fd5bc8fc000 ---p 00000000 00:00 0 
7fd5bc8fc000-7fd5bc9f9000 rw-p 00000000 00:00 0 
7fd5bc9f9000-7fd5bc9fd000 ---p 00000000 00:00 0 
7fd5bc9fd000-7fd5bcafa000 rw-p 00000000 00:00 0 
7fd5bcafa000-7fd5bcafe000 ---p 00000000 00:00 0 
7fd5bcafe000-7fd5bcbfb000 rw-p 00000000 00:00 0 
7fd5bcbfb000-7fd5bcbff000 ---p 00000000 00:00 0 
7fd5bcbff000-7fd5bccfc000 rw-p 00000000 00:00 0 
7fd5bccfc000-7fd5bcd00000 ---p 00000000 00:00 0 
7fd5bcd00000-7fd5bcdfd000 rw-p 00000000 00:00 0 
7fd5bcdfd000-7fd5bce01000 ---p 00000000 00:00 0 
7fd5bce01000-7fd5bcefe000 rw-p 00000000 00:00 0 
7fd5bcefe000-7fd5bcf02000 ---p 00000000 00:00 0 
7fd5bcf02000-7fd5bcfff000 rw-p 00000000 00:00 0 
7fd5bcfff000-7fd5bd003000 ---p 00000000 00:00 0 
7fd5bd003000-7fd5bd100000 rw-p 00000000 00:00 0 
7fd5bd100000-7fd5bd104000 ---p 00000000 00:00 0 
7fd5bd104000-7fd5bd200000 rw-p 00000000 00:00 0 
7fd5bd200000-7fd5bd4ed000 r--p 00000000 103:04 9082023                   /usr/lib/locale/locale-archive
7fd5bd4f5000-7fd5bd4f6000 rw-p 00000000 00:00 0 
7fd5bd4f6000-7fd5bd4fa000 ---p 00000000 00:00 0 
7fd5bd4fa000-7fd5bd5f7000 rw-p 00000000 00:00 0 
7fd5bd5f7000-7fd5bd5fb000 ---p 00000000 00:00 0 
7fd5bd5fb000-7fd5bd9fa000 rw-p 00000000 00:00 0 
7fd5bd9fa000-7fd5c0047000 rw-p 00000000 00:00 0 
7fd5c0047000-7fd5c4000000 ---p 00000000 00:00 0 
7fd5c4000000-7fd5c4173000 rw-p 00000000 00:00 0 
7fd5c4173000-7fd5c8000000 ---p 00000000 00:00 0 
7fd5c8000000-7fd5c8091000 rw-p 00000000 00:00 0 
7fd5c8091000-7fd5cc000000 ---p 00000000 00:00 0 
7fd5cc026000-7fd5cc02b000 r--p 00000000 103:04 9073960                   /usr/lib/jvm/java-17-openjdk/lib/libjsvml.so
7fd5cc02b000-7fd5cc06c000 r-xp 00005000 103:04 9073960                   /usr/lib/jvm/java-17-openjdk/lib/libjsvml.so
7fd5cc06c000-7fd5cc0f5000 r--p 00046000 103:04 9073960                   /usr/lib/jvm/java-17-openjdk/lib/libjsvml.so
7fd5cc0f5000-7fd5cc0f6000 r--p 000ce000 103:04 9073960                   /usr/lib/jvm/java-17-openjdk/lib/libjsvml.so
7fd5cc0f6000-7fd5cc0f7000 rw-p 000cf000 103:04 9073960                   /usr/lib/jvm/java-17-openjdk/lib/libjsvml.so
7fd5cc0f7000-7fd5cc7fe000 rw-p 00000000 00:00 0 
7fd5cc7fe000-7fd5cca00000 rw-p 00000000 00:00 0 
7fd5cca00000-7fd5cdef0000 rw-p 00000000 00:00 0 
7fd5cdef0000-7fd5d09f0000 ---p 00000000 00:00 0 
7fd5d09f0000-7fd5d1ef0000 rw-p 00000000 00:00 0 
7fd5d1ef0000-7fd5d49f0000 ---p 00000000 00:00 0 
7fd5d49f0000-7fd5d4c9e000 rw-p 00000000 00:00 0 
7fd5d4c9e000-7fd5d51fe000 ---p 00000000 00:00 0 
7fd5d51fe000-7fd5d5200000 rw-p 00000000 00:00 0 
7fd5d5200000-7fd5d9110000 rwxp 00000000 00:00 0 
7fd5d9110000-7fd5dc65f000 ---p 00000000 00:00 0 
7fd5dc65f000-7fd5dcabf000 rwxp 00000000 00:00 0 
7fd5dcabf000-7fd5dcda0000 ---p 00000000 00:00 0 
7fd5dcda0000-7fd5de6d0000 rwxp 00000000 00:00 0 
7fd5de6d0000-7fd5e4200000 ---p 00000000 00:00 0 
7fd5e4200000-7fd5ebff1000 r--s 00000000 103:04 9073976                   /usr/lib/jvm/java-17-openjdk/lib/modules
7fd5ec000000-7fd5ed548000 rw-p 00000000 00:00 0 
7fd5ed548000-7fd5f0000000 ---p 00000000 00:00 0 
7fd5f0000000-7fd5f0001000 rw-p 00000000 00:00 0 
7fd5f0001000-7fd5f0005000 ---p 00000000 00:00 0 
7fd5f0005000-7fd5f0023000 rw-p 00000000 00:00 0 
7fd5f0023000-7fd5f00ff000 rw-p 00000000 00:00 0 
7fd5f00ff000-7fd5f0200000 rw-p 00000000 00:00 0 
7fd5f0200000-7fd5f049e000 rw-p 00000000 00:00 0 
7fd5f049e000-7fd5f09fe000 ---p 00000000 00:00 0 
7fd5f09fe000-7fd5f0c9e000 rw-p 00000000 00:00 0 
7fd5f0c9e000-7fd5f11fe000 ---p 00000000 00:00 0 
7fd5f11fe000-7fd5f1200000 rw-p 00000000 00:00 0 
7fd5f1216000-7fd5f1217000 rw-p 00000000 00:00 0 
7fd5f1217000-7fd5f121b000 ---p 00000000 00:00 0 
7fd5f121b000-7fd5f123a000 rw-p 00000000 00:00 0 
7fd5f123a000-7fd5f123e000 ---p 00000000 00:00 0 
7fd5f123e000-7fd5f125c000 rw-p 00000000 00:00 0 
7fd5f125c000-7fd5f2061000 rw-p 00000000 00:00 0 
7fd5f2061000-7fd5f2117000 ---p 00000000 00:00 0 
7fd5f2117000-7fd5f2196000 rw-p 00000000 00:00 0 
7fd5f2196000-7fd5f2200000 ---p 00000000 00:00 0 
7fd5f2200000-7fd5f2297000 r--p 00000000 103:04 8955399                   /usr/lib/libstdc++.so.6.0.34
7fd5f2297000-7fd5f23ec000 r-xp 00097000 103:04 8955399                   /usr/lib/libstdc++.so.6.0.34
7fd5f23ec000-7fd5f247e000 r--p 001ec000 103:04 8955399                   /usr/lib/libstdc++.so.6.0.34
7fd5f247e000-7fd5f248f000 r--p 0027e000 103:04 8955399                   /usr/lib/libstdc++.so.6.0.34
7fd5f248f000-7fd5f2490000 rw-p 0028f000 103:04 8955399                   /usr/lib/libstdc++.so.6.0.34
7fd5f2490000-7fd5f2494000 rw-p 00000000 00:00 0 
7fd5f24b4000-7fd5f24b5000 r--p 00000000 103:04 8954445                   /usr/lib/libdl.so.2
7fd5f24b5000-7fd5f24b6000 r-xp 00001000 103:04 8954445                   /usr/lib/libdl.so.2
7fd5f24b6000-7fd5f24b7000 r--p 00002000 103:04 8954445                   /usr/lib/libdl.so.2
7fd5f24b7000-7fd5f24b8000 r--p 00002000 103:04 8954445                   /usr/lib/libdl.so.2
7fd5f24b8000-7fd5f24b9000 rw-p 00003000 103:04 8954445                   /usr/lib/libdl.so.2
7fd5f24c3000-7fd5f24c4000 r--p 00000000 103:04 9073969                   /usr/lib/jvm/java-17-openjdk/lib/librmi.so
7fd5f24c4000-7fd5f24c5000 r-xp 00001000 103:04 9073969                   /usr/lib/jvm/java-17-openjdk/lib/librmi.so
7fd5f24c5000-7fd5f24c6000 r--p 00002000 103:04 9073969                   /usr/lib/jvm/java-17-openjdk/lib/librmi.so
7fd5f24c6000-7fd5f24c7000 r--p 00002000 103:04 9073969                   /usr/lib/jvm/java-17-openjdk/lib/librmi.so
7fd5f24c7000-7fd5f24c8000 rw-p 00003000 103:04 9073969                   /usr/lib/jvm/java-17-openjdk/lib/librmi.so
7fd5f24c8000-7fd5f24ca000 r--p 00000000 103:04 9073942                   /usr/lib/jvm/java-17-openjdk/lib/libawt_headless.so
7fd5f24ca000-7fd5f24ce000 r-xp 00002000 103:04 9073942                   /usr/lib/jvm/java-17-openjdk/lib/libawt_headless.so
7fd5f24ce000-7fd5f24d0000 r--p 00006000 103:04 9073942                   /usr/lib/jvm/java-17-openjdk/lib/libawt_headless.so
7fd5f24d0000-7fd5f24d1000 r--p 00007000 103:04 9073942                   /usr/lib/jvm/java-17-openjdk/lib/libawt_headless.so
7fd5f24d1000-7fd5f24d2000 rw-p 00008000 103:04 9073942                   /usr/lib/jvm/java-17-openjdk/lib/libawt_headless.so
7fd5f24d2000-7fd5f24d3000 r--p 00000000 103:04 8955035                   /usr/lib/libnss_mdns_minimal.so.2
7fd5f24d3000-7fd5f24d5000 r-xp 00001000 103:04 8955035                   /usr/lib/libnss_mdns_minimal.so.2
7fd5f24d5000-7fd5f24d6000 r--p 00003000 103:04 8955035                   /usr/lib/libnss_mdns_minimal.so.2
7fd5f24d6000-7fd5f24d7000 r--p 00003000 103:04 8955035                   /usr/lib/libnss_mdns_minimal.so.2
7fd5f24d7000-7fd5f24d8000 rw-p 00004000 103:04 8955035                   /usr/lib/libnss_mdns_minimal.so.2
7fd5f24d8000-7fd5f24df000 r--s 00000000 103:04 9071010                   /usr/lib/gconv/gconv-modules.cache
7fd5f24df000-7fd5f24e0000 r--p 00000000 103:04 9073945                   /usr/lib/jvm/java-17-openjdk/lib/libextnet.so
7fd5f24e0000-7fd5f24e1000 r-xp 00001000 103:04 9073945                   /usr/lib/jvm/java-17-openjdk/lib/libextnet.so
7fd5f24e1000-7fd5f24e2000 r--p 00002000 103:04 9073945                   /usr/lib/jvm/java-17-openjdk/lib/libextnet.so
7fd5f24e2000-7fd5f24e3000 r--p 00002000 103:04 9073945                   /usr/lib/jvm/java-17-openjdk/lib/libextnet.so
7fd5f24e3000-7fd5f24e4000 rw-p 00003000 103:04 9073945                   /usr/lib/jvm/java-17-openjdk/lib/libextnet.so
7fd5f24e4000-7fd5f24e6000 r--p 00000000 103:04 9073964                   /usr/lib/jvm/java-17-openjdk/lib/libmanagement_ext.so
7fd5f24e6000-7fd5f24e9000 r-xp 00002000 103:04 9073964                   /usr/lib/jvm/java-17-openjdk/lib/libmanagement_ext.so
7fd5f24e9000-7fd5f24ea000 r--p 00005000 103:04 9073964                   /usr/lib/jvm/java-17-openjdk/lib/libmanagement_ext.so
7fd5f24ea000-7fd5f24eb000 r--p 00006000 103:04 9073964                   /usr/lib/jvm/java-17-openjdk/lib/libmanagement_ext.so
7fd5f24eb000-7fd5f24ec000 rw-p 00007000 103:04 9073964                   /usr/lib/jvm/java-17-openjdk/lib/libmanagement_ext.so
7fd5f24ec000-7fd5f24ee000 r--p 00000000 103:04 9073962                   /usr/lib/jvm/java-17-openjdk/lib/libmanagement.so
7fd5f24ee000-7fd5f24ef000 r-xp 00002000 103:04 9073962                   /usr/lib/jvm/java-17-openjdk/lib/libmanagement.so
7fd5f24ef000-7fd5f24f0000 r--p 00003000 103:04 9073962                   /usr/lib/jvm/java-17-openjdk/lib/libmanagement.so
7fd5f24f0000-7fd5f24f1000 r--p 00003000 103:04 9073962                   /usr/lib/jvm/java-17-openjdk/lib/libmanagement.so
7fd5f24f1000-7fd5f24f2000 rw-p 00004000 103:04 9073962                   /usr/lib/jvm/java-17-openjdk/lib/libmanagement.so
7fd5f24f2000-7fd5f24f4000 r--p 00000000 103:04 9073974                   /usr/lib/jvm/java-17-openjdk/lib/libverify.so
7fd5f24f4000-7fd5f24fb000 r-xp 00002000 103:04 9073974                   /usr/lib/jvm/java-17-openjdk/lib/libverify.so
7fd5f24fb000-7fd5f24fd000 r--p 00009000 103:04 9073974                   /usr/lib/jvm/java-17-openjdk/lib/libverify.so
7fd5f24fd000-7fd5f24ff000 r--p 0000a000 103:04 9073974                   /usr/lib/jvm/java-17-openjdk/lib/libverify.so
7fd5f24ff000-7fd5f2500000 rw-p 0000c000 103:04 9073974                   /usr/lib/jvm/java-17-openjdk/lib/libverify.so
7fd5f2500000-7fd5f2504000 ---p 00000000 00:00 0 
7fd5f2504000-7fd5f2600000 rw-p 00000000 00:00 0 
7fd5f2600000-7fd5f260f000 r--p 00000000 103:04 9073988                   /usr/lib/jvm/java-17-openjdk/lib/server/libjvm.so
7fd5f260f000-7fd5f33dc000 r-xp 0000f000 103:04 9073988                   /usr/lib/jvm/java-17-openjdk/lib/server/libjvm.so
7fd5f33dc000-7fd5f365e000 r--p 00ddc000 103:04 9073988                   /usr/lib/jvm/java-17-openjdk/lib/server/libjvm.so
7fd5f365e000-7fd5f3718000 r--p 0105d000 103:04 9073988                   /usr/lib/jvm/java-17-openjdk/lib/server/libjvm.so
7fd5f3718000-7fd5f374d000 rw-p 01117000 103:04 9073988                   /usr/lib/jvm/java-17-openjdk/lib/server/libjvm.so
7fd5f374d000-7fd5f37a8000 rw-p 00000000 00:00 0 
7fd5f37aa000-7fd5f37ab000 r--p 00000000 103:04 8955280                   /usr/lib/libpthread.so.0
7fd5f37ab000-7fd5f37ac000 r-xp 00001000 103:04 8955280                   /usr/lib/libpthread.so.0
7fd5f37ac000-7fd5f37ad000 r--p 00002000 103:04 8955280                   /usr/lib/libpthread.so.0
7fd5f37ad000-7fd5f37ae000 r--p 00002000 103:04 8955280                   /usr/lib/libpthread.so.0
7fd5f37ae000-7fd5f37af000 rw-p 00003000 103:04 8955280                   /usr/lib/libpthread.so.0
7fd5f37af000-7fd5f37b3000 r--p 00000000 103:04 9073966                   /usr/lib/jvm/java-17-openjdk/lib/libnet.so
7fd5f37b3000-7fd5f37c1000 r-xp 00004000 103:04 9073966                   /usr/lib/jvm/java-17-openjdk/lib/libnet.so
7fd5f37c1000-7fd5f37c5000 r--p 00012000 103:04 9073966                   /usr/lib/jvm/java-17-openjdk/lib/libnet.so
7fd5f37c5000-7fd5f37c6000 r--p 00015000 103:04 9073966                   /usr/lib/jvm/java-17-openjdk/lib/libnet.so
7fd5f37c6000-7fd5f37c7000 rw-p 00016000 103:04 9073966                   /usr/lib/jvm/java-17-openjdk/lib/libnet.so
7fd5f37c7000-7fd5f37ce000 r--p 00000000 103:04 9073967                   /usr/lib/jvm/java-17-openjdk/lib/libnio.so
7fd5f37ce000-7fd5f37d7000 r-xp 00007000 103:04 9073967                   /usr/lib/jvm/java-17-openjdk/lib/libnio.so
7fd5f37d7000-7fd5f37db000 r--p 00010000 103:04 9073967                   /usr/lib/jvm/java-17-openjdk/lib/libnio.so
7fd5f37db000-7fd5f37dc000 r--p 00014000 103:04 9073967                   /usr/lib/jvm/java-17-openjdk/lib/libnio.so
7fd5f37dc000-7fd5f37dd000 rw-p 00015000 103:04 9073967                   /usr/lib/jvm/java-17-openjdk/lib/libnio.so
7fd5f37dd000-7fd5f37e7000 r--p 00000000 103:04 9073952                   /usr/lib/jvm/java-17-openjdk/lib/libjava.so
7fd5f37e7000-7fd5f37f9000 r-xp 0000a000 103:04 9073952                   /usr/lib/jvm/java-17-openjdk/lib/libjava.so
7fd5f37f9000-7fd5f37ff000 r--p 0001c000 103:04 9073952                   /usr/lib/jvm/java-17-openjdk/lib/libjava.so
7fd5f37ff000-7fd5f3800000 r--p 00021000 103:04 9073952                   /usr/lib/jvm/java-17-openjdk/lib/libjava.so
7fd5f3800000-7fd5f3801000 rw-p 00022000 103:04 9073952                   /usr/lib/jvm/java-17-openjdk/lib/libjava.so
7fd5f3801000-7fd5f3802000 rw-p 00000000 00:00 0 
7fd5f3802000-7fd5f3806000 r--p 00000000 103:04 8954566                   /usr/lib/libgcc_s.so.1
7fd5f3806000-7fd5f3829000 r-xp 00004000 103:04 8954566                   /usr/lib/libgcc_s.so.1
7fd5f3829000-7fd5f382d000 r--p 00027000 103:04 8954566                   /usr/lib/libgcc_s.so.1
7fd5f382d000-7fd5f382e000 r--p 0002a000 103:04 8954566                   /usr/lib/libgcc_s.so.1
7fd5f382e000-7fd5f382f000 rw-p 0002b000 103:04 8954566                   /usr/lib/libgcc_s.so.1
7fd5f382f000-7fd5f383f000 r--p 00000000 103:04 8954912                   /usr/lib/libm.so.6
7fd5f383f000-7fd5f38d6000 r-xp 00010000 103:04 8954912                   /usr/lib/libm.so.6
7fd5f38d6000-7fd5f394b000 r--p 000a7000 103:04 8954912                   /usr/lib/libm.so.6
7fd5f394b000-7fd5f394c000 r--p 0011b000 103:04 8954912                   /usr/lib/libm.so.6
7fd5f394c000-7fd5f394d000 rw-p 0011c000 103:04 8954912                   /usr/lib/libm.so.6
7fd5f394d000-7fd5f394f000 rw-p 00000000 00:00 0 
7fd5f394f000-7fd5f3952000 r--p 00000000 103:04 8955655                   /usr/lib/libz.so.1.3.1
7fd5f3952000-7fd5f3960000 r-xp 00003000 103:04 8955655                   /usr/lib/libz.so.1.3.1
7fd5f3960000-7fd5f3966000 r--p 00011000 103:04 8955655                   /usr/lib/libz.so.1.3.1
7fd5f3966000-7fd5f3967000 r--p 00017000 103:04 8955655                   /usr/lib/libz.so.1.3.1
7fd5f3967000-7fd5f3968000 rw-p 00018000 103:04 8955655                   /usr/lib/libz.so.1.3.1
7fd5f3968000-7fd5f398c000 r--p 00000000 103:04 8954342                   /usr/lib/libc.so.6
7fd5f398c000-7fd5f3afd000 r-xp 00024000 103:04 8954342                   /usr/lib/libc.so.6
7fd5f3afd000-7fd5f3b4b000 r--p 00195000 103:04 8954342                   /usr/lib/libc.so.6
7fd5f3b4b000-7fd5f3b4f000 r--p 001e2000 103:04 8954342                   /usr/lib/libc.so.6
7fd5f3b4f000-7fd5f3b51000 rw-p 001e6000 103:04 8954342                   /usr/lib/libc.so.6
7fd5f3b51000-7fd5f3b59000 rw-p 00000000 00:00 0 
7fd5f3b5a000-7fd5f3b5c000 r--p 00000000 103:04 9073975                   /usr/lib/jvm/java-17-openjdk/lib/libzip.so
7fd5f3b5c000-7fd5f3b60000 r-xp 00002000 103:04 9073975                   /usr/lib/jvm/java-17-openjdk/lib/libzip.so
7fd5f3b60000-7fd5f3b62000 r--p 00006000 103:04 9073975                   /usr/lib/jvm/java-17-openjdk/lib/libzip.so
7fd5f3b62000-7fd5f3b63000 r--p 00007000 103:04 9073975                   /usr/lib/jvm/java-17-openjdk/lib/libzip.so
7fd5f3b63000-7fd5f3b64000 rw-p 00008000 103:04 9073975                   /usr/lib/jvm/java-17-openjdk/lib/libzip.so
7fd5f3b64000-7fd5f3b6d000 rw-p 00000000 00:00 0 
7fd5f3b6d000-7fd5f3b73000 ---p 00000000 00:00 0 
7fd5f3b73000-7fd5f3b7b000 rw-s 00000000 00:24 42125                      /tmp/hsperfdata_asahiner/427284
7fd5f3b7b000-7fd5f3b7d000 r--p 00000000 103:04 9073947                   /usr/lib/jvm/java-17-openjdk/lib/libinstrument.so
7fd5f3b7d000-7fd5f3b83000 r-xp 00002000 103:04 9073947                   /usr/lib/jvm/java-17-openjdk/lib/libinstrument.so
7fd5f3b83000-7fd5f3b86000 r--p 00008000 103:04 9073947                   /usr/lib/jvm/java-17-openjdk/lib/libinstrument.so
7fd5f3b86000-7fd5f3b87000 r--p 0000a000 103:04 9073947                   /usr/lib/jvm/java-17-openjdk/lib/libinstrument.so
7fd5f3b87000-7fd5f3b88000 rw-p 0000b000 103:04 9073947                   /usr/lib/jvm/java-17-openjdk/lib/libinstrument.so
7fd5f3b88000-7fd5f3b89000 ---p 00000000 00:00 0 
7fd5f3b89000-7fd5f3b8a000 r--p 00000000 00:00 0 
7fd5f3b8a000-7fd5f3b8b000 ---p 00000000 00:00 0 
7fd5f3b8b000-7fd5f3b8c000 r--p 00000000 103:04 9073956                   /usr/lib/jvm/java-17-openjdk/lib/libjimage.so
7fd5f3b8c000-7fd5f3b8f000 r-xp 00001000 103:04 9073956                   /usr/lib/jvm/java-17-openjdk/lib/libjimage.so
7fd5f3b8f000-7fd5f3b90000 r--p 00004000 103:04 9073956                   /usr/lib/jvm/java-17-openjdk/lib/libjimage.so
7fd5f3b90000-7fd5f3b91000 r--p 00005000 103:04 9073956                   /usr/lib/jvm/java-17-openjdk/lib/libjimage.so
7fd5f3b91000-7fd5f3b92000 rw-p 00006000 103:04 9073956                   /usr/lib/jvm/java-17-openjdk/lib/libjimage.so
7fd5f3b92000-7fd5f3b94000 r--p 00000000 103:04 9073957                   /usr/lib/jvm/java-17-openjdk/lib/libjli.so
7fd5f3b94000-7fd5f3b9e000 r-xp 00002000 103:04 9073957                   /usr/lib/jvm/java-17-openjdk/lib/libjli.so
7fd5f3b9e000-7fd5f3ba1000 r--p 0000c000 103:04 9073957                   /usr/lib/jvm/java-17-openjdk/lib/libjli.so
7fd5f3ba1000-7fd5f3ba2000 r--p 0000f000 103:04 9073957                   /usr/lib/jvm/java-17-openjdk/lib/libjli.so
7fd5f3ba2000-7fd5f3ba3000 rw-p 00010000 103:04 9073957                   /usr/lib/jvm/java-17-openjdk/lib/libjli.so
7fd5f3ba3000-7fd5f3ba5000 rw-p 00000000 00:00 0 
7fd5f3ba5000-7fd5f3ba9000 r--p 00000000 00:00 0                          [vvar]
7fd5f3ba9000-7fd5f3bab000 r--p 00000000 00:00 0                          [vvar_vclock]
7fd5f3bab000-7fd5f3bad000 r-xp 00000000 00:00 0                          [vdso]
7fd5f3bad000-7fd5f3bae000 r--p 00000000 103:04 8953381                   /usr/lib/ld-linux-x86-64.so.2
7fd5f3bae000-7fd5f3bd8000 r-xp 00001000 103:04 8953381                   /usr/lib/ld-linux-x86-64.so.2
7fd5f3bd8000-7fd5f3be3000 r--p 0002b000 103:04 8953381                   /usr/lib/ld-linux-x86-64.so.2
7fd5f3be3000-7fd5f3be5000 r--p 00036000 103:04 8953381                   /usr/lib/ld-linux-x86-64.so.2
7fd5f3be5000-7fd5f3be6000 rw-p 00038000 103:04 8953381                   /usr/lib/ld-linux-x86-64.so.2
7fd5f3be6000-7fd5f3be7000 rw-p 00000000 00:00 0 
7ffddfd1b000-7ffddfd3d000 rw-p 00000000 00:00 0                          [stack]
ffffffffff600000-ffffffffff601000 --xp 00000000 00:00 0                  [vsyscall]


VM Arguments:
jvm_args: --add-opens=java.base/java.lang=ALL-UNNAMED --add-opens=java.base/java.lang.invoke=ALL-UNNAMED --add-opens=java.base/java.util=ALL-UNNAMED --add-opens=java.prefs/java.util.prefs=ALL-UNNAMED --add-exports=jdk.compiler/com.sun.tools.javac.api=ALL-UNNAMED --add-exports=jdk.compiler/com.sun.tools.javac.util=ALL-UNNAMED --add-opens=java.base/java.util=ALL-UNNAMED --add-opens=java.prefs/java.util.prefs=ALL-UNNAMED --add-opens=java.base/java.nio.charset=ALL-UNNAMED --add-opens=java.base/java.net=ALL-UNNAMED --add-opens=java.base/java.util.concurrent.atomic=ALL-UNNAMED --add-opens=java.xml/javax.xml.namespace=ALL-UNNAMED -XX:MaxMetaspaceSize=1024m -Xmx4096m -Dfile.encoding=UTF-8 -Duser.country=US -Duser.language=en -Duser.variant -javaagent:/home/asahiner/.gradle/wrapper/dists/gradle-8.14.3-bin/cv11ve7ro1n3o1j4so8xd9n66/gradle-8.14.3/lib/agents/gradle-instrumentation-agent-8.14.3.jar 
java_command: org.gradle.launcher.daemon.bootstrap.GradleDaemon 8.14.3
java_class_path (initial): /home/asahiner/.gradle/wrapper/dists/gradle-8.14.3-bin/cv11ve7ro1n3o1j4so8xd9n66/gradle-8.14.3/lib/gradle-daemon-main-8.14.3.jar
Launcher Type: SUN_STANDARD

[Global flags]
     intx CICompilerCount                          = 12                                        {product} {ergonomic}
   size_t CompressedClassSpaceSize                 = 872415232                                 {product} {ergonomic}
     uint ConcGCThreads                            = 3                                         {product} {ergonomic}
     uint G1ConcRefinementThreads                  = 13                                        {product} {ergonomic}
   size_t G1HeapRegionSize                         = 2097152                                   {product} {ergonomic}
    uintx GCDrainStackTargetSize                   = 64                                        {product} {ergonomic}
   size_t InitialHeapSize                          = 517996544                                 {product} {ergonomic}
   size_t MarkStackSize                            = 4194304                                   {product} {ergonomic}
   size_t MaxHeapSize                              = 4294967296                                {product} {command line}
   size_t MaxMetaspaceSize                         = 1073741824                                {product} {command line}
   size_t MaxNewSize                               = 2575302656                                {product} {ergonomic}
   size_t MinHeapDeltaBytes                        = 2097152                                   {product} {ergonomic}
   size_t MinHeapSize                              = 8388608                                   {product} {ergonomic}
    uintx NonNMethodCodeHeapSize                   = 7602480                                {pd product} {ergonomic}
    uintx NonProfiledCodeHeapSize                  = 122027880                              {pd product} {ergonomic}
    uintx ProfiledCodeHeapSize                     = 122027880                              {pd product} {ergonomic}
    uintx ReservedCodeCacheSize                    = 251658240                              {pd product} {ergonomic}
     bool SegmentedCodeCache                       = true                                      {product} {ergonomic}
   size_t SoftMaxHeapSize                          = 4294967296                             {manageable} {ergonomic}
     bool UseCompressedClassPointers               = true                           {product lp64_product} {ergonomic}
     bool UseCompressedOops                        = true                           {product lp64_product} {ergonomic}
     bool UseG1GC                                  = true                                      {product} {ergonomic}

Logging:
Log output configuration:
 #0: stdout all=warning uptime,level,tags
 #1: stderr all=off uptime,level,tags

Environment Variables:
JAVA_HOME=/usr/lib/jvm/java-17-openjdk
PATH=/data/projects/radar_tinder/.venv/bin:/home/asahiner/.local/share/JetBrains/Toolbox/apps/android-studio/bin:/home/asahiner/.local/bin:/home/asahiner/.local/share/corepack:/home/asahiner/.yarn/bin:/home/asahiner/.config/yarn/global/node_modules/.bin:/home/asahiner/.bun/bin:/home/asahiner/.local/bin:/home/asahiner/.nvm/versions/node/v20.19.5/bin:/usr/lib/jvm/java-17-openjdk/bin:/opt/cuda-13.0/bin:/home/asahiner/.config/Code/User/globalStorage/github.copilot-chat/debugCommand:/home/asahiner/.config/Code/User/globalStorage/github.copilot-chat/copilotCli:/home/asahiner/.local/share/swiftly/bin:/home/asahiner/.local/bin:/opt/antigravity/usr/bin:/usr/local/sbin:/usr/local/bin:/usr/bin:/opt/cuda/bin:/var/lib/flatpak/exports/bin:/usr/lib/jvm/default/bin:/usr/bin/site_perl:/usr/bin/vendor_perl:/usr/bin/core_perl:/usr/lib/rustup/bin:/home/asahiner/.vscode/extensions/vscjava.vscode-java-debug-0.58.5/bundled/scripts/noConfigScripts:/home/asahiner/.vscode/extensions/ms-python.debugpy-2025.18.0-linux-x64/bundled/scripts/noConfigScripts:/home/asahiner/Android/Sdk/platform-tools:/home/asahiner/Android/Sdk/emulator:/home/asahiner/Android/Sdk/cmdline-tools/latest/bin
LD_LIBRARY_PATH=/opt/cuda-13.0/lib64:
SHELL=/usr/bin/zsh
DISPLAY=:1
LANG=en_US.UTF-8
LC_NUMERIC=en_US.UTF-8
LC_TIME=en_US.UTF-8
TERM=xterm-256color

Active Locale:
LC_ALL=en_US.UTF-8
LC_COLLATE=en_US.UTF-8
LC_CTYPE=en_US.UTF-8
LC_MESSAGES=en_US.UTF-8
LC_MONETARY=en_US.UTF-8
LC_NUMERIC=en_US.UTF-8
LC_TIME=en_US.UTF-8

Signal Handlers:
   SIGSEGV: 0x00007fd5f33530b0 in libjvm.so+13971632, mask=11100100010111111101111111111110, flags=SA_RESTART|SA_SIGINFO, unblocked
    SIGBUS: 0x00007fd5f33530b0 in libjvm.so+13971632, mask=11100100010111111101111111111110, flags=SA_RESTART|SA_SIGINFO, unblocked
    SIGFPE: 0x00007fd5f33530b0 in libjvm.so+13971632, mask=11100100010111111101111111111110, flags=SA_RESTART|SA_SIGINFO, unblocked
   SIGPIPE: 0x00007fd5f31e1880 in libjvm.so+12458112, mask=11100100010111111101111111111110, flags=SA_RESTART|SA_SIGINFO, blocked
   SIGXFSZ: 0x00007fd5f31e1880 in libjvm.so+12458112, mask=11100100010111111101111111111110, flags=SA_RESTART|SA_SIGINFO, blocked
    SIGILL: 0x00007fd5f33530b0 in libjvm.so+13971632, mask=11100100010111111101111111111110, flags=SA_RESTART|SA_SIGINFO, unblocked
   SIGUSR2: 0x00007fd5f31e0df0 in libjvm.so+12455408, mask=00100000000000000000000000000000, flags=SA_RESTART|SA_SIGINFO, blocked
    SIGHUP: 0x00007fd5f31e0cf0 in libjvm.so+12455152, mask=11100100010111111101111111111110, flags=SA_RESTART|SA_SIGINFO, blocked
    SIGINT: 0x00007fd5f31e0cf0 in libjvm.so+12455152, mask=11100100010111111101111111111110, flags=SA_RESTART|SA_SIGINFO, blocked
   SIGTERM: 0x00007fd5f31e0cf0 in libjvm.so+12455152, mask=11100100010111111101111111111110, flags=SA_RESTART|SA_SIGINFO, blocked
   SIGQUIT: 0x00007fd5f31e0cf0 in libjvm.so+12455152, mask=11100100010111111101111111111110, flags=SA_RESTART|SA_SIGINFO, blocked
   SIGTRAP: 0x00007fd5f33530b0 in libjvm.so+13971632, mask=11100100010111111101111111111110, flags=SA_RESTART|SA_SIGINFO, unblocked


Periodic native trim disabled


---------------  S Y S T E M  ---------------

OS:
DISTRIB_ID="ManjaroLinux"
DISTRIB_RELEASE="26.0.3"
DISTRIB_CODENAME="Anh-Linh"
DISTRIB_DESCRIPTION="Manjaro Linux"
uname: Linux 6.18.12-1-MANJARO #1 SMP PREEMPT_DYNAMIC Mon, 16 Feb 2026 21:35:51 +0000 x86_64
OS uptime: 0 days 5:37 hours
libc: glibc 2.43 NPTL 2.43 
rlimit (soft/hard): STACK 8192k/infinity , CORE infinity/infinity , NPROC 125000/125000 , NOFILE 524288/524288 , AS infinity/infinity , CPU infinity/infinity , DATA infinity/infinity , FSIZE infinity/infinity , MEMLOCK 8192k/8192k
load average: 11.44 5.38 4.63

/proc/meminfo:
MemTotal:       32258216 kB
MemFree:         2225216 kB
MemAvailable:    8168200 kB
Buffers:          325000 kB
Cached:          4567516 kB
SwapCached:      1204340 kB
Active:         13706384 kB
Inactive:        7949360 kB
Active(anon):   12920468 kB
Inactive(anon):  4000644 kB
Active(file):     785916 kB
Inactive(file):  3948716 kB
Unevictable:        2320 kB
Mlocked:            2320 kB
SwapTotal:      16129020 kB
SwapFree:        2813564 kB
Zswap:           2261032 kB
Zswapped:        6070004 kB
Dirty:             21680 kB
Writeback:             0 kB
AnonPages:      15397060 kB
Mapped:           889612 kB
Shmem:            156296 kB
KReclaimable:    1682192 kB
Slab:            2231808 kB
SReclaimable:    1682192 kB
SUnreclaim:       549616 kB
KernelStack:       54320 kB
PageTables:       217480 kB
SecPageTables:      5768 kB
NFS_Unstable:          0 kB
Bounce:                0 kB
WritebackTmp:          0 kB
CommitLimit:    32258128 kB
Committed_AS:   86911548 kB
VmallocTotal:   34359738367 kB
VmallocUsed:      288216 kB
VmallocChunk:          0 kB
Percpu:            14144 kB
HardwareCorrupted:     0 kB
AnonHugePages:   3135488 kB
ShmemHugePages:        0 kB
ShmemPmdMapped:        0 kB
FileHugePages:    124928 kB
FilePmdMapped:    120832 kB
CmaTotal:              0 kB
CmaFree:               0 kB
Unaccepted:            0 kB
Balloon:               0 kB
HugePages_Total:       0
HugePages_Free:        0
HugePages_Rsvd:        0
HugePages_Surp:        0
Hugepagesize:       2048 kB
Hugetlb:               0 kB
DirectMap4k:     9260992 kB
DirectMap2M:    23685120 kB
DirectMap1G:           0 kB

/sys/kernel/mm/transparent_hugepage/enabled: [always] madvise never
/sys/kernel/mm/transparent_hugepage/hpage_pmd_size: 2097152
/sys/kernel/mm/transparent_hugepage/defrag (defrag/compaction efforts parameter): always defer defer+madvise [madvise] never

Process Memory:
Virtual Size: 14735100K (peak: 14761532K)
Resident Set Size: 2534464K (peak: 2534464K) (anon: 2502424K, file: 32008K, shmem: 32K)
Swapped out: 0K
C-Heap outstanding allocations: 346411K, retained: 386180K
glibc malloc tunables: (default)

/proc/sys/kernel/threads-max (system-wide limit on the number of threads): 250001
/proc/sys/vm/max_map_count (maximum number of memory map areas a process may have): 1048576
/proc/sys/vm/swappiness (control to define how aggressively the kernel swaps out anonymous memory): 60
/proc/sys/kernel/pid_max (system-wide limit on number of process identifiers): 4194304

container information not found.
Steal ticks since vm start: 0
Steal ticks percentage since vm start:  0.000

CPU: total 16 (initial active 16) (16 cores per cpu, 2 threads per core) family 23 model 96 stepping 1 microcode 0x860010d, cx8, cmov, fxsr, ht, mmx, 3dnowpref, sse, sse2, sse3, ssse3, sse4a, sse4.1, sse4.2, popcnt, lzcnt, tsc, tscinvbit, avx, avx2, aes, clmul, bmi1, bmi2, adx, sha, fma, vzeroupper, clflush, clflushopt
CPU Model and flags from /proc/cpuinfo:
model name	: AMD Ryzen 7 4800H with Radeon Graphics
flags		: fpu vme de pse tsc msr pae mce cx8 apic sep mtrr pge mca cmov pat pse36 clflush mmx fxsr sse sse2 ht syscall nx mmxext fxsr_opt pdpe1gb rdtscp lm constant_tsc rep_good nopl xtopology nonstop_tsc cpuid extd_apicid aperfmperf rapl pni pclmulqdq monitor ssse3 fma cx16 sse4_1 sse4_2 movbe popcnt aes xsave avx f16c rdrand lahf_lm cmp_legacy svm extapic cr8_legacy abm sse4a misalignsse 3dnowprefetch osvw ibs skinit wdt tce topoext perfctr_core perfctr_nb bpext perfctr_llc mwaitx cpb cat_l3 cdp_l3 hw_pstate ssbd mba ibrs ibpb stibp vmmcall fsgsbase bmi1 avx2 smep bmi2 cqm rdt_a rdseed adx smap clflushopt clwb sha_ni xsaveopt xsavec xgetbv1 cqm_llc cqm_occup_llc cqm_mbm_total cqm_mbm_local clzero irperf xsaveerptr rdpru wbnoinvd cppc arat npt lbrv svm_lock nrip_save tsc_scale vmcb_clean flushbyasid decodeassists pausefilter pfthreshold avic v_vmsave_vmload vgif v_spec_ctrl umip rdpid overflow_recov succor smca sev sev_es

Online cpus: 0-15
Offline cpus: 
BIOS frequency limitation: 2900000
Frequency switch latency (ns): 0
Available cpu frequencies: 2900000 1700000 1400000 
Current governor: performance
Core performance/turbo boost: 1

Memory: 4k page, physical 32258216k(2225216k free), swap 16129020k(2813592k free)
Page Sizes: 4k

vm_info: OpenJDK 64-Bit Server VM (17.0.18+8) for linux-amd64 JRE (17.0.18+8), built on Jan 21 2026 09:22:05 by "builduser" with gcc 15.2.1 20260103

END.
