{
"type": "FeatureCollection",
"name": "Traffic_Camera",
"crs": { "type": "name", "properties": { "name": "urn:ogc:def:crs:OGC:1.3:CRS84" } },
"features": [
{ "type": "Feature", "properties": { "STREETJUNCTIONID": 945, "STREETSEGID": 206, "FACILITYID": "84", "CAMERAID": 84, "POLEID": 12418, "CAMERATYPE": "CCTV", "OWNER": 1, "GIS_ID": "TrafficCamera_1", "SE_ANNO_CAD_DATA": null, "OBJECTID": 1, "GLOBALID": "{4CC917DD-554D-46DE-8BB5-71230FC4D441}", "CREATED": null, "EDITED": "2021-11-12T22:42:27Z" }, "geometry": { "type": "Point", "coordinates": [ -77.036461359711922, 38.991687255595359 ] } },
{ "type": "Feature", "properties": { "STREETJUNCTIONID": 4937, "STREETSEGID": 12009, "FACILITYID": "205", "CAMERAID": 205, "POLEID": 11314, "CAMERATYPE": "CCTV", "OWNER": 1, "GIS_ID": "TrafficCamera_2", "SE_ANNO_CAD_DATA": null, "OBJECTID": 2, "GLOBALID": "{6C32E33E-EAF7-4EF4-9ABA-7CDB1CC645CB}", "CREATED": null, "EDITED": "2021-11-12T22:42:27Z" }, "geometry": { "type": "Point", "coordinates": [ -77.036235767286726, 38.985728045402496 ] } },
{ "type": "Feature", "properties": { "STREETJUNCTIONID": 1061, "STREETSEGID": 5319, "FACILITYID": "86", "CAMERAID": 86, "POLEID": 12551, "CAMERATYPE": "CCTV", "OWNER": 1, "GIS_ID": "TrafficCamera_3", "SE_ANNO_CAD_DATA": null, "OBJECTID": 3, "GLOBALID": "{C9097446-306C-4FB8-9321-DBBBE474016C}", "CREATED": null, "EDITED": "2021-11-12T22:42:27Z" }, "geometry": { "type": "Point", "coordinates": [ -77.026736148316303, 38.984524339926367 ] } },
{ "type": "Feature", "properties": { "STREETJUNCTIONID": 3206, "STREETSEGID": 2081, "FACILITYID": "88", "CAMERAID": 88, "POLEID": 12562, "CAMERATYPE": "CCTV", "OWNER": 1, "GIS_ID": "TrafficCamera_4", "SE_ANNO_CAD_DATA": null, "OBJECTID": 4, "GLOBALID": "{7FE995D5-5573-4C06-8051-1022E7EB25C5}", "CREATED": null, "EDITED": "2021-11-12T22:42:27Z" }, "geometry": { "type": "Point", "coordinates": [ -77.02676176207892, 38.983670265177231 ] } },
{ "type": "Feature", "properties": { "STREETJUNCTIONID": 1987, "STREETSEGID": 2002, "FACILITYID": "92", "CAMERAID": 92, "POLEID": 12664, "CAMERATYPE": "CCTV", "OWNER": 1, "GIS_ID": "TrafficCamera_5", "SE_ANNO_CAD_DATA": null, "OBJECTID": 5, "GLOBALID": "{2544CD63-C011-4A75-A646-5584B387FA80}", "CREATED": null, "EDITED": "2021-11-12T22:42:27Z" }, "geometry": { "type": "Point", "coordinates": [ -77.01874570811664, 38.978286196871039 ] } },
{ "type": "Feature", "properties": { "STREETJUNCTIONID": 2573, "STREETSEGID": 9383, "FACILITYID": "90", "CAMERAID": 90, "POLEID": 12626, "CAMERATYPE": "CCTV", "OWNER": 1, "GIS_ID": "TrafficCamera_6", "SE_ANNO_CAD_DATA": null, "OBJECTID": 6, "GLOBALID": "{61818A85-7068-4D10-AECB-E6A8C30183A3}", "CREATED": null, "EDITED": "2021-11-12T22:42:27Z" }, "geometry": { "type": "Point", "coordinates": [ -77.036264925989741, 38.975122998507324 ] } },
{ "type": "Feature", "properties": { "STREETJUNCTIONID": 4811, "STREETSEGID": 9605, "FACILITYID": "94", "CAMERAID": 94, "POLEID": 12723, "CAMERATYPE": "CCTV", "OWNER": 1, "GIS_ID": "TrafficCamera_7", "SE_ANNO_CAD_DATA": null, "OBJECTID": 7, "GLOBALID": "{DA8911EF-C411-42A5-82BC-796668C69ED5}", "CREATED": null, "EDITED": "2021-11-12T22:42:27Z" }, "geometry": { "type": "Point", "coordinates": [ -77.018146523555245, 38.974591827451945 ] } },
{ "type": "Feature", "properties": { "STREETJUNCTIONID": 5275, "STREETSEGID": 6168, "FACILITYID": "207", "CAMERAID": 207, "POLEID": 15834, "CAMERATYPE": "CCTV", "OWNER": 1, "GIS_ID": "TrafficCamera_8", "SE_ANNO_CAD_DATA": null, "OBJECTID": 8, "GLOBALID": "{603C8FF0-651E-4163-9BA6-9D4BD56C7D7B}", "CREATED": null, "EDITED": "2021-11-12T22:42:27Z" }, "geometry": { "type": "Point", "coordinates": [ -77.027624940320933, 38.967345780618757 ] } },
{ "type": "Feature", "properties": { "STREETJUNCTIONID": 561, "STREETSEGID": 3234, "FACILITYID": "51", "CAMERAID": 51, "POLEID": 4352, "CAMERATYPE": "CCTV", "OWNER": 1, "GIS_ID": "TrafficCamera_9", "SE_ANNO_CAD_DATA": null, "OBJECTID": 9, "GLOBALID": "{91F6B350-6F2A-4DB9-94FB-69882B41B16C}", "CREATED": null, "EDITED": "2021-11-12T22:42:27Z" }, "geometry": { "type": "Point", "coordinates": [ -77.076895932430361, 38.967160431200291 ] } },
{ "type": "Feature", "properties": { "STREETJUNCTIONID": 2056, "STREETSEGID": 11657, "FACILITYID": "50", "CAMERAID": 50, "POLEID": 4327, "CAMERATYPE": "CCTV", "OWNER": 1, "GIS_ID": "TrafficCamera_10", "SE_ANNO_CAD_DATA": null, "OBJECTID": 10, "GLOBALID": "{E2C38E48-229D-4CC1-8ABA-A2EBD9824270}", "CREATED": null, "EDITED": "2021-11-12T22:42:27Z" }, "geometry": { "type": "Point", "coordinates": [ -77.076003415259279, 38.965878789424345 ] } },
{ "type": "Feature", "properties": { "STREETJUNCTIONID": 3463, "STREETSEGID": 3093, "FACILITYID": "48", "CAMERAID": 48, "POLEID": 4286, "CAMERATYPE": "CCTV", "OWNER": 3, "GIS_ID": "TrafficCamera_11", "SE_ANNO_CAD_DATA": null, "OBJECTID": 11, "GLOBALID": "{D00D2B85-3759-4773-AB9C-67B76EEED7D5}", "CREATED": null, "EDITED": "2021-11-12T22:42:27Z" }, "geometry": { "type": "Point", "coordinates": [ -77.074854326615778, 38.964052062480675 ] } },
{ "type": "Feature", "properties": { "STREETJUNCTIONID": 3463, "STREETSEGID": 5943, "FACILITYID": "49", "CAMERAID": 49, "POLEID": 4293, "CAMERATYPE": "CCTV", "OWNER": 3, "GIS_ID": "TrafficCamera_12", "SE_ANNO_CAD_DATA": null, "OBJECTID": 12, "GLOBALID": "{E3B25111-AC71-4D35-BD42-CC7EEFA3CD44}", "CREATED": null, "EDITED": "2021-11-12T22:42:27Z" }, "geometry": { "type": "Point", "coordinates": [ -77.075227102851755, 38.963953669302072 ] } },
{ "type": "Feature", "properties": { "STREETJUNCTIONID": 1247, "STREETSEGID": 2514, "FACILITYID": "72", "CAMERAID": 72, "POLEID": 4386, "CAMERATYPE": "CCTV", "OWNER": 1, "GIS_ID": "TrafficCamera_13", "SE_ANNO_CAD_DATA": null, "OBJECTID": 13, "GLOBALID": "{54DEEAC6-5779-4676-AED1-9C252A84BEC1}", "CREATED": null, "EDITED": "2021-11-12T22:42:27Z" }, "geometry": { "type": "Point", "coordinates": [ -77.080190917781167, 38.963145780005327 ] } },
{ "type": "Feature", "properties": { "STREETJUNCTIONID": 1247, "STREETSEGID": 2240, "FACILITYID": "52", "CAMERAID": 52, "POLEID": 4389, "CAMERATYPE": "CCTV", "OWNER": 1, "GIS_ID": "TrafficCamera_14", "SE_ANNO_CAD_DATA": null, "OBJECTID": 14, "GLOBALID": "{977716E8-FA6A-4DD4-8D7B-CF394FB3EBF7}", "CREATED": null, "EDITED": "2021-11-12T22:42:27Z" }, "geometry": { "type": "Point", "coordinates": [ -77.080357310179011, 38.963040728590187 ] } },
{ "type": "Feature", "properties": { "STREETJUNCTIONID": 4620, "STREETSEGID": 1647, "FACILITYID": "95", "CAMERAID": 95, "POLEID": 14166, "CAMERATYPE": "CCTV", "OWNER": 1, "GIS_ID": "TrafficCamera_15", "SE_ANNO_CAD_DATA": null, "OBJECTID": 15, "GLOBALID": "{9E3B294F-723D-4E16-8491-F958BF5E0CAD}", "CREATED": null, "EDITED": "2021-11-12T22:42:27Z" }, "geometry": { "type": "Point", "coordinates": [ -77.036290392827098, 38.962451319673193 ] } },
{ "type": "Feature", "properties": { "STREETJUNCTIONID": 6972, "STREETSEGID": 7189, "FACILITYID": "70", "CAMERAID": 70, "POLEID": 6913, "CAMERATYPE": "CCTV", "OWNER": 1, "GIS_ID": "TrafficCamera_18", "SE_ANNO_CAD_DATA": null, "OBJECTID": 18, "GLOBALID": "{1AB859E1-0739-4EA8-8602-DC38B4D25E0C}", "CREATED": null, "EDITED": "2021-11-12T22:42:27Z" }, "geometry": { "type": "Point", "coordinates": [ -77.052854634289247, 38.961579050446332 ] } },
{ "type": "Feature", "properties": { "STREETJUNCTIONID": 6972, "STREETSEGID": 5689, "FACILITYID": "69", "CAMERAID": 69, "POLEID": 6908, "CAMERATYPE": "CCTV", "OWNER": 1, "GIS_ID": "TrafficCamera_19", "SE_ANNO_CAD_DATA": null, "OBJECTID": 19, "GLOBALID": "{39557AEB-6864-4568-9CF5-2D457AD54B1C}", "CREATED": null, "EDITED": "2021-11-12T22:42:27Z" }, "geometry": { "type": "Point", "coordinates": [ -77.052643343032173, 38.96143234720811 ] } },
{ "type": "Feature", "properties": { "STREETJUNCTIONID": 3633, "STREETSEGID": 1847, "FACILITYID": "67", "CAMERAID": 67, "POLEID": 6891, "CAMERATYPE": "CCTV", "OWNER": 1, "GIS_ID": "TrafficCamera_20", "SE_ANNO_CAD_DATA": null, "OBJECTID": 20, "GLOBALID": "{7D8D2261-1252-42B7-9093-FD2B3C639716}", "CREATED": null, "EDITED": "2021-11-12T22:42:27Z" }, "geometry": { "type": "Point", "coordinates": [ -77.056287193772604, 38.961189381629339 ] } },
{ "type": "Feature", "properties": { "STREETJUNCTIONID": 6160, "STREETSEGID": 10603, "FACILITYID": "98", "CAMERAID": 98, "POLEID": 14211, "CAMERATYPE": "CCTV", "OWNER": 1, "GIS_ID": "TrafficCamera_21", "SE_ANNO_CAD_DATA": null, "OBJECTID": 21, "GLOBALID": "{8D3A9362-0CE6-42EE-8E7E-0FDAB3065381}", "CREATED": null, "EDITED": "2021-11-12T22:42:27Z" }, "geometry": { "type": "Point", "coordinates": [ -77.028144954914552, 38.961136701309897 ] } },
{ "type": "Feature", "properties": { "STREETJUNCTIONID": 4939, "STREETSEGID": 11185, "FACILITYID": "46", "CAMERAID": 46, "POLEID": 4166, "CAMERATYPE": "CCTV", "OWNER": 3, "GIS_ID": "TrafficCamera_22", "SE_ANNO_CAD_DATA": null, "OBJECTID": 22, "GLOBALID": "{48D0B57B-D6A0-4212-8310-26A82CF91DC6}", "CREATED": null, "EDITED": "2021-11-12T22:42:27Z" }, "geometry": { "type": "Point", "coordinates": [ -77.073233490584727, 38.961107163678982 ] } },
{ "type": "Feature", "properties": { "STREETJUNCTIONID": 4089, "STREETSEGID": 8030, "FACILITYID": "47", "CAMERAID": 47, "POLEID": 4240, "CAMERATYPE": "CCTV", "OWNER": 3, "GIS_ID": "TrafficCamera_23", "SE_ANNO_CAD_DATA": null, "OBJECTID": 23, "GLOBALID": "{EE568286-1E4B-4590-9028-7AB2150912DB}", "CREATED": null, "EDITED": "2021-11-12T22:42:27Z" }, "geometry": { "type": "Point", "coordinates": [ -77.077249241288214, 38.960970338386737 ] } },
{ "type": "Feature", "properties": { "STREETJUNCTIONID": 3633, "STREETSEGID": 3542, "FACILITYID": "68", "CAMERAID": 68, "POLEID": 6899, "CAMERATYPE": "CCTV", "OWNER": 1, "GIS_ID": "TrafficCamera_24", "SE_ANNO_CAD_DATA": null, "OBJECTID": 24, "GLOBALID": "{EFFCEDD9-ECDD-46DB-BE8A-A1EDADE3EA4A}", "CREATED": null, "EDITED": "2021-11-12T22:42:27Z" }, "geometry": { "type": "Point", "coordinates": [ -77.056140395313861, 38.960824104269442 ] } },
{ "type": "Feature", "properties": { "STREETJUNCTIONID": 3055, "STREETSEGID": 8899, "FACILITYID": "53", "CAMERAID": 53, "POLEID": 4612, "CAMERATYPE": "CCTV", "OWNER": 1, "GIS_ID": "TrafficCamera_25", "SE_ANNO_CAD_DATA": null, "OBJECTID": 25, "GLOBALID": "{4C5F5756-96CC-446E-A2B1-B188E0D4E3F8}", "CREATED": null, "EDITED": "2021-11-12T22:42:27Z" }, "geometry": { "type": "Point", "coordinates": [ -77.085914945912577, 38.960776730915462 ] } },
{ "type": "Feature", "properties": { "STREETJUNCTIONID": 3127, "STREETSEGID": 9048, "FACILITYID": "45", "CAMERAID": 45, "POLEID": 4158, "CAMERATYPE": "CCTV", "OWNER": 3, "GIS_ID": "TrafficCamera_26", "SE_ANNO_CAD_DATA": null, "OBJECTID": 26, "GLOBALID": "{F9581357-018A-4C99-9E35-946300A5BC5E}", "CREATED": null, "EDITED": "2021-11-12T22:42:27Z" }, "geometry": { "type": "Point", "coordinates": [ -77.072628898944515, 38.95962776281489 ] } },
{ "type": "Feature", "properties": { "STREETJUNCTIONID": 3126, "STREETSEGID": 3812, "FACILITYID": "43", "CAMERAID": 43, "POLEID": 4151, "CAMERATYPE": "CCTV", "OWNER": 3, "GIS_ID": "TrafficCamera_27", "SE_ANNO_CAD_DATA": null, "OBJECTID": 27, "GLOBALID": "{002660B7-4A40-432E-A5CE-8EA3E84146BE}", "CREATED": null, "EDITED": "2021-11-12T22:42:27Z" }, "geometry": { "type": "Point", "coordinates": [ -77.071998598616304, 38.959080035910524 ] } },
{ "type": "Feature", "properties": { "STREETJUNCTIONID": 3126, "STREETSEGID": 7179, "FACILITYID": "44", "CAMERAID": 44, "POLEID": 4156, "CAMERATYPE": "CCTV", "OWNER": 3, "GIS_ID": "TrafficCamera_28", "SE_ANNO_CAD_DATA": null, "OBJECTID": 28, "GLOBALID": "{5F8F6090-C760-47AE-86BA-C36554EC55F4}", "CREATED": null, "EDITED": "2021-11-12T22:42:27Z" }, "geometry": { "type": "Point", "coordinates": [ -77.072306139983496, 38.958991538118838 ] } },
{ "type": "Feature", "properties": { "STREETJUNCTIONID": 2411, "STREETSEGID": 5844, "FACILITYID": "59", "CAMERAID": 59, "POLEID": 6475, "CAMERATYPE": "CCTV", "OWNER": 3, "GIS_ID": "TrafficCamera_29", "SE_ANNO_CAD_DATA": null, "OBJECTID": 29, "GLOBALID": "{CB7E209B-E9F1-40B2-A957-9BA21D43E031}", "CREATED": null, "EDITED": "2021-11-12T22:42:27Z" }, "geometry": { "type": "Point", "coordinates": [ -77.071467878216694, 38.9576350035464 ] } },
{ "type": "Feature", "properties": { "STREETJUNCTIONID": 7052, "STREETSEGID": 6034, "FACILITYID": "211", "CAMERAID": 211, "POLEID": 13105, "CAMERATYPE": "CCTV", "OWNER": 3, "GIS_ID": "TrafficCamera_30", "SE_ANNO_CAD_DATA": null, "OBJECTID": 30, "GLOBALID": "{89946E65-9AB0-4384-9C21-9798474D462E}", "CREATED": null, "EDITED": "2021-11-12T22:42:27Z" }, "geometry": { "type": "Point", "coordinates": [ -77.019781483587096, 38.956527528192758 ] } },
{ "type": "Feature", "properties": { "STREETJUNCTIONID": 6256, "STREETSEGID": 10904, "FACILITYID": "209", "CAMERAID": 209, "POLEID": 13092, "CAMERATYPE": "CCTV", "OWNER": 3, "GIS_ID": "TrafficCamera_31", "SE_ANNO_CAD_DATA": null, "OBJECTID": 31, "GLOBALID": "{5C868006-2547-45B5-96BC-B1C88C068583}", "CREATED": null, "EDITED": "2021-11-12T22:42:27Z" }, "geometry": { "type": "Point", "coordinates": [ -77.025630411161558, 38.956348415905595 ] } },
{ "type": "Feature", "properties": { "STREETJUNCTIONID": 6923, "STREETSEGID": 10956, "FACILITYID": "99", "CAMERAID": 99, "POLEID": 14357, "CAMERATYPE": "CCTV", "OWNER": 3, "GIS_ID": "TrafficCamera_32", "SE_ANNO_CAD_DATA": null, "OBJECTID": 32, "GLOBALID": "{B3BF7166-B495-4C63-9476-5EE824BC1C4E}", "CREATED": null, "EDITED": "2021-11-12T22:42:27Z" }, "geometry": { "type": "Point", "coordinates": [ -77.033081888301709, 38.956328032838265 ] } },
{ "type": "Feature", "properties": { "STREETJUNCTIONID": 6923, "STREETSEGID": 10956, "FACILITYID": "100", "CAMERAID": 100, "POLEID": 14357, "CAMERATYPE": "CCTV", "OWNER": 3, "GIS_ID": "TrafficCamera_33", "SE_ANNO_CAD_DATA": null, "OBJECTID": 33, "GLOBALID": "{41308D8B-CD03-42A0-A62D-17153B63C54F}", "CREATED": null, "EDITED": "2021-11-12T22:42:27Z" }, "geometry": { "type": "Point", "coordinates": [ -77.033081888301709, 38.956328032838265 ] } },
{ "type": "Feature", "properties": { "STREETJUNCTIONID": 6948, "STREETSEGID": 3232, "FACILITYID": "58", "CAMERAID": 58, "POLEID": 6463, "CAMERATYPE": "CCTV", "OWNER": 1, "GIS_ID": "TrafficCamera_34", "SE_ANNO_CAD_DATA": null, "OBJECTID": 34, "GLOBALID": "{030CC768-9132-4915-8BBD-82C6E1DEB8B7}", "CREATED": null, "EDITED": "2021-11-12T22:42:27Z" }, "geometry": { "type": "Point", "coordinates": [ -77.070423761803383, 38.955831281242141 ] } },
{ "type": "Feature", "properties": { "STREETJUNCTIONID": 1249, "STREETSEGID": 4405, "FACILITYID": "61", "CAMERAID": 61, "POLEID": 6582, "CAMERATYPE": "CCTV", "OWNER": 3, "GIS_ID": "TrafficCamera_35", "SE_ANNO_CAD_DATA": null, "OBJECTID": 35, "GLOBALID": "{363AC0F8-6DC4-45BD-864D-D8EB87630047}", "CREATED": null, "EDITED": "2021-11-12T22:42:27Z" }, "geometry": { "type": "Point", "coordinates": [ -77.069552318152503, 38.954776790428667 ] } },
{ "type": "Feature", "properties": { "STREETJUNCTIONID": 3217, "STREETSEGID": 5098, "FACILITYID": "54", "CAMERAID": 54, "POLEID": 4834, "CAMERATYPE": "CCTV", "OWNER": 1, "GIS_ID": "TrafficCamera_37", "SE_ANNO_CAD_DATA": null, "OBJECTID": 37, "GLOBALID": "{EE9F19B8-AA68-4128-99ED-5A5C935A6F58}", "CREATED": null, "EDITED": "2021-11-12T22:42:27Z" }, "geometry": { "type": "Point", "coordinates": [ -77.082013939383444, 38.953248026170542 ] } },
{ "type": "Feature", "properties": { "STREETJUNCTIONID": 3873, "STREETSEGID": 3799, "FACILITYID": "93", "CAMERAID": 93, "POLEID": 14739, "CAMERATYPE": "CCTV", "OWNER": 1, "GIS_ID": "TrafficCamera_40", "SE_ANNO_CAD_DATA": null, "OBJECTID": 40, "GLOBALID": "{98D7BC48-7E3B-4252-9A51-6C6052574CDD}", "CREATED": null, "EDITED": "2021-11-12T22:42:27Z" }, "geometry": { "type": "Point", "coordinates": [ -77.036517936018711, 38.952266289416997 ] } },
{ "type": "Feature", "properties": { "STREETJUNCTIONID": 2100, "STREETSEGID": 6149, "FACILITYID": "62", "CAMERAID": 62, "POLEID": 6684, "CAMERATYPE": "CCTV", "OWNER": 1, "GIS_ID": "TrafficCamera_41", "SE_ANNO_CAD_DATA": null, "OBJECTID": 41, "GLOBALID": "{12565570-E57C-4886-958D-B2B66B44BEE4}", "CREATED": null, "EDITED": "2021-11-12T22:42:27Z" }, "geometry": { "type": "Point", "coordinates": [ -77.071407675632813, 38.952153606920575 ] } },
{ "type": "Feature", "properties": { "STREETJUNCTIONID": 2100, "STREETSEGID": 10327, "FACILITYID": "63", "CAMERAID": 63, "POLEID": 6691, "CAMERATYPE": "CCTV", "OWNER": 1, "GIS_ID": "TrafficCamera_42", "SE_ANNO_CAD_DATA": null, "OBJECTID": 42, "GLOBALID": "{E116BD38-7C3F-45C8-B2FC-F702EE7C0978}", "CREATED": null, "EDITED": "2021-11-12T22:42:27Z" }, "geometry": { "type": "Point", "coordinates": [ -77.071654520312336, 38.95205715742285 ] } },
{ "type": "Feature", "properties": { "STREETJUNCTIONID": 4103, "STREETSEGID": 10843, "FACILITYID": "85", "CAMERAID": 85, "POLEID": 16823, "CAMERATYPE": "CCTV", "OWNER": 1, "GIS_ID": "TrafficCamera_43", "SE_ANNO_CAD_DATA": null, "OBJECTID": 43, "GLOBALID": "{175D454B-CBEB-4DB4-B6D1-BF84AEB6D9C9}", "CREATED": null, "EDITED": "2021-11-12T22:42:27Z" }, "geometry": { "type": "Point", "coordinates": [ -77.027284629693227, 38.951614583221939 ] } },
{ "type": "Feature", "properties": { "STREETJUNCTIONID": 4444, "STREETSEGID": 4740, "FACILITYID": "56", "CAMERAID": 56, "POLEID": 6359, "CAMERATYPE": "CCTV", "OWNER": 1, "GIS_ID": "TrafficCamera_44", "SE_ANNO_CAD_DATA": null, "OBJECTID": 44, "GLOBALID": "{6A62937A-E7A8-49BA-8D12-38DF1BE579D3}", "CREATED": null, "EDITED": "2021-11-12T22:42:27Z" }, "geometry": { "type": "Point", "coordinates": [ -77.07475939109122, 38.950790036726964 ] } },
{ "type": "Feature", "properties": { "STREETJUNCTIONID": 2760, "STREETSEGID": 6242, "FACILITYID": "57", "CAMERAID": 57, "POLEID": 6370, "CAMERATYPE": "CCTV", "OWNER": 1, "GIS_ID": "TrafficCamera_45", "SE_ANNO_CAD_DATA": null, "OBJECTID": 45, "GLOBALID": "{9D28F6EB-25AB-4056-8B24-B39AFCA4DA40}", "CREATED": null, "EDITED": "2021-11-12T22:42:27Z" }, "geometry": { "type": "Point", "coordinates": [ -77.075188101763956, 38.950675446738053 ] } },
{ "type": "Feature", "properties": { "STREETJUNCTIONID": 4017, "STREETSEGID": 13044, "FACILITYID": "60", "CAMERAID": 60, "POLEID": 6532, "CAMERATYPE": "CCTV", "OWNER": 3, "GIS_ID": "TrafficCamera_47", "SE_ANNO_CAD_DATA": null, "OBJECTID": 47, "GLOBALID": "{597AD618-B22E-4437-9B08-0BAFA468E162}", "CREATED": null, "EDITED": "2021-11-12T22:42:27Z" }, "geometry": { "type": "Point", "coordinates": [ -77.079035646168151, 38.94653017111299 ] } },
{ "type": "Feature", "properties": { "STREETJUNCTIONID": 5100, "STREETSEGID": 6304, "FACILITYID": "65", "CAMERAID": 65, "POLEID": 6847, "CAMERATYPE": "CCTV", "OWNER": 1, "GIS_ID": "TrafficCamera_48", "SE_ANNO_CAD_DATA": null, "OBJECTID": 48, "GLOBALID": "{9EF22CBB-C98B-488C-A74E-6BC3A745D80D}", "CREATED": null, "EDITED": "2021-11-12T22:42:27Z" }, "geometry": { "type": "Point", "coordinates": [ -77.064167328676376, 38.945538385595555 ] } },
{ "type": "Feature", "properties": { "STREETJUNCTIONID": 5100, "STREETSEGID": 6657, "FACILITYID": "66", "CAMERAID": 66, "POLEID": 6849, "CAMERATYPE": "CCTV", "OWNER": 1, "GIS_ID": "TrafficCamera_49", "SE_ANNO_CAD_DATA": null, "OBJECTID": 49, "GLOBALID": "{21C54DC5-3377-410C-9A9E-775E5056F4A9}", "CREATED": null, "EDITED": "2021-11-12T22:42:27Z" }, "geometry": { "type": "Point", "coordinates": [ -77.064371008269816, 38.945419175059349 ] } },
{ "type": "Feature", "properties": { "STREETJUNCTIONID": 3878, "STREETSEGID": 5469, "FACILITYID": "71", "CAMERAID": 71, "POLEID": 8137, "CAMERATYPE": "CCTV", "OWNER": 1, "GIS_ID": "TrafficCamera_50", "SE_ANNO_CAD_DATA": null, "OBJECTID": 50, "GLOBALID": "{3C765AE0-EB8C-4B90-B103-53FC2911EB28}", "CREATED": null, "EDITED": "2021-11-12T22:42:27Z" }, "geometry": { "type": "Point", "coordinates": [ -77.078103435211332, 38.94487938048519 ] } },
{ "type": "Feature", "properties": { "STREETJUNCTIONID": 3878, "STREETSEGID": 5338, "FACILITYID": "73", "CAMERAID": 73, "POLEID": 8139, "CAMERATYPE": "CCTV", "OWNER": 1, "GIS_ID": "TrafficCamera_51", "SE_ANNO_CAD_DATA": null, "OBJECTID": 51, "GLOBALID": "{D60F19F6-DB1E-4064-9EFD-41D8244675F7}", "CREATED": null, "EDITED": "2021-11-12T22:42:27Z" }, "geometry": { "type": "Point", "coordinates": [ -77.077757913305149, 38.944836740389945 ] } },
{ "type": "Feature", "properties": { "STREETJUNCTIONID": 3878, "STREETSEGID": 5469, "FACILITYID": "74", "CAMERAID": 74, "POLEID": 8144, "CAMERATYPE": "CCTV", "OWNER": 1, "GIS_ID": "TrafficCamera_52", "SE_ANNO_CAD_DATA": null, "OBJECTID": 52, "GLOBALID": "{9F4941D1-AF1F-4FB4-BEA7-77DE31560260}", "CREATED": null, "EDITED": "2021-11-12T22:42:27Z" }, "geometry": { "type": "Point", "coordinates": [ -77.078093777979277, 38.944740614252375 ] } },
{ "type": "Feature", "properties": { "STREETJUNCTIONID": 2254, "STREETSEGID": 1198, "FACILITYID": "64", "CAMERAID": 64, "POLEID": 6536, "CAMERATYPE": "CCTV", "OWNER": 1, "GIS_ID": "TrafficCamera_53", "SE_ANNO_CAD_DATA": null, "OBJECTID": 53, "GLOBALID": "{74653185-B25A-4DFE-8B86-A4005F38585B}", "CREATED": null, "EDITED": "2021-11-12T22:42:27Z" }, "geometry": { "type": "Point", "coordinates": [ -77.062984656637241, 38.94304460676495 ] } },
{ "type": "Feature", "properties": { "STREETJUNCTIONID": 1979, "STREETSEGID": 5649, "FACILITYID": "215", "CAMERAID": 215, "POLEID": 15939, "CAMERATYPE": "CCTV", "OWNER": 1, "GIS_ID": "TrafficCamera_54", "SE_ANNO_CAD_DATA": null, "OBJECTID": 54, "GLOBALID": "{F8D6E9D1-D44E-4F6C-86B4-1645D2C8B5E9}", "CREATED": null, "EDITED": "2021-11-12T22:42:27Z" }, "geometry": { "type": "Point", "coordinates": [ -76.983783658513275, 38.943055749486952 ] } },
{ "type": "Feature", "properties": { "STREETJUNCTIONID": 3058, "STREETSEGID": 9879, "FACILITYID": "219", "CAMERAID": 219, "POLEID": 15945, "CAMERATYPE": "CCTV", "OWNER": 1, "GIS_ID": "TrafficCamera_55", "SE_ANNO_CAD_DATA": null, "OBJECTID": 55, "GLOBALID": "{053CE6C9-37BA-47EB-957E-4C91CBB63B21}", "CREATED": null, "EDITED": "2021-11-12T22:42:27Z" }, "geometry": { "type": "Point", "coordinates": [ -76.983315795808224, 38.942450137462743 ] } },
{ "type": "Feature", "properties": { "STREETJUNCTIONID": 3889, "STREETSEGID": 9379, "FACILITYID": "213", "CAMERAID": 213, "POLEID": 13776, "CAMERATYPE": "CCTV", "OWNER": 1, "GIS_ID": "TrafficCamera_57", "SE_ANNO_CAD_DATA": null, "OBJECTID": 57, "GLOBALID": "{88382F1C-4636-47A0-8008-1D7123A59B5F}", "CREATED": null, "EDITED": "2021-11-12T22:42:27Z" }, "geometry": { "type": "Point", "coordinates": [ -77.036343491697849, 38.941974129452284 ] } },
{ "type": "Feature", "properties": { "STREETJUNCTIONID": 6665, "STREETSEGID": 2593, "FACILITYID": "75", "CAMERAID": 75, "POLEID": 8264, "CAMERATYPE": "CCTV", "OWNER": 1, "GIS_ID": "TrafficCamera_58", "SE_ANNO_CAD_DATA": null, "OBJECTID": 58, "GLOBALID": "{02FA6F26-C78A-4AF9-B46C-4E9775E69255}", "CREATED": null, "EDITED": "2021-11-12T22:42:27Z" }, "geometry": { "type": "Point", "coordinates": [ -77.074948853799924, 38.939620845934328 ] } },
{ "type": "Feature", "properties": { "STREETJUNCTIONID": 6665, "STREETSEGID": 11480, "FACILITYID": "76", "CAMERAID": 76, "POLEID": 8268, "CAMERATYPE": "CCTV", "OWNER": 1, "GIS_ID": "TrafficCamera_59", "SE_ANNO_CAD_DATA": null, "OBJECTID": 59, "GLOBALID": "{D369B53B-6269-427A-B4CA-A2679609C0E4}", "CREATED": null, "EDITED": "2021-11-12T22:42:27Z" }, "geometry": { "type": "Point", "coordinates": [ -77.075163059835376, 38.939442830545971 ] } },
{ "type": "Feature", "properties": { "STREETJUNCTIONID": 423, "STREETSEGID": 1420, "FACILITYID": "79", "CAMERAID": 79, "POLEID": 8784, "CAMERATYPE": "CCTV", "OWNER": 1, "GIS_ID": "TrafficCamera_60", "SE_ANNO_CAD_DATA": null, "OBJECTID": 60, "GLOBALID": "{4057AC71-8281-410F-8CC6-3F78CD0B9913}", "CREATED": null, "EDITED": "2021-11-12T22:42:27Z" }, "geometry": { "type": "Point", "coordinates": [ -77.111669809106345, 38.935828736387137 ] } },
{ "type": "Feature", "properties": { "STREETJUNCTIONID": 5477, "STREETSEGID": 7256, "FACILITYID": "223", "CAMERAID": 223, "POLEID": 17614, "CAMERATYPE": "CCTV", "OWNER": 1, "GIS_ID": "TrafficCamera_61", "SE_ANNO_CAD_DATA": null, "OBJECTID": 61, "GLOBALID": "{50918B73-BCA0-4349-BE3F-F982B7BAC691}", "CREATED": null, "EDITED": "2021-11-12T22:42:27Z" }, "geometry": { "type": "Point", "coordinates": [ -76.963541402865488, 38.935166155718434 ] } },
{ "type": "Feature", "properties": { "STREETJUNCTIONID": 1932, "STREETSEGID": 8798, "FACILITYID": "4", "CAMERAID": 4, "POLEID": 27, "CAMERATYPE": "CCTV", "OWNER": 3, "GIS_ID": "TrafficCamera_62", "SE_ANNO_CAD_DATA": null, "OBJECTID": 62, "GLOBALID": "{E1767023-51CB-4491-B78B-62F9BD141C51}", "CREATED": null, "EDITED": "2021-11-12T22:42:27Z" }, "geometry": { "type": "Point", "coordinates": [ -77.025414630381619, 38.93503083635018 ] } },
{ "type": "Feature", "properties": { "STREETJUNCTIONID": 5606, "STREETSEGID": 7359, "FACILITYID": "2", "CAMERAID": 2, "POLEID": 401, "CAMERATYPE": "CCTV", "OWNER": 1, "GIS_ID": "TrafficCamera_65", "SE_ANNO_CAD_DATA": null, "OBJECTID": 65, "GLOBALID": "{4F308F3E-4F86-4131-B762-D7D6B6BD8357}", "CREATED": null, "EDITED": "2021-11-12T22:42:27Z" }, "geometry": { "type": "Point", "coordinates": [ -77.029655327408108, 38.93449602323458 ] } },
{ "type": "Feature", "properties": { "STREETJUNCTIONID": 5651, "STREETSEGID": 11091, "FACILITYID": "10", "CAMERAID": 10, "POLEID": 359, "CAMERATYPE": "CCTV", "OWNER": 3, "GIS_ID": "TrafficCamera_66", "SE_ANNO_CAD_DATA": null, "OBJECTID": 66, "GLOBALID": "{67AD4916-2AC5-40DB-A2F8-40AB3E9367C1}", "CREATED": null, "EDITED": "2021-11-12T22:42:27Z" }, "geometry": { "type": "Point", "coordinates": [ -77.032638865676191, 38.933952333661473 ] } },
{ "type": "Feature", "properties": { "STREETJUNCTIONID": 5360, "STREETSEGID": 6992, "FACILITYID": "77", "CAMERAID": 77, "POLEID": 8313, "CAMERATYPE": "CCTV", "OWNER": 1, "GIS_ID": "TrafficCamera_67", "SE_ANNO_CAD_DATA": null, "OBJECTID": 67, "GLOBALID": "{7E2F20F9-8D16-4454-B344-30059CD4889C}", "CREATED": null, "EDITED": "2021-11-12T22:42:27Z" }, "geometry": { "type": "Point", "coordinates": [ -77.057253568238707, 38.933628811086713 ] } },
{ "type": "Feature", "properties": { "STREETJUNCTIONID": 5038, "STREETSEGID": 6081, "FACILITYID": "78", "CAMERAID": 78, "POLEID": 8675, "CAMERATYPE": "CCTV", "OWNER": 1, "GIS_ID": "TrafficCamera_68", "SE_ANNO_CAD_DATA": null, "OBJECTID": 68, "GLOBALID": "{D1E84573-CE5C-4E39-A2AD-E73D3C77B1F8}", "CREATED": null, "EDITED": "2021-11-12T22:42:27Z" }, "geometry": { "type": "Point", "coordinates": [ -77.085702179469749, 38.933426012809491 ] } },
{ "type": "Feature", "properties": { "STREETJUNCTIONID": 4364, "STREETSEGID": 11996, "FACILITYID": "12", "CAMERAID": 12, "POLEID": 791, "CAMERATYPE": "CCTV", "OWNER": 3, "GIS_ID": "TrafficCamera_69", "SE_ANNO_CAD_DATA": null, "OBJECTID": 69, "GLOBALID": "{12C4B8AD-646E-4BDB-B0EA-02E0ECB21A4A}", "CREATED": null, "EDITED": "2021-11-12T22:42:27Z" }, "geometry": { "type": "Point", "coordinates": [ -77.023760267180748, 38.931904023357717 ] } },
{ "type": "Feature", "properties": { "STREETJUNCTIONID": 755, "STREETSEGID": 12314, "FACILITYID": "221", "CAMERAID": 221, "POLEID": 17262, "CAMERATYPE": "CCTV", "OWNER": 1, "GIS_ID": "TrafficCamera_70", "SE_ANNO_CAD_DATA": null, "OBJECTID": 70, "GLOBALID": "{8539D226-FF03-4CC8-AD73-AA835172A4C8}", "CREATED": null, "EDITED": "2021-11-12T22:42:27Z" }, "geometry": { "type": "Point", "coordinates": [ -76.971431540110302, 38.931354323917397 ] } },
{ "type": "Feature", "properties": { "STREETJUNCTIONID": 4247, "STREETSEGID": 4494, "FACILITYID": "225", "CAMERAID": 225, "POLEID": 17053, "CAMERATYPE": "CCTV", "OWNER": 1, "GIS_ID": "TrafficCamera_71", "SE_ANNO_CAD_DATA": null, "OBJECTID": 71, "GLOBALID": "{1319DA11-7B8F-43FB-AF50-89CB25870259}", "CREATED": null, "EDITED": "2021-11-12T22:42:27Z" }, "geometry": { "type": "Point", "coordinates": [ -77.00075193477609, 38.931228056855225 ] } },
{ "type": "Feature", "properties": { "STREETJUNCTIONID": 4071, "STREETSEGID": 4217, "FACILITYID": "81", "CAMERAID": 81, "POLEID": 10025, "CAMERATYPE": "CCTV", "OWNER": 1, "GIS_ID": "TrafficCamera_72", "SE_ANNO_CAD_DATA": null, "OBJECTID": 72, "GLOBALID": "{449F6684-658E-4962-A5D2-01D6F5873508}", "CREATED": null, "EDITED": "2021-11-12T22:42:27Z" }, "geometry": { "type": "Point", "coordinates": [ -77.111752955620432, 38.930389447071796 ] } },
{ "type": "Feature", "properties": { "STREETJUNCTIONID": 6296, "STREETSEGID": 12399, "FACILITYID": "22", "CAMERAID": 22, "POLEID": 414, "CAMERATYPE": "CCTV", "OWNER": 1, "GIS_ID": "TrafficCamera_73", "SE_ANNO_CAD_DATA": null, "OBJECTID": 73, "GLOBALID": "{85192772-D2A0-4C64-B311-9E617DEB3EEB}", "CREATED": null, "EDITED": "2021-11-12T22:42:27Z" }, "geometry": { "type": "Point", "coordinates": [ -77.032606553272473, 38.930256044876337 ] } },
{ "type": "Feature", "properties": { "STREETJUNCTIONID": 2777, "STREETSEGID": 9752, "FACILITYID": "11", "CAMERAID": 11, "POLEID": 763, "CAMERATYPE": "CCTV", "OWNER": 1, "GIS_ID": "TrafficCamera_75", "SE_ANNO_CAD_DATA": null, "OBJECTID": 75, "GLOBALID": "{EF14469E-18BC-4CDD-8605-32AB4AA118B5}", "CREATED": null, "EDITED": "2021-11-12T22:42:27Z" }, "geometry": { "type": "Point", "coordinates": [ -77.023337525725978, 38.928985974553861 ] } },
{ "type": "Feature", "properties": { "STREETJUNCTIONID": 2713, "STREETSEGID": 6046, "FACILITYID": "203", "CAMERAID": 203, "POLEID": 9929, "CAMERATYPE": "CCTV", "OWNER": 1, "GIS_ID": "TrafficCamera_76", "SE_ANNO_CAD_DATA": null, "OBJECTID": 76, "GLOBALID": "{18EED3B0-3589-4154-95EB-C1299AA7641E}", "CREATED": null, "EDITED": "2021-11-12T22:42:27Z" }, "geometry": { "type": "Point", "coordinates": [ -77.073271396891769, 38.92883322851111 ] } },
{ "type": "Feature", "properties": { "STREETJUNCTIONID": 3070, "STREETSEGID": 9726, "FACILITYID": "8", "CAMERAID": 8, "POLEID": 292, "CAMERATYPE": "CCTV", "OWNER": 3, "GIS_ID": "TrafficCamera_78", "SE_ANNO_CAD_DATA": null, "OBJECTID": 78, "GLOBALID": "{27FCEE1E-D01C-43D3-B1B1-ACBDF27E496F}", "CREATED": null, "EDITED": "2021-11-12T22:42:27Z" }, "geometry": { "type": "Point", "coordinates": [ -77.036372145173942, 38.928591224415833 ] } },
{ "type": "Feature", "properties": { "STREETJUNCTIONID": 4422, "STREETSEGID": 4705, "FACILITYID": "172", "CAMERAID": 172, "POLEID": 1953, "CAMERATYPE": "CCTV", "OWNER": 1, "GIS_ID": "TrafficCamera_79", "SE_ANNO_CAD_DATA": null, "OBJECTID": 79, "GLOBALID": "{693A8EA7-FE12-4668-98E8-F2BFF7D14543}", "CREATED": null, "EDITED": "2021-11-12T22:42:27Z" }, "geometry": { "type": "Point", "coordinates": [ -77.054391987588929, 38.928254963930058 ] } },
{ "type": "Feature", "properties": { "STREETJUNCTIONID": 15, "STREETSEGID": 8893, "FACILITYID": "171", "CAMERAID": 171, "POLEID": 1387, "CAMERATYPE": "CCTV", "OWNER": 1, "GIS_ID": "TrafficCamera_80", "SE_ANNO_CAD_DATA": null, "OBJECTID": 80, "GLOBALID": "{9EC9A9B4-7258-4420-A66D-0FF2FF25FC30}", "CREATED": null, "EDITED": "2021-11-12T22:42:27Z" }, "geometry": { "type": "Point", "coordinates": [ -77.043437785956698, 38.928064032411584 ] } },
{ "type": "Feature", "properties": { "STREETJUNCTIONID": 15, "STREETSEGID": 1807, "FACILITYID": "169", "CAMERAID": 169, "POLEID": 1378, "CAMERATYPE": "CCTV", "OWNER": 1, "GIS_ID": "TrafficCamera_81", "SE_ANNO_CAD_DATA": null, "OBJECTID": 81, "GLOBALID": "{150A4157-1F8A-4DD5-9D2F-1D0875EBC60E}", "CREATED": null, "EDITED": "2021-11-12T22:42:27Z" }, "geometry": { "type": "Point", "coordinates": [ -77.043262714109559, 38.92803686521713 ] } },
{ "type": "Feature", "properties": { "STREETJUNCTIONID": 15, "STREETSEGID": 8893, "FACILITYID": "170", "CAMERAID": 170, "POLEID": 1384, "CAMERATYPE": "CCTV", "OWNER": 1, "GIS_ID": "TrafficCamera_82", "SE_ANNO_CAD_DATA": null, "OBJECTID": 82, "GLOBALID": "{4D84C9B0-B647-46ED-9281-2A2143A07BCB}", "CREATED": null, "EDITED": "2021-11-12T22:42:27Z" }, "geometry": { "type": "Point", "coordinates": [ -77.043552972038384, 38.927964943117125 ] } },
{ "type": "Feature", "properties": { "STREETJUNCTIONID": 4765, "STREETSEGID": 13035, "FACILITYID": "217", "CAMERAID": 217, "POLEID": 17213, "CAMERATYPE": "CCTV", "OWNER": 1, "GIS_ID": "TrafficCamera_83", "SE_ANNO_CAD_DATA": null, "OBJECTID": 83, "GLOBALID": "{0D034960-905D-456C-8B58-2A799492C68E}", "CREATED": null, "EDITED": "2021-11-12T22:42:27Z" }, "geometry": { "type": "Point", "coordinates": [ -76.979227961025757, 38.927622141339185 ] } },
{ "type": "Feature", "properties": { "STREETJUNCTIONID": 5698, "STREETSEGID": 9474, "FACILITYID": "201", "CAMERAID": 201, "POLEID": 9892, "CAMERATYPE": "CCTV", "OWNER": 1, "GIS_ID": "TrafficCamera_84", "SE_ANNO_CAD_DATA": null, "OBJECTID": 84, "GLOBALID": "{8FA4FE41-6784-4F32-952A-DE5983B52D61}", "CREATED": null, "EDITED": "2021-11-12T22:42:27Z" }, "geometry": { "type": "Point", "coordinates": [ -77.06623451869892, 38.927455318563972 ] } },
{ "type": "Feature", "properties": { "STREETJUNCTIONID": 6894, "STREETSEGID": 13207, "FACILITYID": "166", "CAMERAID": 166, "POLEID": 1128, "CAMERATYPE": "CCTV", "OWNER": 3, "GIS_ID": "TrafficCamera_85", "SE_ANNO_CAD_DATA": null, "OBJECTID": 85, "GLOBALID": "{B8206955-B6B8-42ED-A0CD-6A5488A38D1E}", "CREATED": null, "EDITED": "2021-11-12T22:42:27Z" }, "geometry": { "type": "Point", "coordinates": [ -77.032406565379972, 38.927430327782993 ] } },
{ "type": "Feature", "properties": { "STREETJUNCTIONID": 3984, "STREETSEGID": 9528, "FACILITYID": "80", "CAMERAID": 80, "POLEID": 8908, "CAMERATYPE": "CCTV", "OWNER": 1, "GIS_ID": "TrafficCamera_86", "SE_ANNO_CAD_DATA": null, "OBJECTID": 86, "GLOBALID": "{B90926DE-F9DD-47F3-96BD-FD96AFE0DC71}", "CREATED": null, "EDITED": "2021-11-12T22:42:27Z" }, "geometry": { "type": "Point", "coordinates": [ -77.104077618918694, 38.92722000289556 ] } },
{ "type": "Feature", "properties": { "STREETJUNCTIONID": 5914, "STREETSEGID": 8611, "FACILITYID": "13", "CAMERAID": 13, "POLEID": 914, "CAMERATYPE": "CCTV", "OWNER": 3, "GIS_ID": "TrafficCamera_87", "SE_ANNO_CAD_DATA": null, "OBJECTID": 87, "GLOBALID": "{AA5BE87E-BCB4-4387-9EBE-249F7F20A6A2}", "CREATED": null, "EDITED": "2021-11-12T22:42:27Z" }, "geometry": { "type": "Point", "coordinates": [ -77.025844913159546, 38.9269511803477 ] } },
{ "type": "Feature", "properties": { "STREETJUNCTIONID": 34, "STREETSEGID": 6123, "FACILITYID": "14", "CAMERAID": 14, "POLEID": 2065, "CAMERATYPE": "CCTV", "OWNER": 3, "GIS_ID": "TrafficCamera_88", "SE_ANNO_CAD_DATA": null, "OBJECTID": 88, "GLOBALID": "{93D8F29C-99E8-4669-B573-FA0D08C8F859}", "CREATED": null, "EDITED": "2021-11-12T22:42:27Z" }, "geometry": { "type": "Point", "coordinates": [ -77.036586578502039, 38.926395686830936 ] } },
{ "type": "Feature", "properties": { "STREETJUNCTIONID": 858, "STREETSEGID": 123, "FACILITYID": "1", "CAMERAID": 1, "POLEID": 2001, "CAMERATYPE": "CCTV", "OWNER": 1, "GIS_ID": "TrafficCamera_89", "SE_ANNO_CAD_DATA": null, "OBJECTID": 89, "GLOBALID": "{C1FAA16F-4C4B-478C-8357-52845A6560F0}", "CREATED": null, "EDITED": "2021-11-12T22:42:27Z" }, "geometry": { "type": "Point", "coordinates": [ -77.032148766904243, 38.924851263570034 ] } },
{ "type": "Feature", "properties": { "STREETJUNCTIONID": 3800, "STREETSEGID": 6427, "FACILITYID": "23", "CAMERAID": 23, "POLEID": 2606, "CAMERATYPE": "CCTV", "OWNER": 3, "GIS_ID": "TrafficCamera_90", "SE_ANNO_CAD_DATA": null, "OBJECTID": 90, "GLOBALID": "{5C2EF171-2BFA-4F4E-8C5F-EE2AC7C1710F}", "CREATED": null, "EDITED": "2021-11-12T22:42:27Z" }, "geometry": { "type": "Point", "coordinates": [ -77.051735855032476, 38.92369547430588 ] } },
{ "type": "Feature", "properties": { "STREETJUNCTIONID": 3158, "STREETSEGID": 11978, "FACILITYID": "168", "CAMERAID": 168, "POLEID": 1342, "CAMERATYPE": "CCTV", "OWNER": 3, "GIS_ID": "TrafficCamera_92", "SE_ANNO_CAD_DATA": null, "OBJECTID": 92, "GLOBALID": "{79B84C46-4C4A-4A66-B994-A9CDCE7BB38C}", "CREATED": null, "EDITED": "2021-11-12T22:42:27Z" }, "geometry": { "type": "Point", "coordinates": [ -77.039056900373708, 38.923088347299924 ] } },
{ "type": "Feature", "properties": { "STREETJUNCTIONID": 3658, "STREETSEGID": 10392, "FACILITYID": "199", "CAMERAID": 199, "POLEID": 9750, "CAMERATYPE": "CCTV", "OWNER": 1, "GIS_ID": "TrafficCamera_93", "SE_ANNO_CAD_DATA": null, "OBJECTID": 93, "GLOBALID": "{54D68A49-FFB1-4830-BCA2-913992666B6A}", "CREATED": null, "EDITED": "2021-11-12T22:42:27Z" }, "geometry": { "type": "Point", "coordinates": [ -77.073003501392321, 38.922470188544509 ] } },
{ "type": "Feature", "properties": { "STREETJUNCTIONID": 3855, "STREETSEGID": 3778, "FACILITYID": "233", "CAMERAID": 233, "POLEID": 19155, "CAMERATYPE": "CCTV", "OWNER": 3, "GIS_ID": "TrafficCamera_94", "SE_ANNO_CAD_DATA": null, "OBJECTID": 94, "GLOBALID": "{8509EC7A-6323-4F2B-AE59-037AA745FF59}", "CREATED": null, "EDITED": "2021-11-12T22:42:27Z" }, "geometry": { "type": "Point", "coordinates": [ -76.986061594211662, 38.922306265822321 ] } },
{ "type": "Feature", "properties": { "STREETJUNCTIONID": 6533, "STREETSEGID": 10756, "FACILITYID": "173", "CAMERAID": 173, "POLEID": 1442, "CAMERATYPE": "CCTV", "OWNER": 3, "GIS_ID": "TrafficCamera_95", "SE_ANNO_CAD_DATA": null, "OBJECTID": 95, "GLOBALID": "{52665CC0-A6FE-417C-B7FC-E3E49B98F3E3}", "CREATED": null, "EDITED": "2021-11-12T22:42:27Z" }, "geometry": { "type": "Point", "coordinates": [ -77.040893536709603, 38.920058399223421 ] } },
{ "type": "Feature", "properties": { "STREETJUNCTIONID": 3436, "STREETSEGID": 4656, "FACILITYID": "15", "CAMERAID": 15, "POLEID": 2204, "CAMERATYPE": "CCTV", "OWNER": 1, "GIS_ID": "TrafficCamera_96", "SE_ANNO_CAD_DATA": null, "OBJECTID": 96, "GLOBALID": "{64953B26-1089-46D9-9A90-2EB12D6B2633}", "CREATED": null, "EDITED": "2021-11-12T22:42:27Z" }, "geometry": { "type": "Point", "coordinates": [ -77.041532681224822, 38.919746737863747 ] } },
{ "type": "Feature", "properties": { "STREETJUNCTIONID": 3436, "STREETSEGID": 3060, "FACILITYID": "16", "CAMERAID": 16, "POLEID": 2208, "CAMERATYPE": "CCTV", "OWNER": 1, "GIS_ID": "TrafficCamera_97", "SE_ANNO_CAD_DATA": null, "OBJECTID": 97, "GLOBALID": "{B5F919B7-42A1-42ED-83A1-8DB397989DCD}", "CREATED": null, "EDITED": "2021-11-12T22:42:27Z" }, "geometry": { "type": "Point", "coordinates": [ -77.041833713984488, 38.919619135599312 ] } },
{ "type": "Feature", "properties": { "STREETJUNCTIONID": 3976, "STREETSEGID": 9645, "FACILITYID": "241", "CAMERAID": 241, "POLEID": 18229, "CAMERATYPE": "CCTV", "OWNER": 3, "GIS_ID": "TrafficCamera_98", "SE_ANNO_CAD_DATA": null, "OBJECTID": 98, "GLOBALID": "{E12B3D5A-1FBA-419B-A663-9D375B93D1FD}", "CREATED": null, "EDITED": "2021-11-12T22:42:27Z" }, "geometry": { "type": "Point", "coordinates": [ -77.000446689854016, 38.919266335458737 ] } },
{ "type": "Feature", "properties": { "STREETJUNCTIONID": 3976, "STREETSEGID": 9645, "FACILITYID": "110", "CAMERAID": 110, "POLEID": 18229, "CAMERATYPE": "CCTV", "OWNER": 3, "GIS_ID": "TrafficCamera_99", "SE_ANNO_CAD_DATA": null, "OBJECTID": 99, "GLOBALID": "{90AA253F-B32A-436C-9B80-BF35EE97D20E}", "CREATED": null, "EDITED": "2021-11-12T22:42:27Z" }, "geometry": { "type": "Point", "coordinates": [ -77.000446689854016, 38.919266335458737 ] } },
{ "type": "Feature", "properties": { "STREETJUNCTIONID": 5995, "STREETSEGID": 12172, "FACILITYID": "167", "CAMERAID": 167, "POLEID": 1189, "CAMERATYPE": "CCTV", "OWNER": 3, "GIS_ID": "TrafficCamera_100", "SE_ANNO_CAD_DATA": null, "OBJECTID": 100, "GLOBALID": "{4345552D-BDE2-4BE8-BE1F-F9CF978BD393}", "CREATED": null, "EDITED": "2021-11-12T22:42:27Z" }, "geometry": { "type": "Point", "coordinates": [ -77.031804691977172, 38.91913779175745 ] } },
{ "type": "Feature", "properties": { "STREETJUNCTIONID": 268, "STREETSEGID": 11890, "FACILITYID": "82", "CAMERAID": 82, "POLEID": 10958, "CAMERATYPE": "CCTV", "OWNER": 1, "GIS_ID": "TrafficCamera_101", "SE_ANNO_CAD_DATA": null, "OBJECTID": 101, "GLOBALID": "{3EFB9001-9DD1-42F6-8143-DB0554C9258C}", "CREATED": null, "EDITED": "2021-11-12T22:42:27Z" }, "geometry": { "type": "Point", "coordinates": [ -77.05898035605459, 38.918146822136549 ] } },
{ "type": "Feature", "properties": { "STREETJUNCTIONID": 1331, "STREETSEGID": 4282, "FACILITYID": "18", "CAMERAID": 18, "POLEID": 2395, "CAMERATYPE": "CCTV", "OWNER": 1, "GIS_ID": "TrafficCamera_102", "SE_ANNO_CAD_DATA": null, "OBJECTID": 102, "GLOBALID": "{E3DD280E-A41C-4F3A-A98B-1F2308EA36BD}", "CREATED": null, "EDITED": "2021-11-12T22:42:27Z" }, "geometry": { "type": "Point", "coordinates": [ -77.029734962026382, 38.918027141223781 ] } },
{ "type": "Feature", "properties": { "STREETJUNCTIONID": 3102, "STREETSEGID": 2628, "FACILITYID": "243", "CAMERAID": 243, "POLEID": 18557, "CAMERATYPE": "CCTV", "OWNER": 1, "GIS_ID": "TrafficCamera_103", "SE_ANNO_CAD_DATA": null, "OBJECTID": 103, "GLOBALID": "{6CF2E47B-9C28-4E12-930F-F7DB3C520A12}", "CREATED": null, "EDITED": "2021-11-12T22:42:27Z" }, "geometry": { "type": "Point", "coordinates": [ -76.972556026893713, 38.917496562511147 ] } },
{ "type": "Feature", "properties": { "STREETJUNCTIONID": 6472, "STREETSEGID": 10467, "FACILITYID": "113", "CAMERAID": 113, "POLEID": 18599, "CAMERATYPE": "CCTV", "OWNER": 1, "GIS_ID": "TrafficCamera_106", "SE_ANNO_CAD_DATA": null, "OBJECTID": 106, "GLOBALID": "{E9F98E24-8F60-4CBC-B5EE-663841EBCF4C}", "CREATED": null, "EDITED": "2021-11-12T22:42:27Z" }, "geometry": { "type": "Point", "coordinates": [ -76.978425294417264, 38.917117200430098 ] } },
{ "type": "Feature", "properties": { "STREETJUNCTIONID": 3728, "STREETSEGID": 10983, "FACILITYID": "19", "CAMERAID": 19, "POLEID": 2440, "CAMERATYPE": "CCTV", "OWNER": 1, "GIS_ID": "TrafficCamera_107", "SE_ANNO_CAD_DATA": null, "OBJECTID": 107, "GLOBALID": "{8CA4ACD0-8BDF-48DC-8113-3F96E34895B1}", "CREATED": null, "EDITED": "2021-11-12T22:42:27Z" }, "geometry": { "type": "Point", "coordinates": [ -77.036371431511114, 38.917108711154647 ] } },
{ "type": "Feature", "properties": { "STREETJUNCTIONID": 6910, "STREETSEGID": 9387, "FACILITYID": "115", "CAMERAID": 115, "POLEID": 18652, "CAMERATYPE": "CCTV", "OWNER": 1, "GIS_ID": "TrafficCamera_108", "SE_ANNO_CAD_DATA": null, "OBJECTID": 108, "GLOBALID": "{5233ABE8-0298-4A05-AB00-41218A0DE911}", "CREATED": null, "EDITED": "2021-11-12T22:42:27Z" }, "geometry": { "type": "Point", "coordinates": [ -77.009102783576012, 38.916653664742491 ] } },
{ "type": "Feature", "properties": { "STREETJUNCTIONID": 2900, "STREETSEGID": 6719, "FACILITYID": "17", "CAMERAID": 17, "POLEID": 2348, "CAMERATYPE": "CCTV", "OWNER": 1, "GIS_ID": "TrafficCamera_109", "SE_ANNO_CAD_DATA": null, "OBJECTID": 109, "GLOBALID": "{7561D03C-E124-4920-8F55-2CDFFA74AE9D}", "CREATED": null, "EDITED": "2021-11-12T22:42:27Z" }, "geometry": { "type": "Point", "coordinates": [ -77.017231688188446, 38.915977628039634 ] } },
{ "type": "Feature", "properties": { "STREETJUNCTIONID": 3527, "STREETSEGID": 11413, "FACILITYID": "114", "CAMERAID": 114, "POLEID": 18631, "CAMERATYPE": "CCTV", "OWNER": 1, "GIS_ID": "TrafficCamera_110", "SE_ANNO_CAD_DATA": null, "OBJECTID": 110, "GLOBALID": "{D3D37F78-2377-47C9-9213-4A0F4DC30857}", "CREATED": null, "EDITED": "2021-11-12T22:42:27Z" }, "geometry": { "type": "Point", "coordinates": [ -77.012031248510951, 38.91590250119868 ] } },
{ "type": "Feature", "properties": { "STREETJUNCTIONID": 2900, "STREETSEGID": 2350, "FACILITYID": "3", "CAMERAID": 3, "POLEID": 2352, "CAMERATYPE": "CCTV", "OWNER": 1, "GIS_ID": "TrafficCamera_111", "SE_ANNO_CAD_DATA": null, "OBJECTID": 111, "GLOBALID": "{25347FD3-F8DB-48F1-B70C-D204A78AC247}", "CREATED": null, "EDITED": "2021-11-12T22:42:27Z" }, "geometry": { "type": "Point", "coordinates": [ -77.017472363208654, 38.915855304155762 ] } },
{ "type": "Feature", "properties": { "STREETJUNCTIONID": 6912, "STREETSEGID": 6041, "FACILITYID": "237", "CAMERAID": 237, "POLEID": 19318, "CAMERATYPE": "CCTV", "OWNER": 3, "GIS_ID": "TrafficCamera_112", "SE_ANNO_CAD_DATA": null, "OBJECTID": 112, "GLOBALID": "{0F24CE0F-3625-4C06-8FCB-4FDBC8D9C4E0}", "CREATED": null, "EDITED": "2021-11-12T22:42:27Z" }, "geometry": { "type": "Point", "coordinates": [ -77.009144495659314, 38.914893414897854 ] } },
{ "type": "Feature", "properties": { "STREETJUNCTIONID": 6912, "STREETSEGID": 6041, "FACILITYID": "239", "CAMERAID": 239, "POLEID": 19318, "CAMERATYPE": "CCTV", "OWNER": 3, "GIS_ID": "TrafficCamera_113", "SE_ANNO_CAD_DATA": null, "OBJECTID": 113, "GLOBALID": "{D3E63F14-BF1A-419F-A8E3-FE8E5FD9CE05}", "CREATED": null, "EDITED": "2021-11-12T22:42:27Z" }, "geometry": { "type": "Point", "coordinates": [ -77.009144495659314, 38.914893414897854 ] } },
{ "type": "Feature", "properties": { "STREETJUNCTIONID": 3592, "STREETSEGID": 3498, "FACILITYID": "174", "CAMERAID": 174, "POLEID": 1519, "CAMERATYPE": "CCTV", "OWNER": 1, "GIS_ID": "TrafficCamera_114", "SE_ANNO_CAD_DATA": null, "OBJECTID": 114, "GLOBALID": "{C6686365-BA0C-4506-8243-A445EE32273D}", "CREATED": null, "EDITED": "2021-11-12T22:42:27Z" }, "geometry": { "type": "Point", "coordinates": [ -77.046047422071808, 38.914595306097546 ] } },
{ "type": "Feature", "properties": { "STREETJUNCTIONID": 2705, "STREETSEGID": 2077, "FACILITYID": "26", "CAMERAID": 26, "POLEID": 2640, "CAMERATYPE": "CCTV", "OWNER": 3, "GIS_ID": "TrafficCamera_115", "SE_ANNO_CAD_DATA": null, "OBJECTID": 115, "GLOBALID": "{C2EFBD95-B341-4409-B2F8-A573A1013FF4}", "CREATED": null, "EDITED": "2021-11-12T22:42:27Z" }, "geometry": { "type": "Point", "coordinates": [ -77.015878341343495, 38.914568276542909 ] } },
{ "type": "Feature", "properties": { "STREETJUNCTIONID": 4868, "STREETSEGID": 11530, "FACILITYID": "28", "CAMERAID": 28, "POLEID": 2660, "CAMERATYPE": "CCTV", "OWNER": 1, "GIS_ID": "TrafficCamera_116", "SE_ANNO_CAD_DATA": null, "OBJECTID": 116, "GLOBALID": "{877C5A02-1B85-436F-9234-F2EAEB1BFA2A}", "CREATED": null, "EDITED": "2021-11-12T22:42:27Z" }, "geometry": { "type": "Point", "coordinates": [ -77.017135993792365, 38.914152274015727 ] } },
{ "type": "Feature", "properties": { "STREETJUNCTIONID": 5315, "STREETSEGID": 6930, "FACILITYID": "175", "CAMERAID": 175, "POLEID": 1529, "CAMERATYPE": "CCTV", "OWNER": 1, "GIS_ID": "TrafficCamera_117", "SE_ANNO_CAD_DATA": null, "OBJECTID": 117, "GLOBALID": "{517F74F2-0702-41AC-9B79-2BD47D6D102D}", "CREATED": null, "EDITED": "2021-11-12T22:42:27Z" }, "geometry": { "type": "Point", "coordinates": [ -77.046184035013283, 38.914023862303047 ] } },
{ "type": "Feature", "properties": { "STREETJUNCTIONID": 5765, "STREETSEGID": 10613, "FACILITYID": "112", "CAMERAID": 112, "POLEID": 18360, "CAMERATYPE": "CCTV", "OWNER": 3, "GIS_ID": "TrafficCamera_118", "SE_ANNO_CAD_DATA": null, "OBJECTID": 118, "GLOBALID": "{1F63802A-0F27-4F94-BC61-E91E9BBAE991}", "CREATED": null, "EDITED": "2021-11-12T22:42:27Z" }, "geometry": { "type": "Point", "coordinates": [ -77.008370782778087, 38.913437914783849 ] } },
{ "type": "Feature", "properties": { "STREETJUNCTIONID": 6671, "STREETSEGID": 1690, "FACILITYID": "179", "CAMERAID": 179, "POLEID": 3748, "CAMERATYPE": "CCTV", "OWNER": 1, "GIS_ID": "TrafficCamera_119", "SE_ANNO_CAD_DATA": null, "OBJECTID": 119, "GLOBALID": "{60246536-43C9-41CD-B3B1-98AB96476E95}", "CREATED": null, "EDITED": "2021-11-12T22:42:27Z" }, "geometry": { "type": "Point", "coordinates": [ -77.066321582538833, 38.912692193260099 ] } },
{ "type": "Feature", "properties": { "STREETJUNCTIONID": 12, "STREETSEGID": 12828, "FACILITYID": "177", "CAMERAID": 177, "POLEID": 3653, "CAMERATYPE": "CCTV", "OWNER": 1, "GIS_ID": "TrafficCamera_120", "SE_ANNO_CAD_DATA": null, "OBJECTID": 120, "GLOBALID": "{9BFCC369-84BC-4D85-B94C-D8379CA991F1}", "CREATED": null, "EDITED": "2021-11-12T22:42:27Z" }, "geometry": { "type": "Point", "coordinates": [ -77.045437197342039, 38.912669616130017 ] } },
{ "type": "Feature", "properties": { "STREETJUNCTIONID": 87, "STREETSEGID": 9344, "FACILITYID": "36", "CAMERAID": 36, "POLEID": 2913, "CAMERATYPE": "CCTV", "OWNER": 1, "GIS_ID": "TrafficCamera_122", "SE_ANNO_CAD_DATA": null, "OBJECTID": 122, "GLOBALID": "{223CB0D8-D022-43FA-B6D9-1FB70D9967D7}", "CREATED": null, "EDITED": "2021-11-12T22:42:27Z" }, "geometry": { "type": "Point", "coordinates": [ -77.043677500944881, 38.910302930795126 ] } },
{ "type": "Feature", "properties": { "STREETJUNCTIONID": 1214, "STREETSEGID": 10701, "FACILITYID": "184", "CAMERAID": 184, "POLEID": 5024, "CAMERATYPE": "CCTV", "OWNER": 3, "GIS_ID": "TrafficCamera_123", "SE_ANNO_CAD_DATA": null, "OBJECTID": 123, "GLOBALID": "{4BD848A6-AB04-4746-8B48-E0D352DA573D}", "CREATED": null, "EDITED": "2021-11-12T22:42:27Z" }, "geometry": { "type": "Point", "coordinates": [ -77.064393537192544, 38.909240724564455 ] } },
{ "type": "Feature", "properties": { "STREETJUNCTIONID": 4170, "STREETSEGID": 11817, "FACILITYID": "235", "CAMERAID": 235, "POLEID": 17878, "CAMERATYPE": "CCTV", "OWNER": 3, "GIS_ID": "TrafficCamera_124", "SE_ANNO_CAD_DATA": null, "OBJECTID": 124, "GLOBALID": "{EC2CA672-9D74-4685-AE0D-3B61F6B79ABB}", "CREATED": null, "EDITED": "2021-11-12T22:42:27Z" }, "geometry": { "type": "Point", "coordinates": [ -76.982337559821843, 38.908944473937929 ] } },
{ "type": "Feature", "properties": { "STREETJUNCTIONID": 3194, "STREETSEGID": 8191, "FACILITYID": "178", "CAMERAID": 178, "POLEID": 3227, "CAMERATYPE": "CCTV", "OWNER": 3, "GIS_ID": "TrafficCamera_125", "SE_ANNO_CAD_DATA": null, "OBJECTID": 125, "GLOBALID": "{1F2F6F77-DA77-41A9-B88F-AE89899A06B6}", "CREATED": null, "EDITED": "2021-11-12T22:42:27Z" }, "geometry": { "type": "Point", "coordinates": [ -77.022026717799903, 38.908703425336448 ] } },
{ "type": "Feature", "properties": { "STREETJUNCTIONID": 1362, "STREETSEGID": 5865, "FACILITYID": "25", "CAMERAID": 25, "POLEID": 2497, "CAMERATYPE": "CCTV", "OWNER": 3, "GIS_ID": "TrafficCamera_126", "SE_ANNO_CAD_DATA": null, "OBJECTID": 126, "GLOBALID": "{9394029D-1B8F-4F21-ADCC-BF704375733E}", "CREATED": null, "EDITED": "2021-11-12T22:42:27Z" }, "geometry": { "type": "Point", "coordinates": [ -77.019022994558128, 38.908629363942048 ] } },
{ "type": "Feature", "properties": { "STREETJUNCTIONID": 6909, "STREETSEGID": 2405, "FACILITYID": "31", "CAMERAID": 31, "POLEID": 10421, "CAMERATYPE": "CCTV", "OWNER": 3, "GIS_ID": "TrafficCamera_127", "SE_ANNO_CAD_DATA": null, "OBJECTID": 127, "GLOBALID": "{5186E2B3-2016-416E-B848-70CBA8C751FB}", "CREATED": null, "EDITED": "2021-11-12T22:42:27Z" }, "geometry": { "type": "Point", "coordinates": [ -77.036442191709853, 38.907553397785307 ] } },
{ "type": "Feature", "properties": { "STREETJUNCTIONID": 6906, "STREETSEGID": 7156, "FACILITYID": "130", "CAMERAID": 130, "POLEID": 20868, "CAMERATYPE": "CCTV", "OWNER": 1, "GIS_ID": "TrafficCamera_128", "SE_ANNO_CAD_DATA": null, "OBJECTID": 128, "GLOBALID": "{72677F7D-CB6E-4ECB-AEC7-8EC62A696499}", "CREATED": null, "EDITED": "2021-11-12T22:42:27Z" }, "geometry": { "type": "Point", "coordinates": [ -77.009007684459789, 38.90749545970489 ] } },
{ "type": "Feature", "properties": { "STREETJUNCTIONID": 3852, "STREETSEGID": 3755, "FACILITYID": "32", "CAMERAID": 32, "POLEID": 10467, "CAMERATYPE": "CCTV", "OWNER": 3, "GIS_ID": "TrafficCamera_129", "SE_ANNO_CAD_DATA": null, "OBJECTID": 129, "GLOBALID": "{805B7FF9-4794-4EC3-BEB3-C26E504FD908}", "CREATED": null, "EDITED": "2021-11-12T22:42:27Z" }, "geometry": { "type": "Point", "coordinates": [ -77.031743014850122, 38.907307588995643 ] } },
{ "type": "Feature", "properties": { "STREETJUNCTIONID": 3852, "STREETSEGID": 12756, "FACILITYID": "33", "CAMERAID": 33, "POLEID": 10472, "CAMERATYPE": "CCTV", "OWNER": 3, "GIS_ID": "TrafficCamera_130", "SE_ANNO_CAD_DATA": null, "OBJECTID": 130, "GLOBALID": "{BBA448FE-F6B8-4924-B2B7-D40B052A0239}", "CREATED": null, "EDITED": "2021-11-12T22:42:27Z" }, "geometry": { "type": "Point", "coordinates": [ -77.032130963519549, 38.907197815301799 ] } },
{ "type": "Feature", "properties": { "STREETJUNCTIONID": 3957, "STREETSEGID": 3978, "FACILITYID": "176", "CAMERAID": 176, "POLEID": 28235, "CAMERATYPE": "CCTV", "OWNER": 3, "GIS_ID": "TrafficCamera_131", "SE_ANNO_CAD_DATA": null, "OBJECTID": 131, "GLOBALID": "{D8FA07C0-1B36-4B71-AED0-BD3024BB345F}", "CREATED": null, "EDITED": "2021-11-12T22:42:27Z" }, "geometry": { "type": "Point", "coordinates": [ -77.018995137894834, 38.907153152525332 ] } },
{ "type": "Feature", "properties": { "STREETJUNCTIONID": 6647, "STREETSEGID": 11424, "FACILITYID": "227", "CAMERAID": 227, "POLEID": 17777, "CAMERATYPE": "CCTV", "OWNER": 3, "GIS_ID": "TrafficCamera_132", "SE_ANNO_CAD_DATA": null, "OBJECTID": 132, "GLOBALID": "{8E8C8473-6F79-48C0-9E21-C7B3375849D2}", "CREATED": null, "EDITED": "2021-11-12T22:42:27Z" }, "geometry": { "type": "Point", "coordinates": [ -76.98706107632033, 38.90712571254808 ] } },
{ "type": "Feature", "properties": { "STREETJUNCTIONID": 3337, "STREETSEGID": 11399, "FACILITYID": "309", "CAMERAID": 309, "POLEID": 9360, "CAMERATYPE": "CCTV", "OWNER": 1, "GIS_ID": "TrafficCamera_133", "SE_ANNO_CAD_DATA": null, "OBJECTID": 133, "GLOBALID": "{CEBA2C13-F2B3-45FC-A80B-5EA277C92739}", "CREATED": null, "EDITED": "2021-11-12T22:42:27Z" }, "geometry": { "type": "Point", "coordinates": [ -77.031892006901032, 38.906091069846752 ] } },
{ "type": "Feature", "properties": { "STREETJUNCTIONID": 6206, "STREETSEGID": 13636, "FACILITYID": "83", "CAMERAID": 83, "POLEID": 12051, "CAMERATYPE": "CCTV", "OWNER": 1, "GIS_ID": "TrafficCamera_134", "SE_ANNO_CAD_DATA": null, "OBJECTID": 134, "GLOBALID": "{1C9C4369-F5B2-43D1-8432-F82739F85CEC}", "CREATED": null, "EDITED": "2021-11-12T22:42:27Z" }, "geometry": { "type": "Point", "coordinates": [ -77.079101711938023, 38.905861974451341 ] } },
{ "type": "Feature", "properties": { "STREETJUNCTIONID": 6184, "STREETSEGID": 492, "FACILITYID": "105", "CAMERAID": 105, "POLEID": 18082, "CAMERATYPE": "CCTV", "OWNER": 3, "GIS_ID": "TrafficCamera_135", "SE_ANNO_CAD_DATA": null, "OBJECTID": 135, "GLOBALID": "{BC86BC98-397F-40EC-9266-9E7C6234C084}", "CREATED": null, "EDITED": "2021-11-12T22:42:27Z" }, "geometry": { "type": "Point", "coordinates": [ -76.978102278916111, 38.905732713117409 ] } },
{ "type": "Feature", "properties": { "STREETJUNCTIONID": 6184, "STREETSEGID": 492, "FACILITYID": "106", "CAMERAID": 106, "POLEID": 18082, "CAMERATYPE": "CCTV", "OWNER": 3, "GIS_ID": "TrafficCamera_136", "SE_ANNO_CAD_DATA": null, "OBJECTID": 136, "GLOBALID": "{894ADA2C-6AE6-4C67-B273-CFCE4C1688EB}", "CREATED": null, "EDITED": "2021-11-12T22:42:27Z" }, "geometry": { "type": "Point", "coordinates": [ -76.978102278916111, 38.905732713117409 ] } },
{ "type": "Feature", "properties": { "STREETJUNCTIONID": 4719, "STREETSEGID": 12494, "FACILITYID": "107", "CAMERAID": 107, "POLEID": 18084, "CAMERATYPE": "CCTV", "OWNER": 3, "GIS_ID": "TrafficCamera_137", "SE_ANNO_CAD_DATA": null, "OBJECTID": 137, "GLOBALID": "{010748F0-EB7F-4111-AC64-FD2C7F3A4220}", "CREATED": null, "EDITED": "2021-11-12T22:42:27Z" }, "geometry": { "type": "Point", "coordinates": [ -76.977295947838641, 38.905683328581198 ] } },
{ "type": "Feature", "properties": { "STREETJUNCTIONID": 4719, "STREETSEGID": 12494, "FACILITYID": "108", "CAMERAID": 108, "POLEID": 18084, "CAMERATYPE": "CCTV", "OWNER": 3, "GIS_ID": "TrafficCamera_138", "SE_ANNO_CAD_DATA": null, "OBJECTID": 138, "GLOBALID": "{B5321DED-E250-458B-8D2A-D11470783E4B}", "CREATED": null, "EDITED": "2021-11-12T22:42:27Z" }, "geometry": { "type": "Point", "coordinates": [ -76.977295947838641, 38.905683328581198 ] } },
{ "type": "Feature", "properties": { "STREETJUNCTIONID": 7523, "STREETSEGID": 9116, "FACILITYID": "124", "CAMERAID": 124, "POLEID": 20021, "CAMERATYPE": "CCTV", "OWNER": 3, "GIS_ID": "TrafficCamera_140", "SE_ANNO_CAD_DATA": null, "OBJECTID": 140, "GLOBALID": "{92E04A24-F9F4-4329-A8AC-F73F8ED87905}", "CREATED": null, "EDITED": "2021-11-12T22:42:27Z" }, "geometry": { "type": "Point", "coordinates": [ -77.010199744029208, 38.905558215174842 ] } },
{ "type": "Feature", "properties": { "STREETJUNCTIONID": 5136, "STREETSEGID": 10168, "FACILITYID": "310", "CAMERAID": 310, "POLEID": 9369, "CAMERATYPE": "CCTV", "OWNER": 1, "GIS_ID": "TrafficCamera_142", "SE_ANNO_CAD_DATA": null, "OBJECTID": 142, "GLOBALID": "{81E21C9E-BFD7-4F50-93E2-75DCF6C77C20}", "CREATED": null, "EDITED": "2021-11-12T22:42:27Z" }, "geometry": { "type": "Point", "coordinates": [ -77.032026870221628, 38.905206899268194 ] } },
{ "type": "Feature", "properties": { "STREETJUNCTIONID": 78, "STREETSEGID": 7982, "FACILITYID": "186", "CAMERAID": 186, "POLEID": 5267, "CAMERATYPE": "CCTV", "OWNER": 1, "GIS_ID": "TrafficCamera_143", "SE_ANNO_CAD_DATA": null, "OBJECTID": 143, "GLOBALID": "{7CBD8B78-1097-47E0-A115-25618C01D313}", "CREATED": null, "EDITED": "2021-11-12T22:42:27Z" }, "geometry": { "type": "Point", "coordinates": [ -77.057468720977099, 38.905173309272044 ] } },
{ "type": "Feature", "properties": { "STREETJUNCTIONID": 241, "STREETSEGID": 3929, "FACILITYID": "123", "CAMERAID": 123, "POLEID": 20017, "CAMERATYPE": "CCTV", "OWNER": 3, "GIS_ID": "TrafficCamera_144", "SE_ANNO_CAD_DATA": null, "OBJECTID": 144, "GLOBALID": "{EBDFC5CF-84D8-4E45-90CD-D783AE042603}", "CREATED": null, "EDITED": "2021-11-12T22:42:27Z" }, "geometry": { "type": "Point", "coordinates": [ -77.015008206003884, 38.905173994618998 ] } },
{ "type": "Feature", "properties": { "STREETJUNCTIONID": 864, "STREETSEGID": 2125, "FACILITYID": "182", "CAMERAID": 182, "POLEID": 3985, "CAMERATYPE": "CCTV", "OWNER": 1, "GIS_ID": "TrafficCamera_145", "SE_ANNO_CAD_DATA": null, "OBJECTID": 145, "GLOBALID": "{A638D879-3762-4F67-AF38-168F292A664E}", "CREATED": null, "EDITED": "2021-11-12T22:42:27Z" }, "geometry": { "type": "Point", "coordinates": [ -77.068494051061549, 38.905148835418778 ] } },
{ "type": "Feature", "properties": { "STREETJUNCTIONID": 5003, "STREETSEGID": 13635, "FACILITYID": "180", "CAMERAID": 180, "POLEID": 3963, "CAMERATYPE": "CCTV", "OWNER": 3, "GIS_ID": "TrafficCamera_147", "SE_ANNO_CAD_DATA": null, "OBJECTID": 147, "GLOBALID": "{35BABCB1-7BA7-4DF5-B1DC-E85086FD1DEF}", "CREATED": null, "EDITED": "2021-11-12T22:42:27Z" }, "geometry": { "type": "Point", "coordinates": [ -77.070338776780346, 38.905102184086005 ] } },
{ "type": "Feature", "properties": { "STREETJUNCTIONID": 5671, "STREETSEGID": 7858, "FACILITYID": "185", "CAMERAID": 185, "POLEID": 5064, "CAMERATYPE": "CCTV", "OWNER": 1, "GIS_ID": "TrafficCamera_149", "SE_ANNO_CAD_DATA": null, "OBJECTID": 149, "GLOBALID": "{25EE0BD6-09B2-41D7-BE96-6C912C1E71E4}", "CREATED": null, "EDITED": "2021-11-12T22:42:27Z" }, "geometry": { "type": "Point", "coordinates": [ -77.062632020490454, 38.905093030324473 ] } },
{ "type": "Feature", "properties": { "STREETJUNCTIONID": 1335, "STREETSEGID": 5551, "FACILITYID": "183", "CAMERAID": 183, "POLEID": 3998, "CAMERATYPE": "CCTV", "OWNER": 1, "GIS_ID": "TrafficCamera_150", "SE_ANNO_CAD_DATA": null, "OBJECTID": 150, "GLOBALID": "{BCC79D05-8A62-4374-A643-BB4A0AF06EBE}", "CREATED": null, "EDITED": "2021-11-12T22:42:27Z" }, "geometry": { "type": "Point", "coordinates": [ -77.067930492370053, 38.904982906268785 ] } },
{ "type": "Feature", "properties": { "STREETJUNCTIONID": 6248, "STREETSEGID": 7536, "FACILITYID": "104", "CAMERAID": 104, "POLEID": 18047, "CAMERATYPE": "CCTV", "OWNER": 3, "GIS_ID": "TrafficCamera_152", "SE_ANNO_CAD_DATA": null, "OBJECTID": 152, "GLOBALID": "{1309189A-C7C5-41AD-B5F0-22D7660DE1E2}", "CREATED": null, "EDITED": "2021-11-12T22:42:27Z" }, "geometry": { "type": "Point", "coordinates": [ -76.982387992676919, 38.904639274245525 ] } },
{ "type": "Feature", "properties": { "STREETJUNCTIONID": 4535, "STREETSEGID": 12840, "FACILITYID": "109", "CAMERAID": 109, "POLEID": 18153, "CAMERATYPE": "CCTV", "OWNER": 3, "GIS_ID": "TrafficCamera_153", "SE_ANNO_CAD_DATA": null, "OBJECTID": 153, "GLOBALID": "{C0927AFE-9115-4039-BC9A-45C5E5367D40}", "CREATED": null, "EDITED": "2021-11-12T22:42:27Z" }, "geometry": { "type": "Point", "coordinates": [ -76.974279760638396, 38.903951117985983 ] } },
{ "type": "Feature", "properties": { "STREETJUNCTIONID": 4523, "STREETSEGID": 4875, "FACILITYID": "120", "CAMERAID": 120, "POLEID": 18942, "CAMERATYPE": "CCTV", "OWNER": 3, "GIS_ID": "TrafficCamera_154", "SE_ANNO_CAD_DATA": null, "OBJECTID": 154, "GLOBALID": "{3639960D-76E7-4D48-9244-26FC6D049AF5}", "CREATED": null, "EDITED": "2021-11-12T22:42:27Z" }, "geometry": { "type": "Point", "coordinates": [ -77.000510001468626, 38.903864954036102 ] } },
{ "type": "Feature", "properties": { "STREETJUNCTIONID": 4523, "STREETSEGID": 4875, "FACILITYID": "121", "CAMERAID": 121, "POLEID": 18942, "CAMERATYPE": "CCTV", "OWNER": 3, "GIS_ID": "TrafficCamera_155", "SE_ANNO_CAD_DATA": null, "OBJECTID": 155, "GLOBALID": "{17700F34-743F-46C3-A7E7-C3ACFF2A4B86}", "CREATED": null, "EDITED": "2021-11-12T22:42:27Z" }, "geometry": { "type": "Point", "coordinates": [ -77.000512330159069, 38.903846766159042 ] } },
{ "type": "Feature", "properties": { "STREETJUNCTIONID": 7142, "STREETSEGID": 35, "FACILITYID": "231", "CAMERAID": 231, "POLEID": 17804, "CAMERATYPE": "CCTV", "OWNER": 3, "GIS_ID": "TrafficCamera_156", "SE_ANNO_CAD_DATA": null, "OBJECTID": 156, "GLOBALID": "{4726E397-1E8D-4752-A098-8F0EBB9504B9}", "CREATED": null, "EDITED": "2021-11-12T22:42:27Z" }, "geometry": { "type": "Point", "coordinates": [ -76.989562597934238, 38.903742506990056 ] } },
{ "type": "Feature", "properties": { "STREETJUNCTIONID": 3790, "STREETSEGID": 3260, "FACILITYID": "102", "CAMERAID": 102, "POLEID": 18016, "CAMERATYPE": "CCTV", "OWNER": 3, "GIS_ID": "TrafficCamera_157", "SE_ANNO_CAD_DATA": null, "OBJECTID": 157, "GLOBALID": "{AE5BF28A-9863-44EC-A35F-A01678FB9B82}", "CREATED": null, "EDITED": "2021-11-12T22:42:27Z" }, "geometry": { "type": "Point", "coordinates": [ -76.983938056183419, 38.903680441243061 ] } },
{ "type": "Feature", "properties": { "STREETJUNCTIONID": 4403, "STREETSEGID": 12035, "FACILITYID": "263", "CAMERAID": 263, "POLEID": 7689, "CAMERATYPE": "CCTV", "OWNER": 1, "GIS_ID": "TrafficCamera_158", "SE_ANNO_CAD_DATA": null, "OBJECTID": 158, "GLOBALID": "{B084E4F4-D5CB-47BA-A5AF-13402942C2DD}", "CREATED": null, "EDITED": "2021-11-12T22:42:27Z" }, "geometry": { "type": "Point", "coordinates": [ -77.022117750622627, 38.902887886881615 ] } },
{ "type": "Feature", "properties": { "STREETJUNCTIONID": 4300, "STREETSEGID": 7745, "FACILITYID": "194", "CAMERAID": 194, "POLEID": 5630, "CAMERATYPE": "CCTV", "OWNER": 1, "GIS_ID": "TrafficCamera_159", "SE_ANNO_CAD_DATA": null, "OBJECTID": 159, "GLOBALID": "{763194DC-9FDC-4A28-9B82-79D7127F88F0}", "CREATED": null, "EDITED": "2021-11-12T22:42:27Z" }, "geometry": { "type": "Point", "coordinates": [ -77.043609234582377, 38.902612644294493 ] } },
{ "type": "Feature", "properties": { "STREETJUNCTIONID": 4, "STREETSEGID": 3438, "FACILITYID": "224", "CAMERAID": 224, "POLEID": 7058, "CAMERATYPE": "CCTV", "OWNER": 1, "GIS_ID": "TrafficCamera_160", "SE_ANNO_CAD_DATA": null, "OBJECTID": 160, "GLOBALID": "{5D48A982-D95A-4CA6-B45E-417C809F84D9}", "CREATED": null, "EDITED": "2021-11-12T22:42:27Z" }, "geometry": { "type": "Point", "coordinates": [ -77.02978767640893, 38.90260931109119 ] } },
{ "type": "Feature", "properties": { "STREETJUNCTIONID": 717, "STREETSEGID": 7364, "FACILITYID": "220", "CAMERAID": 220, "POLEID": 7006, "CAMERATYPE": "CCTV", "OWNER": 3, "GIS_ID": "TrafficCamera_161", "SE_ANNO_CAD_DATA": null, "OBJECTID": 161, "GLOBALID": "{544E6AC7-B15F-44CF-AD2B-276380F55E3E}", "CREATED": null, "EDITED": "2021-11-12T22:42:27Z" }, "geometry": { "type": "Point", "coordinates": [ -77.039222117162581, 38.902602876103238 ] } },
{ "type": "Feature", "properties": { "STREETJUNCTIONID": 4129, "STREETSEGID": 7158, "FACILITYID": "195", "CAMERAID": 195, "POLEID": 5643, "CAMERATYPE": "CCTV", "OWNER": 1, "GIS_ID": "TrafficCamera_162", "SE_ANNO_CAD_DATA": null, "OBJECTID": 162, "GLOBALID": "{6AF2AA8C-D09B-4DB7-B928-71CC0DC44DCB}", "CREATED": null, "EDITED": "2021-11-12T22:42:27Z" }, "geometry": { "type": "Point", "coordinates": [ -77.046498651961315, 38.902452937829416 ] } },
{ "type": "Feature", "properties": { "STREETJUNCTIONID": 1757, "STREETSEGID": 1512, "FACILITYID": "222", "CAMERAID": 222, "POLEID": 7027, "CAMERATYPE": "CCTV", "OWNER": 3, "GIS_ID": "TrafficCamera_163", "SE_ANNO_CAD_DATA": null, "OBJECTID": 163, "GLOBALID": "{CD89EEAC-0A8D-4494-B5F5-B36732C8347A}", "CREATED": null, "EDITED": "2021-11-12T22:42:27Z" }, "geometry": { "type": "Point", "coordinates": [ -77.036366159826443, 38.902452144372411 ] } },
{ "type": "Feature", "properties": { "STREETJUNCTIONID": 4130, "STREETSEGID": 11726, "FACILITYID": "210", "CAMERAID": 210, "POLEID": 5924, "CAMERATYPE": "CCTV", "OWNER": 1, "GIS_ID": "TrafficCamera_164", "SE_ANNO_CAD_DATA": null, "OBJECTID": 164, "GLOBALID": "{E3FC12A9-4B9A-4908-B964-5CDC7E168D4E}", "CREATED": null, "EDITED": "2021-11-12T22:42:27Z" }, "geometry": { "type": "Point", "coordinates": [ -77.053457255789198, 38.902440943511593 ] } },
{ "type": "Feature", "properties": { "STREETJUNCTIONID": 6139, "STREETSEGID": 3968, "FACILITYID": "103", "CAMERAID": 103, "POLEID": 18036, "CAMERATYPE": "CCTV", "OWNER": 3, "GIS_ID": "TrafficCamera_165", "SE_ANNO_CAD_DATA": null, "OBJECTID": 165, "GLOBALID": "{D5E6E524-123F-4B08-B4E7-AB492F3B46B1}", "CREATED": null, "EDITED": "2021-11-12T22:42:27Z" }, "geometry": { "type": "Point", "coordinates": [ -76.984065116794525, 38.902433576124068 ] } },
{ "type": "Feature", "properties": { "STREETJUNCTIONID": 715, "STREETSEGID": 471, "FACILITYID": "232", "CAMERAID": 232, "POLEID": 7112, "CAMERATYPE": "CCTV", "OWNER": 1, "GIS_ID": "TrafficCamera_166", "SE_ANNO_CAD_DATA": null, "OBJECTID": 166, "GLOBALID": "{547EC423-FACE-4F67-8442-C9F833871C17}", "CREATED": null, "EDITED": "2021-11-12T22:42:27Z" }, "geometry": { "type": "Point", "coordinates": [ -77.033746988442346, 38.902399132445808 ] } },
{ "type": "Feature", "properties": { "STREETJUNCTIONID": 16, "STREETSEGID": 10007, "FACILITYID": "216", "CAMERAID": 216, "POLEID": 5959, "CAMERATYPE": "CCTV", "OWNER": 1, "GIS_ID": "TrafficCamera_167", "SE_ANNO_CAD_DATA": null, "OBJECTID": 167, "GLOBALID": "{713A98E5-F6D9-484F-A8B7-DB20BB85C9AB}", "CREATED": null, "EDITED": "2021-11-12T22:42:27Z" }, "geometry": { "type": "Point", "coordinates": [ -77.056299619463218, 38.902369063844645 ] } },
{ "type": "Feature", "properties": { "STREETJUNCTIONID": 5459, "STREETSEGID": 7707, "FACILITYID": "252", "CAMERAID": 252, "POLEID": 19951, "CAMERATYPE": "CCTV", "OWNER": 3, "GIS_ID": "TrafficCamera_168", "SE_ANNO_CAD_DATA": null, "OBJECTID": 168, "GLOBALID": "{2302C488-9521-4485-8450-A1C4DA4D84D5}", "CREATED": null, "EDITED": "2021-11-12T22:42:27Z" }, "geometry": { "type": "Point", "coordinates": [ -77.009193189529725, 38.902373863637976 ] } },
{ "type": "Feature", "properties": { "STREETJUNCTIONID": 6343, "STREETSEGID": 12663, "FACILITYID": "229", "CAMERAID": 229, "POLEID": 19048, "CAMERATYPE": "CCTV", "OWNER": 3, "GIS_ID": "TrafficCamera_169", "SE_ANNO_CAD_DATA": null, "OBJECTID": 169, "GLOBALID": "{FD20ABEC-609F-442F-B9EE-4F1E8674CBC6}", "CREATED": null, "EDITED": "2021-11-12T22:42:27Z" }, "geometry": { "type": "Point", "coordinates": [ -76.982364206662837, 38.901895055421107 ] } },
{ "type": "Feature", "properties": { "STREETJUNCTIONID": 2507, "STREETSEGID": 1747, "FACILITYID": "226", "CAMERAID": 226, "POLEID": 7061, "CAMERATYPE": "CCTV", "OWNER": 1, "GIS_ID": "TrafficCamera_170", "SE_ANNO_CAD_DATA": null, "OBJECTID": 170, "GLOBALID": "{980338C7-C4E9-44FB-BA3C-5A7BEBBB201F}", "CREATED": null, "EDITED": "2021-11-12T22:42:27Z" }, "geometry": { "type": "Point", "coordinates": [ -77.029494802237664, 38.901435533363397 ] } },
{ "type": "Feature", "properties": { "STREETJUNCTIONID": 3518, "STREETSEGID": 555, "FACILITYID": "230", "CAMERAID": 230, "POLEID": 7094, "CAMERATYPE": "CCTV", "OWNER": 1, "GIS_ID": "TrafficCamera_171", "SE_ANNO_CAD_DATA": null, "OBJECTID": 171, "GLOBALID": "{DB0A9EE4-6185-49B1-B03F-C6E5057E647E}", "CREATED": null, "EDITED": "2021-11-12T22:42:27Z" }, "geometry": { "type": "Point", "coordinates": [ -77.036403849087577, 38.901282028005916 ] } },
{ "type": "Feature", "properties": { "STREETJUNCTIONID": 3602, "STREETSEGID": 7146, "FACILITYID": "193", "CAMERAID": 193, "POLEID": 5607, "CAMERATYPE": "CCTV", "OWNER": 1, "GIS_ID": "TrafficCamera_172", "SE_ANNO_CAD_DATA": null, "OBJECTID": 172, "GLOBALID": "{20C7D7CD-B35D-4740-A6B4-60A126F09368}", "CREATED": null, "EDITED": "2021-11-12T22:42:27Z" }, "geometry": { "type": "Point", "coordinates": [ -77.039282016836694, 38.901278573302378 ] } },
{ "type": "Feature", "properties": { "STREETJUNCTIONID": 1141, "STREETSEGID": 398, "FACILITYID": "192", "CAMERAID": 192, "POLEID": 5601, "CAMERATYPE": "CCTV", "OWNER": 1, "GIS_ID": "TrafficCamera_173", "SE_ANNO_CAD_DATA": null, "OBJECTID": 173, "GLOBALID": "{5F963804-FBA7-4FEB-B292-AC91E5FDEAA5}", "CREATED": null, "EDITED": "2021-11-12T22:42:27Z" }, "geometry": { "type": "Point", "coordinates": [ -77.041774947026809, 38.901248224068276 ] } },
{ "type": "Feature", "properties": { "STREETJUNCTIONID": 6420, "STREETSEGID": 8931, "FACILITYID": "228", "CAMERAID": 228, "POLEID": 7072, "CAMERATYPE": "CCTV", "OWNER": 1, "GIS_ID": "TrafficCamera_174", "SE_ANNO_CAD_DATA": null, "OBJECTID": 174, "GLOBALID": "{6C2A0595-0BBD-4E70-9641-92E0AD784A9C}", "CREATED": null, "EDITED": "2021-11-12T22:42:27Z" }, "geometry": { "type": "Point", "coordinates": [ -77.032091117651461, 38.901226503663068 ] } },
{ "type": "Feature", "properties": { "STREETJUNCTIONID": 1188, "STREETSEGID": 445, "FACILITYID": "196", "CAMERAID": 196, "POLEID": 5657, "CAMERATYPE": "CCTV", "OWNER": 1, "GIS_ID": "TrafficCamera_175", "SE_ANNO_CAD_DATA": null, "OBJECTID": 175, "GLOBALID": "{C2CBAB08-EBCA-40C1-8F4D-6461C116E063}", "CREATED": null, "EDITED": "2021-11-12T22:42:27Z" }, "geometry": { "type": "Point", "coordinates": [ -77.046556040143741, 38.901161764959944 ] } },
{ "type": "Feature", "properties": { "STREETJUNCTIONID": 653, "STREETSEGID": 7505, "FACILITYID": "218", "CAMERAID": 218, "POLEID": 5989, "CAMERATYPE": "CCTV", "OWNER": 3, "GIS_ID": "TrafficCamera_176", "SE_ANNO_CAD_DATA": null, "OBJECTID": 176, "GLOBALID": "{48DDD85A-560F-4549-A293-8C66587AA3D9}", "CREATED": null, "EDITED": "2021-11-12T22:42:27Z" }, "geometry": { "type": "Point", "coordinates": [ -77.057293331187736, 38.900869157314851 ] } },
{ "type": "Feature", "properties": { "STREETJUNCTIONID": 2312, "STREETSEGID": 1297, "FACILITYID": "206", "CAMERAID": 206, "POLEID": 5682, "CAMERATYPE": "CCTV", "OWNER": 1, "GIS_ID": "TrafficCamera_177", "SE_ANNO_CAD_DATA": null, "OBJECTID": 177, "GLOBALID": "{B9999F47-ED1E-4C6C-BABD-D710F59DD882}", "CREATED": null, "EDITED": "2021-11-12T22:42:27Z" }, "geometry": { "type": "Point", "coordinates": [ -77.043599246967275, 38.900380791071136 ] } },
{ "type": "Feature", "properties": { "STREETJUNCTIONID": 1022, "STREETSEGID": 277, "FACILITYID": "160", "CAMERAID": 160, "POLEID": 20843, "CAMERATYPE": "CCTV", "OWNER": 1, "GIS_ID": "TrafficCamera_178", "SE_ANNO_CAD_DATA": null, "OBJECTID": 178, "GLOBALID": "{C46906EC-77DF-4B04-BBCE-C339B6EA7D8E}", "CREATED": null, "EDITED": "2021-11-12T22:42:27Z" }, "geometry": { "type": "Point", "coordinates": [ -77.013741590637949, 38.900320178047672 ] } },
{ "type": "Feature", "properties": { "STREETJUNCTIONID": 3607, "STREETSEGID": 7242, "FACILITYID": "238", "CAMERAID": 238, "POLEID": 7164, "CAMERATYPE": "CCTV", "OWNER": 1, "GIS_ID": "TrafficCamera_179", "SE_ANNO_CAD_DATA": null, "OBJECTID": 179, "GLOBALID": "{71F31468-83DC-49C4-8D31-85D086B5D00E}", "CREATED": null, "EDITED": "2021-11-12T22:42:27Z" }, "geometry": { "type": "Point", "coordinates": [ -77.038151533377743, 38.90029317216505 ] } },
{ "type": "Feature", "properties": { "STREETJUNCTIONID": 919, "STREETSEGID": 7099, "FACILITYID": "236", "CAMERAID": 236, "POLEID": 7155, "CAMERATYPE": "CCTV", "OWNER": 1, "GIS_ID": "TrafficCamera_180", "SE_ANNO_CAD_DATA": null, "OBJECTID": 180, "GLOBALID": "{7E8B1258-3AC3-4976-A912-6A36C0C8A7E4}", "CREATED": null, "EDITED": "2021-11-12T22:42:27Z" }, "geometry": { "type": "Point", "coordinates": [ -77.034976368934636, 38.900132709143968 ] } },
{ "type": "Feature", "properties": { "STREETJUNCTIONID": 5713, "STREETSEGID": 9549, "FACILITYID": "129", "CAMERAID": 129, "POLEID": 20855, "CAMERATYPE": "CCTV", "OWNER": 1, "GIS_ID": "TrafficCamera_181", "SE_ANNO_CAD_DATA": null, "OBJECTID": 181, "GLOBALID": "{F7F8354B-A769-4A5C-BCF4-B93C5536A184}", "CREATED": null, "EDITED": "2021-11-12T22:42:27Z" }, "geometry": { "type": "Point", "coordinates": [ -77.008858072082347, 38.900108314438704 ] } },
{ "type": "Feature", "properties": { "STREETJUNCTIONID": 3508, "STREETSEGID": 11987, "FACILITYID": "234", "CAMERAID": 234, "POLEID": 7134, "CAMERATYPE": "CCTV", "OWNER": 1, "GIS_ID": "TrafficCamera_182", "SE_ANNO_CAD_DATA": null, "OBJECTID": 182, "GLOBALID": "{E215B354-8F6D-4199-A4B4-F476D6968FD8}", "CREATED": null, "EDITED": "2021-11-12T22:42:27Z" }, "geometry": { "type": "Point", "coordinates": [ -77.029758486410088, 38.900012956424796 ] } },
{ "type": "Feature", "properties": { "STREETJUNCTIONID": 3255, "STREETSEGID": 11714, "FACILITYID": "271", "CAMERAID": 271, "POLEID": 7767, "CAMERATYPE": "CCTV", "OWNER": 1, "GIS_ID": "TrafficCamera_183", "SE_ANNO_CAD_DATA": null, "OBJECTID": 183, "GLOBALID": "{71AFCD49-F18C-437E-846B-123375574CE9}", "CREATED": null, "EDITED": "2021-11-12T22:42:27Z" }, "geometry": { "type": "Point", "coordinates": [ -77.022069064506027, 38.899905264690105 ] } },
{ "type": "Feature", "properties": { "STREETJUNCTIONID": 3255, "STREETSEGID": 11714, "FACILITYID": "273", "CAMERAID": 273, "POLEID": 7767, "CAMERATYPE": "CCTV", "OWNER": 1, "GIS_ID": "TrafficCamera_184", "SE_ANNO_CAD_DATA": null, "OBJECTID": 184, "GLOBALID": "{9435B90E-714C-4797-8F9E-FD6A771CAC0E}", "CREATED": null, "EDITED": "2021-11-12T22:42:27Z" }, "geometry": { "type": "Point", "coordinates": [ -77.022069064506027, 38.899905264690105 ] } },
{ "type": "Feature", "properties": { "STREETJUNCTIONID": 47, "STREETSEGID": 12918, "FACILITYID": "125", "CAMERAID": 125, "POLEID": 20263, "CAMERATYPE": "CCTV", "OWNER": 1, "GIS_ID": "TrafficCamera_185", "SE_ANNO_CAD_DATA": null, "OBJECTID": 185, "GLOBALID": "{9762E0A8-9A87-474C-81C6-640401E0E545}", "CREATED": null, "EDITED": "2021-11-12T22:42:27Z" }, "geometry": { "type": "Point", "coordinates": [ -77.014856168296475, 38.899895054196776 ] } },
{ "type": "Feature", "properties": { "STREETJUNCTIONID": 3255, "STREETSEGID": 2783, "FACILITYID": "275", "CAMERAID": 275, "POLEID": 7773, "CAMERATYPE": "CCTV", "OWNER": 1, "GIS_ID": "TrafficCamera_186", "SE_ANNO_CAD_DATA": null, "OBJECTID": 186, "GLOBALID": "{D2DC33E7-C2B4-4FAD-8E24-9F38D5F38CF2}", "CREATED": null, "EDITED": "2021-11-12T22:42:27Z" }, "geometry": { "type": "Point", "coordinates": [ -77.022012569928265, 38.899697443456049 ] } },
{ "type": "Feature", "properties": { "STREETJUNCTIONID": 4996, "STREETSEGID": 9787, "FACILITYID": "190", "CAMERAID": 190, "POLEID": 5572, "CAMERATYPE": "CCTV", "OWNER": 1, "GIS_ID": "TrafficCamera_187", "SE_ANNO_CAD_DATA": null, "OBJECTID": 187, "GLOBALID": "{8C15111A-32DC-4E61-9086-1C2D77E7EAD0}", "CREATED": null, "EDITED": "2021-11-12T22:42:27Z" }, "geometry": { "type": "Point", "coordinates": [ -77.043269500195308, 38.899633003486059 ] } },
{ "type": "Feature", "properties": { "STREETJUNCTIONID": 4996, "STREETSEGID": 9787, "FACILITYID": "191", "CAMERAID": 191, "POLEID": 5572, "CAMERATYPE": "CCTV", "OWNER": 2, "GIS_ID": "TrafficCamera_188", "SE_ANNO_CAD_DATA": null, "OBJECTID": 188, "GLOBALID": "{ED0ECEF0-BB37-4343-93D6-02FA2BAA276B}", "CREATED": null, "EDITED": "2021-11-12T22:42:27Z" }, "geometry": { "type": "Point", "coordinates": [ -77.043269500195308, 38.899633003486059 ] } },
{ "type": "Feature", "properties": { "STREETJUNCTIONID": 817, "STREETSEGID": 8680, "FACILITYID": "242", "CAMERAID": 242, "POLEID": 7192, "CAMERATYPE": "CCTV", "OWNER": 1, "GIS_ID": "TrafficCamera_189", "SE_ANNO_CAD_DATA": null, "OBJECTID": 189, "GLOBALID": "{5132F4F2-52DC-4FFA-8AD2-C679058795B9}", "CREATED": null, "EDITED": "2021-11-12T22:42:27Z" }, "geometry": { "type": "Point", "coordinates": [ -77.031817818384511, 38.899633963406153 ] } },
{ "type": "Feature", "properties": { "STREETJUNCTIONID": 47, "STREETSEGID": 6778, "FACILITYID": "127", "CAMERAID": 127, "POLEID": 28236, "CAMERATYPE": "CCTV", "OWNER": 1, "GIS_ID": "TrafficCamera_190", "SE_ANNO_CAD_DATA": null, "OBJECTID": 190, "GLOBALID": "{AA655DEB-5798-40F8-A97C-60C59A6F2CA4}", "CREATED": null, "EDITED": "2021-11-12T22:42:27Z" }, "geometry": { "type": "Point", "coordinates": [ -77.015287857491174, 38.89959580380652 ] } },
{ "type": "Feature", "properties": { "STREETJUNCTIONID": 47, "STREETSEGID": 6778, "FACILITYID": "126", "CAMERAID": 126, "POLEID": 28236, "CAMERATYPE": "CCTV", "OWNER": 1, "GIS_ID": "TrafficCamera_191", "SE_ANNO_CAD_DATA": null, "OBJECTID": 191, "GLOBALID": "{3B4F349D-36E9-4539-8698-D9FE6D27C8B7}", "CREATED": null, "EDITED": "2021-11-12T22:42:27Z" }, "geometry": { "type": "Point", "coordinates": [ -77.015287729515521, 38.899590362773168 ] } },
{ "type": "Feature", "properties": { "STREETJUNCTIONID": 3291, "STREETSEGID": 11282, "FACILITYID": "204", "CAMERAID": 204, "POLEID": 5678, "CAMERATYPE": "CCTV", "OWNER": 2, "GIS_ID": "TrafficCamera_192", "SE_ANNO_CAD_DATA": null, "OBJECTID": 192, "GLOBALID": "{E36B8C7A-D274-40D4-B249-0F912AD99DB6}", "CREATED": null, "EDITED": "2021-11-12T22:42:27Z" }, "geometry": { "type": "Point", "coordinates": [ -77.04178249642591, 38.899474033746124 ] } },
{ "type": "Feature", "properties": { "STREETJUNCTIONID": 3291, "STREETSEGID": 11282, "FACILITYID": "198", "CAMERAID": 198, "POLEID": 5678, "CAMERATYPE": "CCTV", "OWNER": 1, "GIS_ID": "TrafficCamera_193", "SE_ANNO_CAD_DATA": null, "OBJECTID": 193, "GLOBALID": "{ADFB64AD-E3F8-43C9-A76C-3BA2885260E5}", "CREATED": null, "EDITED": "2021-11-12T22:42:27Z" }, "geometry": { "type": "Point", "coordinates": [ -77.04178249642591, 38.899474033746124 ] } },
{ "type": "Feature", "properties": { "STREETJUNCTIONID": 3291, "STREETSEGID": 11282, "FACILITYID": "202", "CAMERAID": 202, "POLEID": 5678, "CAMERATYPE": "CCTV", "OWNER": 2, "GIS_ID": "TrafficCamera_194", "SE_ANNO_CAD_DATA": null, "OBJECTID": 194, "GLOBALID": "{2A3D0798-4B80-4F52-9237-F060FED32607}", "CREATED": null, "EDITED": "2021-11-12T22:42:27Z" }, "geometry": { "type": "Point", "coordinates": [ -77.04178249642591, 38.899474033746124 ] } },
{ "type": "Feature", "properties": { "STREETJUNCTIONID": 3291, "STREETSEGID": 11282, "FACILITYID": "200", "CAMERAID": 200, "POLEID": 5678, "CAMERATYPE": "CCTV", "OWNER": 2, "GIS_ID": "TrafficCamera_195", "SE_ANNO_CAD_DATA": null, "OBJECTID": 195, "GLOBALID": "{D14481A3-0F6B-4E2C-93C3-453E03CE0A89}", "CREATED": null, "EDITED": "2021-11-12T22:42:27Z" }, "geometry": { "type": "Point", "coordinates": [ -77.04178249642591, 38.899474033746124 ] } },
{ "type": "Feature", "properties": { "STREETJUNCTIONID": 2253, "STREETSEGID": 12067, "FACILITYID": "197", "CAMERAID": 197, "POLEID": 5670, "CAMERATYPE": "CCTV", "OWNER": 1, "GIS_ID": "TrafficCamera_196", "SE_ANNO_CAD_DATA": null, "OBJECTID": 196, "GLOBALID": "{CCEED679-1B55-4B67-A9ED-C670239CC2BF}", "CREATED": null, "EDITED": "2021-11-12T22:42:27Z" }, "geometry": { "type": "Point", "coordinates": [ -77.039616330223652, 38.898748435162133 ] } },
{ "type": "Feature", "properties": { "STREETJUNCTIONID": 1410, "STREETSEGID": 859, "FACILITYID": "240", "CAMERAID": 240, "POLEID": 7188, "CAMERATYPE": "CCTV", "OWNER": 1, "GIS_ID": "TrafficCamera_197", "SE_ANNO_CAD_DATA": null, "OBJECTID": 197, "GLOBALID": "{41FAE208-F3A4-420D-997B-89E24A008593}", "CREATED": null, "EDITED": "2021-11-12T22:42:27Z" }, "geometry": { "type": "Point", "coordinates": [ -77.033792652390716, 38.898577070230395 ] } },
{ "type": "Feature", "properties": { "STREETJUNCTIONID": 1740, "STREETSEGID": 11042, "FACILITYID": "189", "CAMERAID": 189, "POLEID": 5533, "CAMERATYPE": "CCTV", "OWNER": 1, "GIS_ID": "TrafficCamera_198", "SE_ANNO_CAD_DATA": null, "OBJECTID": 198, "GLOBALID": "{8EAF06AF-C966-4705-8E45-A156936E2C85}", "CREATED": null, "EDITED": "2021-11-12T22:42:27Z" }, "geometry": { "type": "Point", "coordinates": [ -77.043389754968018, 38.898408974599185 ] } },
{ "type": "Feature", "properties": { "STREETJUNCTIONID": 6540, "STREETSEGID": 10794, "FACILITYID": "188", "CAMERAID": 188, "POLEID": 5533, "CAMERATYPE": "CCTV", "OWNER": 2, "GIS_ID": "TrafficCamera_199", "SE_ANNO_CAD_DATA": null, "OBJECTID": 199, "GLOBALID": "{44377F51-1DB6-4BA2-9B97-1934EA3A90FB}", "CREATED": null, "EDITED": "2021-11-12T22:42:27Z" }, "geometry": { "type": "Point", "coordinates": [ -77.041801824805873, 38.898384807648718 ] } },
{ "type": "Feature", "properties": { "STREETJUNCTIONID": 6540, "STREETSEGID": 10794, "FACILITYID": "187", "CAMERAID": 187, "POLEID": 5533, "CAMERATYPE": "CCTV", "OWNER": 1, "GIS_ID": "TrafficCamera_200", "SE_ANNO_CAD_DATA": null, "OBJECTID": 200, "GLOBALID": "{543551B9-FB04-42DB-B8EC-9EC461D372D4}", "CREATED": null, "EDITED": "2021-11-12T22:42:27Z" }, "geometry": { "type": "Point", "coordinates": [ -77.041801824805873, 38.898384807648718 ] } },
{ "type": "Feature", "properties": { "STREETJUNCTIONID": 6062, "STREETSEGID": 1569, "FACILITYID": "164", "CAMERAID": 164, "POLEID": 126089, "CAMERATYPE": "CCTV", "OWNER": 3, "GIS_ID": "TrafficCamera_201", "SE_ANNO_CAD_DATA": null, "OBJECTID": 201, "GLOBALID": "{E2D2E553-BDEB-4DFA-BF5B-CC07804EBC3D}", "CREATED": null, "EDITED": "2021-11-12T22:42:27Z" }, "geometry": { "type": "Point", "coordinates": [ -76.977103980152648, 38.896943480849444 ] } },
{ "type": "Feature", "properties": { "STREETJUNCTIONID": 1748, "STREETSEGID": 12149, "FACILITYID": "208", "CAMERAID": 208, "POLEID": 5710, "CAMERATYPE": "CCTV", "OWNER": 1, "GIS_ID": "TrafficCamera_202", "SE_ANNO_CAD_DATA": null, "OBJECTID": 202, "GLOBALID": "{59D00521-0F06-4EEF-89A0-7A42D71B6519}", "CREATED": null, "EDITED": "2021-11-12T22:42:27Z" }, "geometry": { "type": "Point", "coordinates": [ -77.039358736913428, 38.896533275217685 ] } },
{ "type": "Feature", "properties": { "STREETJUNCTIONID": 3980, "STREETSEGID": 6338, "FACILITYID": "249", "CAMERAID": 249, "POLEID": 7527, "CAMERATYPE": "CCTV", "OWNER": 1, "GIS_ID": "TrafficCamera_203", "SE_ANNO_CAD_DATA": null, "OBJECTID": 203, "GLOBALID": "{CF8DCE67-C816-4FD7-ABA1-12F9E6D111C4}", "CREATED": null, "EDITED": "2021-11-12T22:42:27Z" }, "geometry": { "type": "Point", "coordinates": [ -77.0318240210281, 38.896276003902486 ] } },
{ "type": "Feature", "properties": { "STREETJUNCTIONID": 5781, "STREETSEGID": 7749, "FACILITYID": "244", "CAMERAID": 244, "POLEID": 362, "CAMERATYPE": "CCTV", "OWNER": 1, "GIS_ID": "TrafficCamera_204", "SE_ANNO_CAD_DATA": null, "OBJECTID": 204, "GLOBALID": "{FC317AD7-A972-445D-8A38-0E49A8CF5427}", "CREATED": null, "EDITED": "2021-11-12T22:42:27Z" }, "geometry": { "type": "Point", "coordinates": [ -77.048397866550872, 38.896089712999199 ] } },
{ "type": "Feature", "properties": { "STREETJUNCTIONID": 26, "STREETSEGID": 6467, "FACILITYID": "165", "CAMERAID": 165, "POLEID": 27939, "CAMERATYPE": "CCTV", "OWNER": 1, "GIS_ID": "TrafficCamera_205", "SE_ANNO_CAD_DATA": null, "OBJECTID": 205, "GLOBALID": "{C9D5321E-4CE9-4ED1-82D0-67C8696E8AE7}", "CREATED": null, "EDITED": "2021-11-12T22:42:27Z" }, "geometry": { "type": "Point", "coordinates": [ -76.954194269996506, 38.895873432964265 ] } },
{ "type": "Feature", "properties": { "STREETJUNCTIONID": 1810, "STREETSEGID": 4434, "FACILITYID": "247", "CAMERAID": 247, "POLEID": 7511, "CAMERATYPE": "CCTV", "OWNER": 2, "GIS_ID": "TrafficCamera_206", "SE_ANNO_CAD_DATA": null, "OBJECTID": 206, "GLOBALID": "{338AAEAB-D25B-406D-93AE-2B319C439C77}", "CREATED": null, "EDITED": "2021-11-12T22:42:27Z" }, "geometry": { "type": "Point", "coordinates": [ -77.033510691758423, 38.8957100589707 ] } },
{ "type": "Feature", "properties": { "STREETJUNCTIONID": 4510, "STREETSEGID": 11408, "FACILITYID": "212", "CAMERAID": 212, "POLEID": 5925, "CAMERATYPE": "CCTV", "OWNER": 1, "GIS_ID": "TrafficCamera_207", "SE_ANNO_CAD_DATA": null, "OBJECTID": 207, "GLOBALID": "{C09FB39A-7155-4F7B-B547-82F63C6774DF}", "CREATED": null, "EDITED": "2021-11-12T22:42:27Z" }, "geometry": { "type": "Point", "coordinates": [ -77.039607294284366, 38.895492454500882 ] } },
{ "type": "Feature", "properties": { "STREETJUNCTIONID": 1472, "STREETSEGID": 2919, "FACILITYID": "287", "CAMERAID": 287, "POLEID": 7935, "CAMERATYPE": "CCTV", "OWNER": 2, "GIS_ID": "TrafficCamera_208", "SE_ANNO_CAD_DATA": null, "OBJECTID": 208, "GLOBALID": "{0E4F29DF-163A-4945-B675-3F6D7D7F7BF0}", "CREATED": null, "EDITED": "2021-11-12T22:42:27Z" }, "geometry": { "type": "Point", "coordinates": [ -77.04478153848892, 38.895275069242764 ] } },
{ "type": "Feature", "properties": { "STREETJUNCTIONID": 18, "STREETSEGID": 10918, "FACILITYID": "254", "CAMERAID": 254, "POLEID": 21059, "CAMERATYPE": "CCTV", "OWNER": 1, "GIS_ID": "TrafficCamera_209", "SE_ANNO_CAD_DATA": null, "OBJECTID": 209, "GLOBALID": "{F0935D08-A38C-4E69-9B68-7FD5F193AC61}", "CREATED": null, "EDITED": "2021-11-12T22:42:27Z" }, "geometry": { "type": "Point", "coordinates": [ -77.00915763200274, 38.895254828001136 ] } },
{ "type": "Feature", "properties": { "STREETJUNCTIONID": 5146, "STREETSEGID": 6467, "FACILITYID": "272", "CAMERAID": 272, "POLEID": 21419, "CAMERATYPE": "CCTV", "OWNER": 1, "GIS_ID": "TrafficCamera_210", "SE_ANNO_CAD_DATA": null, "OBJECTID": 210, "GLOBALID": "{2C86F592-566D-42E1-AA3C-7179F0B3B843}", "CREATED": null, "EDITED": "2021-11-12T22:42:27Z" }, "geometry": { "type": "Point", "coordinates": [ -76.949449978721532, 38.895122241349242 ] } },
{ "type": "Feature", "properties": { "STREETJUNCTIONID": 1048, "STREETSEGID": 8205, "FACILITYID": "132", "CAMERAID": 132, "POLEID": 20896, "CAMERATYPE": "CCTV", "OWNER": 1, "GIS_ID": "TrafficCamera_211", "SE_ANNO_CAD_DATA": null, "OBJECTID": 211, "GLOBALID": "{00282A28-7B2F-4312-86CB-58204F5EEFBC}", "CREATED": null, "EDITED": "2021-11-12T22:42:27Z" }, "geometry": { "type": "Point", "coordinates": [ -77.003418601467146, 38.895086122028779 ] } },
{ "type": "Feature", "properties": { "STREETJUNCTIONID": 5230, "STREETSEGID": 6689, "FACILITYID": "133", "CAMERAID": 133, "POLEID": 20905, "CAMERATYPE": "CCTV", "OWNER": 1, "GIS_ID": "TrafficCamera_212", "SE_ANNO_CAD_DATA": null, "OBJECTID": 212, "GLOBALID": "{D2CAB1E0-D46A-4A14-A0E1-B7934A7228FA}", "CREATED": null, "EDITED": "2021-11-12T22:42:27Z" }, "geometry": { "type": "Point", "coordinates": [ -77.003627823747621, 38.89485859135474 ] } },
{ "type": "Feature", "properties": { "STREETJUNCTIONID": 3828, "STREETSEGID": 4076, "FACILITYID": "116", "CAMERAID": 116, "POLEID": 20888, "CAMERATYPE": "CCTV", "OWNER": 1, "GIS_ID": "TrafficCamera_213", "SE_ANNO_CAD_DATA": null, "OBJECTID": 213, "GLOBALID": "{43324EE3-829D-4AFE-B9D3-94A30BD9F769}", "CREATED": null, "EDITED": "2021-11-12T22:42:27Z" }, "geometry": { "type": "Point", "coordinates": [ -77.002123304624078, 38.894787732556104 ] } },
{ "type": "Feature", "properties": { "STREETJUNCTIONID": 6082, "STREETSEGID": 10164, "FACILITYID": "128", "CAMERAID": 128, "POLEID": 20547, "CAMERATYPE": "CCTV", "OWNER": 1, "GIS_ID": "TrafficCamera_214", "SE_ANNO_CAD_DATA": null, "OBJECTID": 214, "GLOBALID": "{977576FB-F119-44EB-B92B-E44158ABC453}", "CREATED": null, "EDITED": "2021-11-12T22:42:27Z" }, "geometry": { "type": "Point", "coordinates": [ -76.97893758035255, 38.894704246615625 ] } },
{ "type": "Feature", "properties": { "STREETJUNCTIONID": 7822, "STREETSEGID": 6425, "FACILITYID": "267", "CAMERAID": 267, "POLEID": 7699, "CAMERATYPE": "CCTV", "OWNER": 2, "GIS_ID": "TrafficCamera_215", "SE_ANNO_CAD_DATA": null, "OBJECTID": 215, "GLOBALID": "{0C30B3BB-2BF0-4163-B941-8ACBE2629000}", "CREATED": null, "EDITED": "2021-11-12T22:42:27Z" }, "geometry": { "type": "Point", "coordinates": [ -77.03063794939375, 38.894590981455806 ] } },
{ "type": "Feature", "properties": { "STREETJUNCTIONID": 7822, "STREETSEGID": 6425, "FACILITYID": "265", "CAMERAID": 265, "POLEID": 7699, "CAMERATYPE": "CCTV", "OWNER": 2, "GIS_ID": "TrafficCamera_216", "SE_ANNO_CAD_DATA": null, "OBJECTID": 216, "GLOBALID": "{AADF32BE-DF6E-4265-A4B9-983DE51D1283}", "CREATED": null, "EDITED": "2021-11-12T22:42:27Z" }, "geometry": { "type": "Point", "coordinates": [ -77.03063794939375, 38.894590981455806 ] } },
{ "type": "Feature", "properties": { "STREETJUNCTIONID": 5013, "STREETSEGID": 10963, "FACILITYID": "251", "CAMERAID": 251, "POLEID": 7587, "CAMERATYPE": "CCTV", "OWNER": 1, "GIS_ID": "TrafficCamera_217", "SE_ANNO_CAD_DATA": null, "OBJECTID": 217, "GLOBALID": "{2ABD043A-831B-467F-AB12-84FB4B23844B}", "CREATED": null, "EDITED": "2021-11-12T22:42:27Z" }, "geometry": { "type": "Point", "coordinates": [ -77.024102981275789, 38.893696008780459 ] } },
{ "type": "Feature", "properties": { "STREETJUNCTIONID": 2166, "STREETSEGID": 6991, "FACILITYID": "117", "CAMERAID": 117, "POLEID": 20911, "CAMERATYPE": "CCTV", "OWNER": 2, "GIS_ID": "TrafficCamera_218", "SE_ANNO_CAD_DATA": null, "OBJECTID": 218, "GLOBALID": "{82FDBBCF-E4DD-43B5-9932-053A09BA8AC0}", "CREATED": null, "EDITED": "2021-11-12T22:42:27Z" }, "geometry": { "type": "Point", "coordinates": [ -77.00358043381631, 38.893692198144414 ] } },
{ "type": "Feature", "properties": { "STREETJUNCTIONID": 258, "STREETSEGID": 2441, "FACILITYID": "256", "CAMERAID": 256, "POLEID": 21059, "CAMERATYPE": "CCTV", "OWNER": 1, "GIS_ID": "TrafficCamera_219", "SE_ANNO_CAD_DATA": null, "OBJECTID": 219, "GLOBALID": "{7A8E0E3B-48AB-403B-AE7A-1AAA53D0DCDA}", "CREATED": null, "EDITED": "2021-11-12T22:42:27Z" }, "geometry": { "type": "Point", "coordinates": [ -77.007723553031411, 38.89367926877965 ] } },
{ "type": "Feature", "properties": { "STREETJUNCTIONID": 258, "STREETSEGID": 2441, "FACILITYID": "258", "CAMERAID": 258, "POLEID": 21059, "CAMERATYPE": "CCTV", "OWNER": 1, "GIS_ID": "TrafficCamera_220", "SE_ANNO_CAD_DATA": null, "OBJECTID": 220, "GLOBALID": "{434E8151-405A-4C23-89EC-80A237BC6F9D}", "CREATED": null, "EDITED": "2021-11-12T22:42:27Z" }, "geometry": { "type": "Point", "coordinates": [ -77.007723553031411, 38.89367926877965 ] } },
{ "type": "Feature", "properties": { "STREETJUNCTIONID": 394, "STREETSEGID": 5404, "FACILITYID": "270", "CAMERAID": 270, "POLEID": 19886, "CAMERATYPE": "CCTV", "OWNER": 1, "GIS_ID": "TrafficCamera_221", "SE_ANNO_CAD_DATA": null, "OBJECTID": 221, "GLOBALID": "{B4C59F8A-1CA7-4D58-A4E3-F998630456CE}", "CREATED": null, "EDITED": "2021-11-12T22:42:27Z" }, "geometry": { "type": "Point", "coordinates": [ -77.012276413162624, 38.893652124084298 ] } },
{ "type": "Feature", "properties": { "STREETJUNCTIONID": 394, "STREETSEGID": 5404, "FACILITYID": "248", "CAMERAID": 248, "POLEID": 19886, "CAMERATYPE": "CCTV", "OWNER": 1, "GIS_ID": "TrafficCamera_222", "SE_ANNO_CAD_DATA": null, "OBJECTID": 222, "GLOBALID": "{B55A6328-3AEB-4018-BAD9-BA25DE2D690A}", "CREATED": null, "EDITED": "2021-11-12T22:42:27Z" }, "geometry": { "type": "Point", "coordinates": [ -77.012276413162624, 38.893652124084298 ] } },
{ "type": "Feature", "properties": { "STREETJUNCTIONID": 1849, "STREETSEGID": 10325, "FACILITYID": "257", "CAMERAID": 257, "POLEID": 7634, "CAMERATYPE": "CCTV", "OWNER": 1, "GIS_ID": "TrafficCamera_223", "SE_ANNO_CAD_DATA": null, "OBJECTID": 223, "GLOBALID": "{0F044ADF-ECFF-4142-AAB9-1572A460289D}", "CREATED": null, "EDITED": "2021-11-12T22:42:27Z" }, "geometry": { "type": "Point", "coordinates": [ -77.022127946079152, 38.893536744286756 ] } },
{ "type": "Feature", "properties": { "STREETJUNCTIONID": 2166, "STREETSEGID": 6007, "FACILITYID": "118", "CAMERAID": 118, "POLEID": 20916, "CAMERATYPE": "CCTV", "OWNER": 2, "GIS_ID": "TrafficCamera_224", "SE_ANNO_CAD_DATA": null, "OBJECTID": 224, "GLOBALID": "{52502408-C126-42C0-BA82-5DACC5989849}", "CREATED": null, "EDITED": "2021-11-12T22:42:27Z" }, "geometry": { "type": "Point", "coordinates": [ -77.003591628971378, 38.893508372990674 ] } },
{ "type": "Feature", "properties": { "STREETJUNCTIONID": 4549, "STREETSEGID": 4915, "FACILITYID": "214", "CAMERAID": 214, "POLEID": 5940, "CAMERATYPE": "CCTV", "OWNER": 1, "GIS_ID": "TrafficCamera_225", "SE_ANNO_CAD_DATA": null, "OBJECTID": 225, "GLOBALID": "{D1D54BF6-421B-4102-9827-82E05CF38036}", "CREATED": null, "EDITED": "2021-11-12T22:42:27Z" }, "geometry": { "type": "Point", "coordinates": [ -77.041600183054356, 38.893490930705312 ] } },
{ "type": "Feature", "properties": { "STREETJUNCTIONID": 2060, "STREETSEGID": 3351, "FACILITYID": "250", "CAMERAID": 250, "POLEID": 19898, "CAMERATYPE": "CCTV", "OWNER": 1, "GIS_ID": "TrafficCamera_226", "SE_ANNO_CAD_DATA": null, "OBJECTID": 226, "GLOBALID": "{E9BEC0E7-3244-4080-BBC4-432B31EB4832}", "CREATED": null, "EDITED": "2021-11-12T22:42:27Z" }, "geometry": { "type": "Point", "coordinates": [ -77.011147348935623, 38.893424262467931 ] } },
{ "type": "Feature", "properties": { "STREETJUNCTIONID": 5860, "STREETSEGID": 8753, "FACILITYID": "138", "CAMERAID": 138, "POLEID": 20927, "CAMERATYPE": "CCTV", "OWNER": 1, "GIS_ID": "TrafficCamera_227", "SE_ANNO_CAD_DATA": null, "OBJECTID": 227, "GLOBALID": "{B601BB1F-7680-46BD-B0B3-6E00E4944078}", "CREATED": null, "EDITED": "2021-11-12T22:42:27Z" }, "geometry": { "type": "Point", "coordinates": [ -77.002144231024346, 38.892630236473352 ] } },
{ "type": "Feature", "properties": { "STREETJUNCTIONID": 1492, "STREETSEGID": 506, "FACILITYID": "274", "CAMERAID": 274, "POLEID": 126091, "CAMERATYPE": "CCTV", "OWNER": 3, "GIS_ID": "TrafficCamera_228", "SE_ANNO_CAD_DATA": null, "OBJECTID": 228, "GLOBALID": "{A254F744-988E-4143-BAA6-A57A69A79A71}", "CREATED": null, "EDITED": "2021-11-12T22:42:27Z" }, "geometry": { "type": "Point", "coordinates": [ -76.951137708842211, 38.89234190397876 ] } },
{ "type": "Feature", "properties": { "STREETJUNCTIONID": 5614, "STREETSEGID": 12430, "FACILITYID": "277", "CAMERAID": 277, "POLEID": 7871, "CAMERATYPE": "CCTV", "OWNER": 1, "GIS_ID": "TrafficCamera_229", "SE_ANNO_CAD_DATA": null, "OBJECTID": 229, "GLOBALID": "{DA2BDE6D-4808-4EF7-B565-F3FB4B038112}", "CREATED": null, "EDITED": "2021-11-12T22:42:27Z" }, "geometry": { "type": "Point", "coordinates": [ -77.028274714730856, 38.892305099654614 ] } },
{ "type": "Feature", "properties": { "STREETJUNCTIONID": 6313, "STREETSEGID": 9615, "FACILITYID": "34", "CAMERAID": 34, "POLEID": 10476, "CAMERATYPE": "CCTV", "OWNER": 3, "GIS_ID": "TrafficCamera_230", "SE_ANNO_CAD_DATA": null, "OBJECTID": 230, "GLOBALID": "{C6E731FA-9680-43E4-98B5-9309606352AB}", "CREATED": null, "EDITED": "2021-11-12T22:42:27Z" }, "geometry": { "type": "Point", "coordinates": [ -77.017583795218243, 38.892281974956795 ] } },
{ "type": "Feature", "properties": { "STREETJUNCTIONID": 6097, "STREETSEGID": 10963, "FACILITYID": "259", "CAMERAID": 259, "POLEID": 7670, "CAMERATYPE": "CCTV", "OWNER": 1, "GIS_ID": "TrafficCamera_231", "SE_ANNO_CAD_DATA": null, "OBJECTID": 231, "GLOBALID": "{B6B098D3-CC0E-4642-80DD-9FB391425A30}", "CREATED": null, "EDITED": "2021-11-12T22:42:27Z" }, "geometry": { "type": "Point", "coordinates": [ -77.024105335727285, 38.892271892804139 ] } },
{ "type": "Feature", "properties": { "STREETJUNCTIONID": 3575, "STREETSEGID": 5116, "FACILITYID": "253", "CAMERAID": 253, "POLEID": 7618, "CAMERATYPE": "CCTV", "OWNER": 1, "GIS_ID": "TrafficCamera_232", "SE_ANNO_CAD_DATA": null, "OBJECTID": 232, "GLOBALID": "{7FB34847-17BF-4260-B5B4-06619DBA19F8}", "CREATED": null, "EDITED": "2021-11-12T22:42:27Z" }, "geometry": { "type": "Point", "coordinates": [ -77.04997394467992, 38.892231890104931 ] } },
{ "type": "Feature", "properties": { "STREETJUNCTIONID": 5346, "STREETSEGID": 13101, "FACILITYID": "245", "CAMERAID": 245, "POLEID": 7413, "CAMERATYPE": "CCTV", "OWNER": 1, "GIS_ID": "TrafficCamera_233", "SE_ANNO_CAD_DATA": null, "OBJECTID": 233, "GLOBALID": "{FCBFAEB0-9E6F-4398-83C7-171EB61D4B82}", "CREATED": null, "EDITED": "2021-11-12T22:42:27Z" }, "geometry": { "type": "Point", "coordinates": [ -77.03966243657176, 38.892228180493298 ] } },
{ "type": "Feature", "properties": { "STREETJUNCTIONID": 1839, "STREETSEGID": 843, "FACILITYID": "281", "CAMERAID": 281, "POLEID": 7880, "CAMERATYPE": "CCTV", "OWNER": 1, "GIS_ID": "TrafficCamera_234", "SE_ANNO_CAD_DATA": null, "OBJECTID": 234, "GLOBALID": "{7A7F7A6D-5F69-442E-A4BE-A8E2855DA42A}", "CREATED": null, "EDITED": "2021-11-12T22:42:27Z" }, "geometry": { "type": "Point", "coordinates": [ -77.033826216601881, 38.892221179236394 ] } },
{ "type": "Feature", "properties": { "STREETJUNCTIONID": 3114, "STREETSEGID": 5447, "FACILITYID": "269", "CAMERAID": 269, "POLEID": 7725, "CAMERATYPE": "CCTV", "OWNER": 1, "GIS_ID": "TrafficCamera_235", "SE_ANNO_CAD_DATA": null, "OBJECTID": 235, "GLOBALID": "{7A584F0D-50E5-4B22-9518-FE18981DCAC4}", "CREATED": null, "EDITED": "2021-11-12T22:42:27Z" }, "geometry": { "type": "Point", "coordinates": [ -77.032159456015137, 38.892221632019549 ] } },
{ "type": "Feature", "properties": { "STREETJUNCTIONID": 2665, "STREETSEGID": 12390, "FACILITYID": "314", "CAMERAID": 314, "POLEID": 9435, "CAMERATYPE": "CCTV", "OWNER": 1, "GIS_ID": "TrafficCamera_236", "SE_ANNO_CAD_DATA": null, "OBJECTID": 236, "GLOBALID": "{403A46BA-8D98-4265-A49D-7D7DA59B36DC}", "CREATED": null, "EDITED": "2021-11-12T22:42:27Z" }, "geometry": { "type": "Point", "coordinates": [ -77.011973361579834, 38.892196357634141 ] } },
{ "type": "Feature", "properties": { "STREETJUNCTIONID": 2665, "STREETSEGID": 12390, "FACILITYID": "313", "CAMERAID": 313, "POLEID": 9435, "CAMERATYPE": "CCTV", "OWNER": 1, "GIS_ID": "TrafficCamera_237", "SE_ANNO_CAD_DATA": null, "OBJECTID": 237, "GLOBALID": "{22D456A6-1752-40EA-9C82-6457F0705638}", "CREATED": null, "EDITED": "2021-11-12T22:42:27Z" }, "geometry": { "type": "Point", "coordinates": [ -77.011971574905033, 38.892196357817291 ] } },
{ "type": "Feature", "properties": { "STREETJUNCTIONID": 583, "STREETSEGID": 12125, "FACILITYID": "262", "CAMERAID": 262, "POLEID": 21180, "CAMERATYPE": "CCTV", "OWNER": 1, "GIS_ID": "TrafficCamera_238", "SE_ANNO_CAD_DATA": null, "OBJECTID": 238, "GLOBALID": "{5997AD7D-148C-4DB8-AFC1-E281241B5EC1}", "CREATED": null, "EDITED": "2021-11-12T22:42:27Z" }, "geometry": { "type": "Point", "coordinates": [ -77.008344128813249, 38.892191484500557 ] } },
{ "type": "Feature", "properties": { "STREETJUNCTIONID": 583, "STREETSEGID": 12125, "FACILITYID": "260", "CAMERAID": 260, "POLEID": 21180, "CAMERATYPE": "CCTV", "OWNER": 1, "GIS_ID": "TrafficCamera_239", "SE_ANNO_CAD_DATA": null, "OBJECTID": 239, "GLOBALID": "{1AD43442-34E9-474E-94BC-288D6698E0A0}", "CREATED": null, "EDITED": "2021-11-12T22:42:27Z" }, "geometry": { "type": "Point", "coordinates": [ -77.008344128813249, 38.892191484500557 ] } },
{ "type": "Feature", "properties": { "STREETJUNCTIONID": 4294, "STREETSEGID": 11306, "FACILITYID": "312", "CAMERAID": 312, "POLEID": 9427, "CAMERATYPE": "CCTV", "OWNER": 1, "GIS_ID": "TrafficCamera_240", "SE_ANNO_CAD_DATA": null, "OBJECTID": 240, "GLOBALID": "{EC2F588B-56ED-420D-B5FA-DD81E8E3F2A4}", "CREATED": null, "EDITED": "2021-11-12T22:42:27Z" }, "geometry": { "type": "Point", "coordinates": [ -77.009754702045825, 38.892186600760027 ] } },
{ "type": "Feature", "properties": { "STREETJUNCTIONID": 6845, "STREETSEGID": 1231, "FACILITYID": "140", "CAMERAID": 140, "POLEID": 20935, "CAMERATYPE": "CCTV", "OWNER": 1, "GIS_ID": "TrafficCamera_241", "SE_ANNO_CAD_DATA": null, "OBJECTID": 241, "GLOBALID": "{A2130B99-4FB8-4997-8CE6-74011F706C55}", "CREATED": null, "EDITED": "2021-11-12T22:42:27Z" }, "geometry": { "type": "Point", "coordinates": [ -77.00303244570155, 38.892120243799631 ] } },
{ "type": "Feature", "properties": { "STREETJUNCTIONID": 6099, "STREETSEGID": 11276, "FACILITYID": "141", "CAMERAID": 141, "POLEID": 20960, "CAMERATYPE": "CCTV", "OWNER": 1, "GIS_ID": "TrafficCamera_242", "SE_ANNO_CAD_DATA": null, "OBJECTID": 242, "GLOBALID": "{D5A379DB-3B1A-42DE-BC0A-8F8A8CBECC13}", "CREATED": null, "EDITED": "2021-11-12T22:42:27Z" }, "geometry": { "type": "Point", "coordinates": [ -76.99964418793968, 38.89207215995097 ] } },
{ "type": "Feature", "properties": { "STREETJUNCTIONID": 1560, "STREETSEGID": 11288, "FACILITYID": "293", "CAMERAID": 293, "POLEID": 9046, "CAMERATYPE": "CCTV", "OWNER": 1, "GIS_ID": "TrafficCamera_243", "SE_ANNO_CAD_DATA": null, "OBJECTID": 243, "GLOBALID": "{E3DBCA91-5E0E-4051-B261-9D6112286898}", "CREATED": null, "EDITED": "2021-11-12T22:42:27Z" }, "geometry": { "type": "Point", "coordinates": [ -77.045058195532434, 38.891987889129048 ] } },
{ "type": "Feature", "properties": { "STREETJUNCTIONID": 3575, "STREETSEGID": 5116, "FACILITYID": "255", "CAMERAID": 255, "POLEID": 7619, "CAMERATYPE": "CCTV", "OWNER": 1, "GIS_ID": "TrafficCamera_244", "SE_ANNO_CAD_DATA": null, "OBJECTID": 244, "GLOBALID": "{FC28FD32-CDCA-44EA-A83A-B47BD4A703FF}", "CREATED": null, "EDITED": "2021-11-12T22:42:27Z" }, "geometry": { "type": "Point", "coordinates": [ -77.049949553306988, 38.89198442247941 ] } },
{ "type": "Feature", "properties": { "STREETJUNCTIONID": 5614, "STREETSEGID": 7383, "FACILITYID": "279", "CAMERAID": 279, "POLEID": 7876, "CAMERATYPE": "CCTV", "OWNER": 1, "GIS_ID": "TrafficCamera_245", "SE_ANNO_CAD_DATA": null, "OBJECTID": 245, "GLOBALID": "{3F1FE181-1E15-4685-8AB3-B41AB9115D61}", "CREATED": null, "EDITED": "2021-11-12T22:42:27Z" }, "geometry": { "type": "Point", "coordinates": [ -77.027942158828949, 38.891972887817488 ] } },
{ "type": "Feature", "properties": { "STREETJUNCTIONID": 5130, "STREETSEGID": 12690, "FACILITYID": "139", "CAMERAID": 139, "POLEID": 20931, "CAMERATYPE": "CCTV", "OWNER": 1, "GIS_ID": "TrafficCamera_246", "SE_ANNO_CAD_DATA": null, "OBJECTID": 246, "GLOBALID": "{21322735-190F-4FAB-87C7-279DE929F9AE}", "CREATED": null, "EDITED": "2021-11-12T22:42:27Z" }, "geometry": { "type": "Point", "coordinates": [ -77.001944530807336, 38.891973412498061 ] } },
{ "type": "Feature", "properties": { "STREETJUNCTIONID": 4801, "STREETSEGID": 9127, "FACILITYID": "311", "CAMERAID": 311, "POLEID": 9403, "CAMERATYPE": "CCTV", "OWNER": 1, "GIS_ID": "TrafficCamera_247", "SE_ANNO_CAD_DATA": null, "OBJECTID": 247, "GLOBALID": "{5F7749C9-E445-48DB-A0E8-5BFF621A2ACC}", "CREATED": null, "EDITED": "2021-11-12T22:42:27Z" }, "geometry": { "type": "Point", "coordinates": [ -77.014998108833993, 38.891972321463413 ] } },
{ "type": "Feature", "properties": { "STREETJUNCTIONID": 2665, "STREETSEGID": 12390, "FACILITYID": "316", "CAMERAID": 316, "POLEID": 9436, "CAMERATYPE": "CCTV", "OWNER": 1, "GIS_ID": "TrafficCamera_248", "SE_ANNO_CAD_DATA": null, "OBJECTID": 248, "GLOBALID": "{6B9F26E9-6822-465E-A854-D2327EB8B6F9}", "CREATED": null, "EDITED": "2021-11-12T22:42:27Z" }, "geometry": { "type": "Point", "coordinates": [ -77.011941151464782, 38.891966728494197 ] } },
{ "type": "Feature", "properties": { "STREETJUNCTIONID": 2665, "STREETSEGID": 12390, "FACILITYID": "315", "CAMERAID": 315, "POLEID": 9436, "CAMERATYPE": "CCTV", "OWNER": 1, "GIS_ID": "TrafficCamera_249", "SE_ANNO_CAD_DATA": null, "OBJECTID": 249, "GLOBALID": "{F8B90F60-7AE6-4CBF-AEED-4B4336207154}", "CREATED": null, "EDITED": "2021-11-12T22:42:27Z" }, "geometry": { "type": "Point", "coordinates": [ -77.011941151464782, 38.891966728494197 ] } },
{ "type": "Feature", "properties": { "STREETJUNCTIONID": 6097, "STREETSEGID": 9838, "FACILITYID": "261", "CAMERAID": 261, "POLEID": 7674, "CAMERATYPE": "CCTV", "OWNER": 1, "GIS_ID": "TrafficCamera_250", "SE_ANNO_CAD_DATA": null, "OBJECTID": 250, "GLOBALID": "{DD224978-78CF-482D-8DC9-FC5EACFCFF36}", "CREATED": null, "EDITED": "2021-11-12T22:42:27Z" }, "geometry": { "type": "Point", "coordinates": [ -77.02384859657576, 38.891894215407369 ] } },
{ "type": "Feature", "properties": { "STREETJUNCTIONID": 5129, "STREETSEGID": 13156, "FACILITYID": "137", "CAMERAID": 137, "POLEID": 20924, "CAMERATYPE": "CCTV", "OWNER": 1, "GIS_ID": "TrafficCamera_251", "SE_ANNO_CAD_DATA": null, "OBJECTID": 251, "GLOBALID": "{B2CD08EA-A6CF-48D7-93B0-BF42C9B167EE}", "CREATED": null, "EDITED": "2021-11-12T22:42:27Z" }, "geometry": { "type": "Point", "coordinates": [ -77.002103707286835, 38.890854101244891 ] } },
{ "type": "Feature", "properties": { "STREETJUNCTIONID": 3477, "STREETSEGID": 3275, "FACILITYID": "30", "CAMERAID": 30, "POLEID": 10391, "CAMERATYPE": "CCTV", "OWNER": 3, "GIS_ID": "TrafficCamera_252", "SE_ANNO_CAD_DATA": null, "OBJECTID": 252, "GLOBALID": "{0A9C0B6B-05EC-43F6-BB10-B69362A99A8C}", "CREATED": null, "EDITED": "2021-11-12T22:42:27Z" }, "geometry": { "type": "Point", "coordinates": [ -77.015039168420827, 38.890718503626786 ] } },
{ "type": "Feature", "properties": { "STREETJUNCTIONID": 6294, "STREETSEGID": 9517, "FACILITYID": "161", "CAMERAID": 161, "POLEID": 22052, "CAMERATYPE": "CCTV", "OWNER": 1, "GIS_ID": "TrafficCamera_254", "SE_ANNO_CAD_DATA": null, "OBJECTID": 254, "GLOBALID": "{43EBC94C-65D9-4716-BF5D-C90FBD2F51B4}", "CREATED": null, "EDITED": "2021-11-12T22:42:27Z" }, "geometry": { "type": "Point", "coordinates": [ -77.002150937646562, 38.889887123319049 ] } },
{ "type": "Feature", "properties": { "STREETJUNCTIONID": 5309, "STREETSEGID": 9504, "FACILITYID": "288", "CAMERAID": 288, "POLEID": 23212, "CAMERATYPE": "CCTV", "OWNER": 1, "GIS_ID": "TrafficCamera_255", "SE_ANNO_CAD_DATA": null, "OBJECTID": 255, "GLOBALID": "{EA83D498-6295-4332-B5AE-A23C98360ACE}", "CREATED": null, "EDITED": "2021-11-12T22:42:27Z" }, "geometry": { "type": "Point", "coordinates": [ -76.929943787778683, 38.88977366493755 ] } },
{ "type": "Feature", "properties": { "STREETJUNCTIONID": 1000, "STREETSEGID": 13733, "FACILITYID": "286", "CAMERAID": 286, "POLEID": 23162, "CAMERATYPE": "CCTV", "OWNER": 1, "GIS_ID": "TrafficCamera_256", "SE_ANNO_CAD_DATA": null, "OBJECTID": 256, "GLOBALID": "{287E34A2-1B1D-4247-BDDB-79CFC629411D}", "CREATED": null, "EDITED": "2021-11-12T22:42:27Z" }, "geometry": { "type": "Point", "coordinates": [ -76.917658889675479, 38.889750877392665 ] } },
{ "type": "Feature", "properties": { "STREETJUNCTIONID": 5664, "STREETSEGID": 9346, "FACILITYID": "147", "CAMERAID": 147, "POLEID": 22738, "CAMERATYPE": "CCTV", "OWNER": 3, "GIS_ID": "TrafficCamera_257", "SE_ANNO_CAD_DATA": null, "OBJECTID": 257, "GLOBALID": "{16D77531-BE50-4665-B502-88D0FC300807}", "CREATED": null, "EDITED": "2021-11-12T22:42:27Z" }, "geometry": { "type": "Point", "coordinates": [ -76.983534400693031, 38.889735434932525 ] } },
{ "type": "Feature", "properties": { "STREETJUNCTIONID": 6225, "STREETSEGID": 3699, "FACILITYID": "144", "CAMERAID": 144, "POLEID": 22065, "CAMERATYPE": "CCTV", "OWNER": 1, "GIS_ID": "TrafficCamera_258", "SE_ANNO_CAD_DATA": null, "OBJECTID": 258, "GLOBALID": "{8E62393B-A967-4AED-9115-64404AFDC572}", "CREATED": null, "EDITED": "2021-11-12T22:42:27Z" }, "geometry": { "type": "Point", "coordinates": [ -77.00358797946717, 38.889705668294809 ] } },
{ "type": "Feature", "properties": { "STREETJUNCTIONID": 6225, "STREETSEGID": 3699, "FACILITYID": "142", "CAMERAID": 142, "POLEID": 22065, "CAMERATYPE": "CCTV", "OWNER": 1, "GIS_ID": "TrafficCamera_259", "SE_ANNO_CAD_DATA": null, "OBJECTID": 259, "GLOBALID": "{C5967488-0FD7-4816-8A7D-8EFFFA8BF2D5}", "CREATED": null, "EDITED": "2021-11-12T22:42:27Z" }, "geometry": { "type": "Point", "coordinates": [ -77.00358797946717, 38.889705668294809 ] } },
{ "type": "Feature", "properties": { "STREETJUNCTIONID": 3715, "STREETSEGID": 6227, "FACILITYID": "278", "CAMERAID": 278, "POLEID": 21781, "CAMERATYPE": "CCTV", "OWNER": 1, "GIS_ID": "TrafficCamera_260", "SE_ANNO_CAD_DATA": null, "OBJECTID": 260, "GLOBALID": "{CD875E1C-63AF-49C3-B00C-0A7CD4EEC345}", "CREATED": null, "EDITED": "2021-11-12T22:42:27Z" }, "geometry": { "type": "Point", "coordinates": [ -76.913367074510774, 38.889626412269806 ] } },
{ "type": "Feature", "properties": { "STREETJUNCTIONID": 4420, "STREETSEGID": 3152, "FACILITYID": "290", "CAMERAID": 290, "POLEID": 23246, "CAMERATYPE": "CCTV", "OWNER": 1, "GIS_ID": "TrafficCamera_261", "SE_ANNO_CAD_DATA": null, "OBJECTID": 261, "GLOBALID": "{83BB2271-B86B-4926-8F30-4679CDE1D74B}", "CREATED": null, "EDITED": "2021-11-12T22:42:27Z" }, "geometry": { "type": "Point", "coordinates": [ -76.937284087568344, 38.889603803722139 ] } },
{ "type": "Feature", "properties": { "STREETJUNCTIONID": 2428, "STREETSEGID": 1645, "FACILITYID": "289", "CAMERAID": 289, "POLEID": 9003, "CAMERATYPE": "CCTV", "OWNER": 1, "GIS_ID": "TrafficCamera_262", "SE_ANNO_CAD_DATA": null, "OBJECTID": 262, "GLOBALID": "{6A1B2F7A-322C-4D04-B7A9-E613B2CA23A8}", "CREATED": null, "EDITED": "2021-11-12T22:42:27Z" }, "geometry": { "type": "Point", "coordinates": [ -77.021727321176726, 38.888810098277951 ] } },
{ "type": "Feature", "properties": { "STREETJUNCTIONID": 3718, "STREETSEGID": 3671, "FACILITYID": "317", "CAMERAID": 317, "POLEID": 9464, "CAMERATYPE": "CCTV", "OWNER": 1, "GIS_ID": "TrafficCamera_263", "SE_ANNO_CAD_DATA": null, "OBJECTID": 263, "GLOBALID": "{916D2BBF-B6EA-4FE7-95DA-335D69F642EF}", "CREATED": null, "EDITED": "2021-11-12T22:42:27Z" }, "geometry": { "type": "Point", "coordinates": [ -77.015047827315982, 38.888762504643466 ] } },
{ "type": "Feature", "properties": { "STREETJUNCTIONID": 2158, "STREETSEGID": 7483, "FACILITYID": "299", "CAMERAID": 299, "POLEID": 9138, "CAMERATYPE": "CCTV", "OWNER": 1, "GIS_ID": "TrafficCamera_264", "SE_ANNO_CAD_DATA": null, "OBJECTID": 264, "GLOBALID": "{9BBE9512-21E2-407B-BFB9-DC78C05D146E}", "CREATED": null, "EDITED": "2021-11-12T22:42:27Z" }, "geometry": { "type": "Point", "coordinates": [ -77.017384914188654, 38.888754910377017 ] } },
{ "type": "Feature", "properties": { "STREETJUNCTIONID": 823, "STREETSEGID": 11901, "FACILITYID": "322", "CAMERAID": 322, "POLEID": 9534, "CAMERATYPE": "CCTV", "OWNER": 1, "GIS_ID": "TrafficCamera_265", "SE_ANNO_CAD_DATA": null, "OBJECTID": 265, "GLOBALID": "{EEE93D99-3DAD-462F-932E-8357D6A8927E}", "CREATED": null, "EDITED": "2021-11-12T22:42:27Z" }, "geometry": { "type": "Point", "coordinates": [ -77.012253837080323, 38.88778024227058 ] } },
{ "type": "Feature", "properties": { "STREETJUNCTIONID": 823, "STREETSEGID": 11901, "FACILITYID": "323", "CAMERAID": 323, "POLEID": 9534, "CAMERATYPE": "CCTV", "OWNER": 1, "GIS_ID": "TrafficCamera_266", "SE_ANNO_CAD_DATA": null, "OBJECTID": 266, "GLOBALID": "{650BF56D-5D79-4F77-920C-9825A4B00792}", "CREATED": null, "EDITED": "2021-11-12T22:42:27Z" }, "geometry": { "type": "Point", "coordinates": [ -77.012253837080323, 38.88778024227058 ] } },
{ "type": "Feature", "properties": { "STREETJUNCTIONID": 3239, "STREETSEGID": 8322, "FACILITYID": "304", "CAMERAID": 304, "POLEID": 9200, "CAMERATYPE": "CCTV", "OWNER": 1, "GIS_ID": "TrafficCamera_267", "SE_ANNO_CAD_DATA": null, "OBJECTID": 267, "GLOBALID": "{9680EC2B-7448-467F-88D2-DF98C9CF8122}", "CREATED": null, "EDITED": "2021-11-12T22:42:27Z" }, "geometry": { "type": "Point", "coordinates": [ -77.015029075213178, 38.887729254973429 ] } },
{ "type": "Feature", "properties": { "STREETJUNCTIONID": 3239, "STREETSEGID": 8322, "FACILITYID": "303", "CAMERAID": 303, "POLEID": 9200, "CAMERATYPE": "CCTV", "OWNER": 1, "GIS_ID": "TrafficCamera_268", "SE_ANNO_CAD_DATA": null, "OBJECTID": 268, "GLOBALID": "{094C2BBF-B9E4-4F3D-B6C9-394AC80EE0A3}", "CREATED": null, "EDITED": "2021-11-12T22:42:27Z" }, "geometry": { "type": "Point", "coordinates": [ -77.015029075213178, 38.887729254973429 ] } },
{ "type": "Feature", "properties": { "STREETJUNCTIONID": 1035, "STREETSEGID": 3699, "FACILITYID": "266", "CAMERAID": 266, "POLEID": 21247, "CAMERATYPE": "CCTV", "OWNER": 1, "GIS_ID": "TrafficCamera_269", "SE_ANNO_CAD_DATA": null, "OBJECTID": 269, "GLOBALID": "{B28A082D-513E-4BB8-9554-64DDD4AB4B92}", "CREATED": null, "EDITED": "2021-11-12T22:42:27Z" }, "geometry": { "type": "Point", "coordinates": [ -77.003434662027871, 38.887728270804679 ] } },
{ "type": "Feature", "properties": { "STREETJUNCTIONID": 1035, "STREETSEGID": 3699, "FACILITYID": "264", "CAMERAID": 264, "POLEID": 21247, "CAMERATYPE": "CCTV", "OWNER": 1, "GIS_ID": "TrafficCamera_270", "SE_ANNO_CAD_DATA": null, "OBJECTID": 270, "GLOBALID": "{28A81B6B-9E0B-4803-A2FE-D801B6058146}", "CREATED": null, "EDITED": "2021-11-12T22:42:27Z" }, "geometry": { "type": "Point", "coordinates": [ -77.003434662027871, 38.887728270804679 ] } },
{ "type": "Feature", "properties": { "STREETJUNCTIONID": 824, "STREETSEGID": 5435, "FACILITYID": "306", "CAMERAID": 306, "POLEID": 9207, "CAMERATYPE": "CCTV", "OWNER": 1, "GIS_ID": "TrafficCamera_271", "SE_ANNO_CAD_DATA": null, "OBJECTID": 271, "GLOBALID": "{6A6566FD-D6D6-4FA2-A25A-886D476AB4DD}", "CREATED": null, "EDITED": "2021-11-12T22:42:27Z" }, "geometry": { "type": "Point", "coordinates": [ -77.014101271963938, 38.887667077737106 ] } },
{ "type": "Feature", "properties": { "STREETJUNCTIONID": 824, "STREETSEGID": 5435, "FACILITYID": "307", "CAMERAID": 307, "POLEID": 9207, "CAMERATYPE": "CCTV", "OWNER": 1, "GIS_ID": "TrafficCamera_272", "SE_ANNO_CAD_DATA": null, "OBJECTID": 272, "GLOBALID": "{CC28E8DE-EF95-4D19-A19C-7C2CDE596B40}", "CREATED": null, "EDITED": "2021-11-12T22:42:27Z" }, "geometry": { "type": "Point", "coordinates": [ -77.014101271963938, 38.887667077737106 ] } },
{ "type": "Feature", "properties": { "STREETJUNCTIONID": 824, "STREETSEGID": 5435, "FACILITYID": "305", "CAMERAID": 305, "POLEID": 9206, "CAMERATYPE": "CCTV", "OWNER": 1, "GIS_ID": "TrafficCamera_273", "SE_ANNO_CAD_DATA": null, "OBJECTID": 273, "GLOBALID": "{09223D02-202A-482B-8BEB-E3822953731B}", "CREATED": null, "EDITED": "2021-11-12T22:42:27Z" }, "geometry": { "type": "Point", "coordinates": [ -77.014114515493787, 38.887666688776918 ] } },
{ "type": "Feature", "properties": { "STREETJUNCTIONID": 83, "STREETSEGID": 12910, "FACILITYID": "146", "CAMERAID": 146, "POLEID": 22722, "CAMERATYPE": "CCTV", "OWNER": 2, "GIS_ID": "TrafficCamera_274", "SE_ANNO_CAD_DATA": null, "OBJECTID": 274, "GLOBALID": "{5247A6FD-A09E-47B2-A023-9683AF75ED61}", "CREATED": null, "EDITED": "2021-11-12T22:42:27Z" }, "geometry": { "type": "Point", "coordinates": [ -77.002169009251645, 38.887547313823809 ] } },
{ "type": "Feature", "properties": { "STREETJUNCTIONID": 638, "STREETSEGID": 8994, "FACILITYID": "321", "CAMERAID": 321, "POLEID": 9534, "CAMERATYPE": "CCTV", "OWNER": 1, "GIS_ID": "TrafficCamera_275", "SE_ANNO_CAD_DATA": null, "OBJECTID": 275, "GLOBALID": "{46CF0F49-AED7-4DC2-80B9-B246F4D8C494}", "CREATED": null, "EDITED": "2021-11-12T22:42:27Z" }, "geometry": { "type": "Point", "coordinates": [ -77.009208335048427, 38.887528882035262 ] } },
{ "type": "Feature", "properties": { "STREETJUNCTIONID": 823, "STREETSEGID": 8994, "FACILITYID": "324", "CAMERAID": 324, "POLEID": 9540, "CAMERATYPE": "CCTV", "OWNER": 1, "GIS_ID": "TrafficCamera_276", "SE_ANNO_CAD_DATA": null, "OBJECTID": 276, "GLOBALID": "{74C957B6-57DE-414B-B08B-C3249F485440}", "CREATED": null, "EDITED": "2021-11-12T22:42:27Z" }, "geometry": { "type": "Point", "coordinates": [ -77.01203469707643, 38.887486249548651 ] } },
{ "type": "Feature", "properties": { "STREETJUNCTIONID": 823, "STREETSEGID": 8994, "FACILITYID": "325", "CAMERAID": 325, "POLEID": 9540, "CAMERATYPE": "CCTV", "OWNER": 1, "GIS_ID": "TrafficCamera_277", "SE_ANNO_CAD_DATA": null, "OBJECTID": 277, "GLOBALID": "{04A483B9-4028-45BC-9F4E-4A0F1445EB76}", "CREATED": null, "EDITED": "2021-11-12T22:42:27Z" }, "geometry": { "type": "Point", "coordinates": [ -77.01203469707643, 38.887486249548651 ] } },
{ "type": "Feature", "properties": { "STREETJUNCTIONID": 2703, "STREETSEGID": 10856, "FACILITYID": "295", "CAMERAID": 295, "POLEID": 9061, "CAMERATYPE": "CCTV", "OWNER": 1, "GIS_ID": "TrafficCamera_278", "SE_ANNO_CAD_DATA": null, "OBJECTID": 278, "GLOBALID": "{27B44237-D8C3-48F1-8BDA-B7C55BD64634}", "CREATED": null, "EDITED": "2021-11-12T22:42:27Z" }, "geometry": { "type": "Point", "coordinates": [ -77.022109405909433, 38.887459958753567 ] } },
{ "type": "Feature", "properties": { "STREETJUNCTIONID": 88, "STREETSEGID": 11277, "FACILITYID": "283", "CAMERAID": 283, "POLEID": 7893, "CAMERATYPE": "CCTV", "OWNER": 1, "GIS_ID": "TrafficCamera_279", "SE_ANNO_CAD_DATA": null, "OBJECTID": 279, "GLOBALID": "{AA503BCE-CC17-4B70-85A9-341D2FC7D863}", "CREATED": null, "EDITED": "2021-11-12T22:42:27Z" }, "geometry": { "type": "Point", "coordinates": [ -77.027766932353629, 38.887455859047172 ] } },
{ "type": "Feature", "properties": { "STREETJUNCTIONID": 2159, "STREETSEGID": 6574, "FACILITYID": "300", "CAMERAID": 300, "POLEID": 9146, "CAMERATYPE": "CCTV", "OWNER": 1, "GIS_ID": "TrafficCamera_280", "SE_ANNO_CAD_DATA": null, "OBJECTID": 280, "GLOBALID": "{EA749856-ADBC-4906-AC8B-5CB4B548AACB}", "CREATED": null, "EDITED": "2021-11-12T22:42:27Z" }, "geometry": { "type": "Point", "coordinates": [ -77.017414600436112, 38.887456690374655 ] } },
{ "type": "Feature", "properties": { "STREETJUNCTIONID": 1831, "STREETSEGID": 1945, "FACILITYID": "291", "CAMERAID": 291, "POLEID": 9010, "CAMERATYPE": "CCTV", "OWNER": 1, "GIS_ID": "TrafficCamera_282", "SE_ANNO_CAD_DATA": null, "OBJECTID": 282, "GLOBALID": "{14AE9F31-0000-479C-83B2-C90F69CD7399}", "CREATED": null, "EDITED": "2021-11-12T22:42:27Z" }, "geometry": { "type": "Point", "coordinates": [ -77.019780414765563, 38.887453268812834 ] } },
{ "type": "Feature", "properties": { "STREETJUNCTIONID": 1671, "STREETSEGID": 574, "FACILITYID": "285", "CAMERAID": 285, "POLEID": 7908, "CAMERATYPE": "CCTV", "OWNER": 1, "GIS_ID": "TrafficCamera_283", "SE_ANNO_CAD_DATA": null, "OBJECTID": 283, "GLOBALID": "{EC24D62A-56F0-4F22-9FC9-831BDBD19322}", "CREATED": null, "EDITED": "2021-11-12T22:42:27Z" }, "geometry": { "type": "Point", "coordinates": [ -77.031958958407529, 38.887414492713596 ] } },
{ "type": "Feature", "properties": { "STREETJUNCTIONID": 83, "STREETSEGID": 10373, "FACILITYID": "268", "CAMERAID": 268, "POLEID": 21253, "CAMERATYPE": "CCTV", "OWNER": 1, "GIS_ID": "TrafficCamera_284", "SE_ANNO_CAD_DATA": null, "OBJECTID": 284, "GLOBALID": "{ED7010B4-1C7F-467D-B4CC-8BA00F59AE3C}", "CREATED": null, "EDITED": "2021-11-12T22:42:27Z" }, "geometry": { "type": "Point", "coordinates": [ -77.002612299131272, 38.887352957945808 ] } },
{ "type": "Feature", "properties": { "STREETJUNCTIONID": 3776, "STREETSEGID": 8308, "FACILITYID": "134", "CAMERAID": 134, "POLEID": 22700, "CAMERATYPE": "CCTV", "OWNER": 2, "GIS_ID": "TrafficCamera_285", "SE_ANNO_CAD_DATA": null, "OBJECTID": 285, "GLOBALID": "{2903DB30-1505-4D33-BDFA-641C2DB125C6}", "CREATED": null, "EDITED": "2021-11-12T22:42:27Z" }, "geometry": { "type": "Point", "coordinates": [ -77.00197129516927, 38.886099571361854 ] } },
{ "type": "Feature", "properties": { "STREETJUNCTIONID": 4079, "STREETSEGID": 10216, "FACILITYID": "318", "CAMERAID": 318, "POLEID": 9472, "CAMERATYPE": "CCTV", "OWNER": 1, "GIS_ID": "TrafficCamera_286", "SE_ANNO_CAD_DATA": null, "OBJECTID": 286, "GLOBALID": "{D6D88FAA-44AC-41B5-9618-8ECB5D27E6D8}", "CREATED": null, "EDITED": "2021-11-12T22:42:27Z" }, "geometry": { "type": "Point", "coordinates": [ -77.015115823028609, 38.885941431393249 ] } },
{ "type": "Feature", "properties": { "STREETJUNCTIONID": 45, "STREETSEGID": 10422, "FACILITYID": "40", "CAMERAID": 40, "POLEID": 10583, "CAMERATYPE": "CCTV", "OWNER": 1, "GIS_ID": "TrafficCamera_287", "SE_ANNO_CAD_DATA": null, "OBJECTID": 287, "GLOBALID": "{C4526671-9085-476A-90E5-52D7995A5373}", "CREATED": null, "EDITED": "2021-11-12T22:42:27Z" }, "geometry": { "type": "Point", "coordinates": [ -77.010730571802455, 38.885211534964824 ] } },
{ "type": "Feature", "properties": { "STREETJUNCTIONID": 96, "STREETSEGID": 10935, "FACILITYID": "37", "CAMERAID": 37, "POLEID": 10548, "CAMERATYPE": "CCTV", "OWNER": 1, "GIS_ID": "TrafficCamera_288", "SE_ANNO_CAD_DATA": null, "OBJECTID": 288, "GLOBALID": "{10A4D8CD-D185-4974-8121-D504FA511FC0}", "CREATED": null, "EDITED": "2021-11-12T22:42:27Z" }, "geometry": { "type": "Point", "coordinates": [ -77.013732520430395, 38.885184862008025 ] } },
{ "type": "Feature", "properties": { "STREETJUNCTIONID": 4328, "STREETSEGID": 7240, "FACILITYID": "136", "CAMERAID": 136, "POLEID": 22535, "CAMERATYPE": "CCTV", "OWNER": 2, "GIS_ID": "TrafficCamera_289", "SE_ANNO_CAD_DATA": null, "OBJECTID": 289, "GLOBALID": "{44B7540F-2125-4DD4-AB86-8E8AF9D540F1}", "CREATED": null, "EDITED": "2021-11-12T22:42:27Z" }, "geometry": { "type": "Point", "coordinates": [ -77.005983433465204, 38.885155455198394 ] } },
{ "type": "Feature", "properties": { "STREETJUNCTIONID": 45, "STREETSEGID": 3432, "FACILITYID": "42", "CAMERAID": 42, "POLEID": 10585, "CAMERATYPE": "CCTV", "OWNER": 1, "GIS_ID": "TrafficCamera_290", "SE_ANNO_CAD_DATA": null, "OBJECTID": 290, "GLOBALID": "{752F06E2-210F-481A-BFC9-0E2F0DA48D06}", "CREATED": null, "EDITED": "2021-11-12T22:42:27Z" }, "geometry": { "type": "Point", "coordinates": [ -77.0105434387266, 38.885132926835134 ] } },
{ "type": "Feature", "properties": { "STREETJUNCTIONID": 45, "STREETSEGID": 3432, "FACILITYID": "41", "CAMERAID": 41, "POLEID": 10585, "CAMERATYPE": "CCTV", "OWNER": 1, "GIS_ID": "TrafficCamera_291", "SE_ANNO_CAD_DATA": null, "OBJECTID": 291, "GLOBALID": "{626B6F7C-AF2E-49DF-AF87-DCFD5CED770C}", "CREATED": null, "EDITED": "2021-11-12T22:42:27Z" }, "geometry": { "type": "Point", "coordinates": [ -77.0105434387266, 38.885132926835134 ] } },
{ "type": "Feature", "properties": { "STREETJUNCTIONID": 96, "STREETSEGID": 13217, "FACILITYID": "38", "CAMERAID": 38, "POLEID": 10553, "CAMERATYPE": "CCTV", "OWNER": 1, "GIS_ID": "TrafficCamera_292", "SE_ANNO_CAD_DATA": null, "OBJECTID": 292, "GLOBALID": "{0C7CF23B-E683-4A28-853B-9DCEAC049C7D}", "CREATED": null, "EDITED": "2021-11-12T22:42:27Z" }, "geometry": { "type": "Point", "coordinates": [ -77.01379863578839, 38.885023469013156 ] } },
{ "type": "Feature", "properties": { "STREETJUNCTIONID": 4328, "STREETSEGID": 5946, "FACILITYID": "135", "CAMERAID": 135, "POLEID": 22541, "CAMERATYPE": "CCTV", "OWNER": 2, "GIS_ID": "TrafficCamera_293", "SE_ANNO_CAD_DATA": null, "OBJECTID": 293, "GLOBALID": "{39D411D9-36F1-40FF-AD7B-890F22E7D159}", "CREATED": null, "EDITED": "2021-11-12T22:42:27Z" }, "geometry": { "type": "Point", "coordinates": [ -77.006024684204178, 38.885017967119524 ] } },
{ "type": "Feature", "properties": { "STREETJUNCTIONID": 3571, "STREETSEGID": 12316, "FACILITYID": "320", "CAMERAID": 320, "POLEID": 9518, "CAMERATYPE": "CCTV", "OWNER": 1, "GIS_ID": "TrafficCamera_294", "SE_ANNO_CAD_DATA": null, "OBJECTID": 294, "GLOBALID": "{D63CB2D9-2B1B-4DF4-BAA1-00D3EE638B9A}", "CREATED": null, "EDITED": "2021-11-12T22:42:27Z" }, "geometry": { "type": "Point", "coordinates": [ -77.009144535738201, 38.884996585758451 ] } },
{ "type": "Feature", "properties": { "STREETJUNCTIONID": 3492, "STREETSEGID": 12388, "FACILITYID": "297", "CAMERAID": 297, "POLEID": 9092, "CAMERATYPE": "CCTV", "OWNER": 1, "GIS_ID": "TrafficCamera_295", "SE_ANNO_CAD_DATA": null, "OBJECTID": 295, "GLOBALID": "{4C9455C5-9953-4A27-A5E0-6CDA671CE809}", "CREATED": null, "EDITED": "2021-11-12T22:42:27Z" }, "geometry": { "type": "Point", "coordinates": [ -77.019824771424851, 38.884978901850154 ] } },
{ "type": "Feature", "properties": { "STREETJUNCTIONID": 2396, "STREETSEGID": 1588, "FACILITYID": "145", "CAMERAID": 145, "POLEID": 22587, "CAMERATYPE": "CCTV", "OWNER": 2, "GIS_ID": "TrafficCamera_296", "SE_ANNO_CAD_DATA": null, "OBJECTID": 296, "GLOBALID": "{C3EEEFB8-EDAE-4097-8821-94667A24D465}", "CREATED": null, "EDITED": "2021-11-12T22:42:27Z" }, "geometry": { "type": "Point", "coordinates": [ -76.996276991564599, 38.884785187593721 ] } },
{ "type": "Feature", "properties": { "STREETJUNCTIONID": 6616, "STREETSEGID": 8717, "FACILITYID": "284", "CAMERAID": 284, "POLEID": 126084, "CAMERATYPE": "CCTV", "OWNER": 3, "GIS_ID": "TrafficCamera_297", "SE_ANNO_CAD_DATA": null, "OBJECTID": 297, "GLOBALID": "{FBB198CD-7394-46E4-A78D-E57AA2DE3952}", "CREATED": null, "EDITED": "2021-11-12T22:42:27Z" }, "geometry": { "type": "Point", "coordinates": [ -76.928507924084315, 38.884242467083148 ] } },
{ "type": "Feature", "properties": { "STREETJUNCTIONID": 766, "STREETSEGID": 4922, "FACILITYID": "301", "CAMERAID": 301, "POLEID": 9172, "CAMERATYPE": "CCTV", "OWNER": 1, "GIS_ID": "TrafficCamera_298", "SE_ANNO_CAD_DATA": null, "OBJECTID": 298, "GLOBALID": "{2B3C56AD-47F2-473D-ABB5-95E1DB15F794}", "CREATED": null, "EDITED": "2021-11-12T22:42:27Z" }, "geometry": { "type": "Point", "coordinates": [ -77.01508822869981, 38.884191565338448 ] } },
{ "type": "Feature", "properties": { "STREETJUNCTIONID": 952, "STREETSEGID": 212, "FACILITYID": "143", "CAMERAID": 143, "POLEID": 22423, "CAMERATYPE": "CCTV", "OWNER": 1, "GIS_ID": "TrafficCamera_299", "SE_ANNO_CAD_DATA": null, "OBJECTID": 299, "GLOBALID": "{E5E268F9-970E-4A7E-80C0-7DD1FABB2A6A}", "CREATED": null, "EDITED": "2021-11-12T22:42:27Z" }, "geometry": { "type": "Point", "coordinates": [ -76.994875072865668, 38.884104334824769 ] } },
{ "type": "Feature", "properties": { "STREETJUNCTIONID": 22, "STREETSEGID": 9796, "FACILITYID": "302", "CAMERAID": 302, "POLEID": 9178, "CAMERATYPE": "CCTV", "OWNER": 1, "GIS_ID": "TrafficCamera_300", "SE_ANNO_CAD_DATA": null, "OBJECTID": 300, "GLOBALID": "{2B7822E5-0980-4A42-9A8D-4AF7256DB4F9}", "CREATED": null, "EDITED": "2021-11-12T22:42:27Z" }, "geometry": { "type": "Point", "coordinates": [ -77.013748417459013, 38.883824621017844 ] } },
{ "type": "Feature", "properties": { "STREETJUNCTIONID": 3471, "STREETSEGID": 3165, "FACILITYID": "319", "CAMERAID": 319, "POLEID": 9492, "CAMERATYPE": "CCTV", "OWNER": 1, "GIS_ID": "TrafficCamera_301", "SE_ANNO_CAD_DATA": null, "OBJECTID": 301, "GLOBALID": "{0094E63D-5453-4B4A-8A5F-7A91EC6A63FE}", "CREATED": null, "EDITED": "2021-11-12T22:42:27Z" }, "geometry": { "type": "Point", "coordinates": [ -77.009159609362499, 38.883813459302949 ] } },
{ "type": "Feature", "properties": { "STREETJUNCTIONID": 1616, "STREETSEGID": 2908, "FACILITYID": "39", "CAMERAID": 39, "POLEID": 10578, "CAMERATYPE": "CCTV", "OWNER": 1, "GIS_ID": "TrafficCamera_302", "SE_ANNO_CAD_DATA": null, "OBJECTID": 302, "GLOBALID": "{468CFFCD-48E8-4AB3-BAC3-1FA655D33B2E}", "CREATED": null, "EDITED": "2021-11-12T22:42:27Z" }, "geometry": { "type": "Point", "coordinates": [ -77.009329673908752, 38.883143735352526 ] } },
{ "type": "Feature", "properties": { "STREETJUNCTIONID": 81, "STREETSEGID": 2848, "FACILITYID": "35", "CAMERAID": 35, "POLEID": 10538, "CAMERATYPE": "CCTV", "OWNER": 3, "GIS_ID": "TrafficCamera_303", "SE_ANNO_CAD_DATA": null, "OBJECTID": 303, "GLOBALID": "{CB806237-C832-4C5C-A7AB-5B70B93141E4}", "CREATED": null, "EDITED": "2021-11-12T22:42:27Z" }, "geometry": { "type": "Point", "coordinates": [ -77.022162231956528, 38.882790173504681 ] } },
{ "type": "Feature", "properties": { "STREETJUNCTIONID": 3314, "STREETSEGID": 13699, "FACILITYID": "282", "CAMERAID": 282, "POLEID": 126083, "CAMERATYPE": "CCTV", "OWNER": 3, "GIS_ID": "TrafficCamera_304", "SE_ANNO_CAD_DATA": null, "OBJECTID": 304, "GLOBALID": "{2F5EC4CA-AB46-4BA9-9BF3-4EC0E543601F}", "CREATED": null, "EDITED": "2021-11-12T22:42:27Z" }, "geometry": { "type": "Point", "coordinates": [ -76.929456321850026, 38.880607338234427 ] } },
{ "type": "Feature", "properties": { "STREETJUNCTIONID": 6645, "STREETSEGID": 11372, "FACILITYID": "150", "CAMERAID": 150, "POLEID": 28237, "CAMERATYPE": "CCTV", "OWNER": 1, "GIS_ID": "TrafficCamera_305", "SE_ANNO_CAD_DATA": null, "OBJECTID": 305, "GLOBALID": "{D189F071-53C6-4F21-94A2-345C7DF29600}", "CREATED": null, "EDITED": "2021-11-12T22:42:27Z" }, "geometry": { "type": "Point", "coordinates": [ -76.994839489882963, 38.879368361753059 ] } },
{ "type": "Feature", "properties": { "STREETJUNCTIONID": 1026, "STREETSEGID": 9438, "FACILITYID": "162", "CAMERAID": 162, "POLEID": 24610, "CAMERATYPE": "CCTV", "OWNER": 1, "GIS_ID": "TrafficCamera_306", "SE_ANNO_CAD_DATA": null, "OBJECTID": 306, "GLOBALID": "{6F244971-D2DA-4205-B066-20907A202DEA}", "CREATED": null, "EDITED": "2021-11-12T22:42:27Z" }, "geometry": { "type": "Point", "coordinates": [ -77.013061943825946, 38.879363709248366 ] } },
{ "type": "Feature", "properties": { "STREETJUNCTIONID": 103, "STREETSEGID": 8491, "FACILITYID": "157", "CAMERAID": 157, "POLEID": 24439, "CAMERATYPE": "CCTV", "OWNER": 1, "GIS_ID": "TrafficCamera_307", "SE_ANNO_CAD_DATA": null, "OBJECTID": 307, "GLOBALID": "{92ED777D-4B26-44C4-A7B9-C9E48F008E91}", "CREATED": null, "EDITED": "2021-11-12T22:42:27Z" }, "geometry": { "type": "Point", "coordinates": [ -77.009301588066791, 38.879356196006171 ] } },
{ "type": "Feature", "properties": { "STREETJUNCTIONID": 2611, "STREETSEGID": 11642, "FACILITYID": "280", "CAMERAID": 280, "POLEID": 21781, "CAMERATYPE": "CCTV", "OWNER": 1, "GIS_ID": "TrafficCamera_308", "SE_ANNO_CAD_DATA": null, "OBJECTID": 308, "GLOBALID": "{A63CC44C-C937-4BFE-A758-24C0BBED319E}", "CREATED": null, "EDITED": "2021-11-12T22:42:27Z" }, "geometry": { "type": "Point", "coordinates": [ -76.931622781941485, 38.878549271496318 ] } },
{ "type": "Feature", "properties": { "STREETJUNCTIONID": 1867, "STREETSEGID": 790, "FACILITYID": "148", "CAMERAID": 148, "POLEID": 24048, "CAMERATYPE": "CCTV", "OWNER": 1, "GIS_ID": "TrafficCamera_309", "SE_ANNO_CAD_DATA": null, "OBJECTID": 309, "GLOBALID": "{FD75BBD9-D565-4D7E-9E16-3C418BBC5908}", "CREATED": null, "EDITED": "2021-11-12T22:42:27Z" }, "geometry": { "type": "Point", "coordinates": [ -76.989880316648609, 38.878488971337845 ] } },
{ "type": "Feature", "properties": { "STREETJUNCTIONID": 1867, "STREETSEGID": 790, "FACILITYID": "149", "CAMERAID": 149, "POLEID": 24048, "CAMERATYPE": "CCTV", "OWNER": 1, "GIS_ID": "TrafficCamera_310", "SE_ANNO_CAD_DATA": null, "OBJECTID": 310, "GLOBALID": "{A7F20D61-89AE-47CB-B4D5-5DBB442928B0}", "CREATED": null, "EDITED": "2021-11-12T22:42:27Z" }, "geometry": { "type": "Point", "coordinates": [ -76.989880316648609, 38.878488971337845 ] } },
{ "type": "Feature", "properties": { "STREETJUNCTIONID": 6806, "STREETSEGID": 9320, "FACILITYID": "119", "CAMERAID": 119, "POLEID": 21281, "CAMERATYPE": "CCTV", "OWNER": 1, "GIS_ID": "TrafficCamera_311", "SE_ANNO_CAD_DATA": null, "OBJECTID": 311, "GLOBALID": "{A2AB086A-751E-44EB-A8ED-5A12E911BE9B}", "CREATED": null, "EDITED": "2021-11-12T22:42:27Z" }, "geometry": { "type": "Point", "coordinates": [ -76.980324241174969, 38.877849570784498 ] } },
{ "type": "Feature", "properties": { "STREETJUNCTIONID": 2304, "STREETSEGID": 1285, "FACILITYID": "159", "CAMERAID": 159, "POLEID": 24774, "CAMERATYPE": "CCTV", "OWNER": 2, "GIS_ID": "TrafficCamera_312", "SE_ANNO_CAD_DATA": null, "OBJECTID": 312, "GLOBALID": "{A7E57FA0-1E7C-4461-B8AF-BE5951D18195}", "CREATED": null, "EDITED": "2021-11-12T22:42:27Z" }, "geometry": { "type": "Point", "coordinates": [ -76.995073721914579, 38.87668560874603 ] } },
{ "type": "Feature", "properties": { "STREETJUNCTIONID": 3061, "STREETSEGID": 9875, "FACILITYID": "156", "CAMERAID": 156, "POLEID": 24409, "CAMERATYPE": "CCTV", "OWNER": 1, "GIS_ID": "TrafficCamera_313", "SE_ANNO_CAD_DATA": null, "OBJECTID": 313, "GLOBALID": "{99173736-DF1A-4D1F-9E15-749FD259710F}", "CREATED": null, "EDITED": "2021-11-12T22:42:27Z" }, "geometry": { "type": "Point", "coordinates": [ -77.006009984469188, 38.876622147703003 ] } },
{ "type": "Feature", "properties": { "STREETJUNCTIONID": 6907, "STREETSEGID": 10606, "FACILITYID": "155", "CAMERAID": 155, "POLEID": 24394, "CAMERATYPE": "CCTV", "OWNER": 1, "GIS_ID": "TrafficCamera_314", "SE_ANNO_CAD_DATA": null, "OBJECTID": 314, "GLOBALID": "{1976E22C-6DE3-4A19-856C-E11B54A76014}", "CREATED": null, "EDITED": "2021-11-12T22:42:27Z" }, "geometry": { "type": "Point", "coordinates": [ -77.009052215076494, 38.87637415747556 ] } },
{ "type": "Feature", "properties": { "STREETJUNCTIONID": 4632, "STREETSEGID": 11220, "FACILITYID": "131", "CAMERAID": 131, "POLEID": 24316, "CAMERATYPE": "CCTV", "OWNER": 1, "GIS_ID": "TrafficCamera_315", "SE_ANNO_CAD_DATA": null, "OBJECTID": 315, "GLOBALID": "{B0380FA2-2C96-4206-80EF-21587A7B403D}", "CREATED": null, "EDITED": "2021-11-12T22:42:27Z" }, "geometry": { "type": "Point", "coordinates": [ -77.005998926833072, 38.874772651949023 ] } },
{ "type": "Feature", "properties": { "STREETJUNCTIONID": 2813, "STREETSEGID": 5055, "FACILITYID": "339", "CAMERAID": 339, "POLEID": 28010, "CAMERATYPE": "CCTV", "OWNER": 1, "GIS_ID": "TrafficCamera_317", "SE_ANNO_CAD_DATA": null, "OBJECTID": 317, "GLOBALID": "{051BA529-47D6-4DDF-B2B2-439E2F287EB4}", "CREATED": null, "EDITED": "2021-11-12T22:42:27Z" }, "geometry": { "type": "Point", "coordinates": [ -76.970763548347662, 38.873342189117601 ] } },
{ "type": "Feature", "properties": { "STREETJUNCTIONID": 2953, "STREETSEGID": 13751, "FACILITYID": "153", "CAMERAID": 153, "POLEID": 24233, "CAMERATYPE": "CCTV", "OWNER": 3, "GIS_ID": "TrafficCamera_318", "SE_ANNO_CAD_DATA": null, "OBJECTID": 318, "GLOBALID": "{6FCD0CBB-9B7F-4611-91CE-F11BD57D8DAA}", "CREATED": null, "EDITED": "2021-11-12T22:42:27Z" }, "geometry": { "type": "Point", "coordinates": [ -77.005717927850924, 38.871961540060404 ] } },
{ "type": "Feature", "properties": { "STREETJUNCTIONID": 2758, "STREETSEGID": 11868, "FACILITYID": "154", "CAMERAID": 154, "POLEID": 24256, "CAMERATYPE": "CCTV", "OWNER": 3, "GIS_ID": "TrafficCamera_319", "SE_ANNO_CAD_DATA": null, "OBJECTID": 319, "GLOBALID": "{6203F888-26C0-482E-9C92-F6A7337279BF}", "CREATED": null, "EDITED": "2021-11-12T22:42:27Z" }, "geometry": { "type": "Point", "coordinates": [ -77.012112334166446, 38.871922099438251 ] } },
{ "type": "Feature", "properties": { "STREETJUNCTIONID": 2299, "STREETSEGID": 10563, "FACILITYID": "292", "CAMERAID": 292, "POLEID": 126085, "CAMERATYPE": "CCTV", "OWNER": 3, "GIS_ID": "TrafficCamera_320", "SE_ANNO_CAD_DATA": null, "OBJECTID": 320, "GLOBALID": "{D99A7BF0-AA66-4C6F-834C-51F4BEC2E3E2}", "CREATED": null, "EDITED": "2021-11-12T22:42:27Z" }, "geometry": { "type": "Point", "coordinates": [ -76.967712985841104, 38.867748534017906 ] } },
{ "type": "Feature", "properties": { "STREETJUNCTIONID": 6680, "STREETSEGID": 11593, "FACILITYID": "294", "CAMERAID": 294, "POLEID": 126086, "CAMERATYPE": "CCTV", "OWNER": 3, "GIS_ID": "TrafficCamera_321", "SE_ANNO_CAD_DATA": null, "OBJECTID": 321, "GLOBALID": "{DC3D62C7-1C51-462B-AC55-C44EF6DC3DA6}", "CREATED": null, "EDITED": "2021-11-12T22:42:27Z" }, "geometry": { "type": "Point", "coordinates": [ -76.979070252080547, 38.867381722868863 ] } },
{ "type": "Feature", "properties": { "STREETJUNCTIONID": 1274, "STREETSEGID": 13136, "FACILITYID": "340", "CAMERAID": 340, "POLEID": 28125, "CAMERATYPE": "CCTV", "OWNER": 3, "GIS_ID": "TrafficCamera_322", "SE_ANNO_CAD_DATA": null, "OBJECTID": 322, "GLOBALID": "{90A6A493-7280-41DD-9EA6-CF7F65F48D7C}", "CREATED": null, "EDITED": "2021-11-12T22:42:27Z" }, "geometry": { "type": "Point", "coordinates": [ -76.98523472189909, 38.866862239990965 ] } },
{ "type": "Feature", "properties": { "STREETJUNCTIONID": 4223, "STREETSEGID": 1445, "FACILITYID": "296", "CAMERAID": 296, "POLEID": 23922, "CAMERATYPE": "CCTV", "OWNER": 1, "GIS_ID": "TrafficCamera_323", "SE_ANNO_CAD_DATA": null, "OBJECTID": 323, "GLOBALID": "{DC01E0A4-1C07-4116-9435-278DC0A875A0}", "CREATED": null, "EDITED": "2021-11-12T22:42:27Z" }, "geometry": { "type": "Point", "coordinates": [ -76.951257447225345, 38.865486613565032 ] } },
{ "type": "Feature", "properties": { "STREETJUNCTIONID": 3268, "STREETSEGID": 2796, "FACILITYID": "151", "CAMERAID": 151, "POLEID": 24177, "CAMERATYPE": "CCTV", "OWNER": 1, "GIS_ID": "TrafficCamera_324", "SE_ANNO_CAD_DATA": null, "OBJECTID": 324, "GLOBALID": "{EB7EBC53-B650-47E8-BBFA-EEFB8F5EF2EC}", "CREATED": null, "EDITED": "2021-11-12T22:42:27Z" }, "geometry": { "type": "Point", "coordinates": [ -77.012274024486004, 38.864698049301516 ] } },
{ "type": "Feature", "properties": { "STREETJUNCTIONID": 6436, "STREETSEGID": 12972, "FACILITYID": "152", "CAMERAID": 152, "POLEID": 24177, "CAMERATYPE": "CCTV", "OWNER": 1, "GIS_ID": "TrafficCamera_325", "SE_ANNO_CAD_DATA": null, "OBJECTID": 325, "GLOBALID": "{045D2A41-F96A-483D-B094-27360270DD2E}", "CREATED": null, "EDITED": "2021-11-12T22:42:27Z" }, "geometry": { "type": "Point", "coordinates": [ -77.011182947463979, 38.864694015042716 ] } },
{ "type": "Feature", "properties": { "STREETJUNCTIONID": 3586, "STREETSEGID": 6978, "FACILITYID": "163", "CAMERAID": 163, "POLEID": 23864, "CAMERATYPE": "CCTV", "OWNER": 1, "GIS_ID": "TrafficCamera_326", "SE_ANNO_CAD_DATA": null, "OBJECTID": 326, "GLOBALID": "{58BE480E-9758-4553-BE87-F11BED591CEA}", "CREATED": null, "EDITED": "2021-11-12T22:42:27Z" }, "geometry": { "type": "Point", "coordinates": [ -76.946772668949592, 38.863618327552288 ] } },
{ "type": "Feature", "properties": { "STREETJUNCTIONID": 6965, "STREETSEGID": 3674, "FACILITYID": "335", "CAMERAID": 335, "POLEID": 26826, "CAMERATYPE": "CCTV", "OWNER": 1, "GIS_ID": "TrafficCamera_327", "SE_ANNO_CAD_DATA": null, "OBJECTID": 327, "GLOBALID": "{C3AD50FB-A2D0-4204-B58C-49C2F35EDE26}", "CREATED": null, "EDITED": "2021-11-12T22:42:27Z" }, "geometry": { "type": "Point", "coordinates": [ -76.997766444904869, 38.862500448341642 ] } },
{ "type": "Feature", "properties": { "STREETJUNCTIONID": 5973, "STREETSEGID": 11071, "FACILITYID": "298", "CAMERAID": 298, "POLEID": 25080, "CAMERATYPE": "CCTV", "OWNER": 1, "GIS_ID": "TrafficCamera_329", "SE_ANNO_CAD_DATA": null, "OBJECTID": 329, "GLOBALID": "{01F1BB6C-AEF0-42CB-9786-855D398D0D4B}", "CREATED": null, "EDITED": "2021-11-12T22:42:27Z" }, "geometry": { "type": "Point", "coordinates": [ -76.958896851048678, 38.862008916014908 ] } },
{ "type": "Feature", "properties": { "STREETJUNCTIONID": 2851, "STREETSEGID": 2769, "FACILITYID": "337", "CAMERAID": 337, "POLEID": 26849, "CAMERATYPE": "CCTV", "OWNER": 3, "GIS_ID": "TrafficCamera_330", "SE_ANNO_CAD_DATA": null, "OBJECTID": 330, "GLOBALID": "{AD4D962D-DCAC-4EF2-8E1F-DD6060A9B238}", "CREATED": null, "EDITED": "2021-11-12T22:42:27Z" }, "geometry": { "type": "Point", "coordinates": [ -76.998054715672907, 38.858327500183648 ] } },
{ "type": "Feature", "properties": { "STREETJUNCTIONID": 7467, "STREETSEGID": 13152, "FACILITYID": "332", "CAMERAID": 332, "POLEID": 26542, "CAMERATYPE": "CCTV", "OWNER": 3, "GIS_ID": "TrafficCamera_331", "SE_ANNO_CAD_DATA": null, "OBJECTID": 331, "GLOBALID": "{BDAEB833-2266-4C4E-89B2-D8E02CC8F57D}", "CREATED": null, "EDITED": "2021-11-12T22:42:27Z" }, "geometry": { "type": "Point", "coordinates": [ -76.971672626607244, 38.856926702293585 ] } },
{ "type": "Feature", "properties": { "STREETJUNCTIONID": 7542, "STREETSEGID": 4344, "FACILITYID": "338", "CAMERAID": 338, "POLEID": 26868, "CAMERATYPE": "CCTV", "OWNER": 3, "GIS_ID": "TrafficCamera_332", "SE_ANNO_CAD_DATA": null, "OBJECTID": 332, "GLOBALID": "{76E80D3E-41B5-48A7-8C90-ABE935A47A93}", "CREATED": null, "EDITED": "2021-11-12T22:42:27Z" }, "geometry": { "type": "Point", "coordinates": [ -76.996936919540616, 38.856871417270177 ] } },
{ "type": "Feature", "properties": { "STREETJUNCTIONID": 7522, "STREETSEGID": 5476, "FACILITYID": "334", "CAMERAID": 334, "POLEID": 25957, "CAMERATYPE": "CCTV", "OWNER": 3, "GIS_ID": "TrafficCamera_334", "SE_ANNO_CAD_DATA": null, "OBJECTID": 334, "GLOBALID": "{31368B81-4E11-4E9C-944F-663606BFFA4A}", "CREATED": null, "EDITED": "2021-11-12T22:42:27Z" }, "geometry": { "type": "Point", "coordinates": [ -76.987483273301478, 38.841983315195023 ] } },
{ "type": "Feature", "properties": { "STREETJUNCTIONID": 2970, "STREETSEGID": 13183, "FACILITYID": "330", "CAMERAID": 330, "POLEID": 25673, "CAMERATYPE": "CCTV", "OWNER": 3, "GIS_ID": "TrafficCamera_335", "SE_ANNO_CAD_DATA": null, "OBJECTID": 335, "GLOBALID": "{EA335AF1-929C-414D-B902-799B2A13E3BA}", "CREATED": null, "EDITED": "2021-11-12T22:42:27Z" }, "geometry": { "type": "Point", "coordinates": [ -76.988095499242945, 38.832723217907734 ] } },
{ "type": "Feature", "properties": { "STREETJUNCTIONID": 4912, "STREETSEGID": 11067, "FACILITYID": "328", "CAMERAID": 328, "POLEID": 25640, "CAMERATYPE": "CCTV", "OWNER": 1, "GIS_ID": "TrafficCamera_336", "SE_ANNO_CAD_DATA": null, "OBJECTID": 336, "GLOBALID": "{B96D81BF-81CF-4DBD-AB39-7CE2DA1BC4C7}", "CREATED": null, "EDITED": "2021-11-12T22:42:27Z" }, "geometry": { "type": "Point", "coordinates": [ -77.00759214125614, 38.831502939950269 ] } },
{ "type": "Feature", "properties": { "STREETJUNCTIONID": 7507, "STREETSEGID": 2760, "FACILITYID": "329", "CAMERAID": 329, "POLEID": 25657, "CAMERATYPE": "CCTV", "OWNER": 1, "GIS_ID": "TrafficCamera_337", "SE_ANNO_CAD_DATA": null, "OBJECTID": 337, "GLOBALID": "{2088EE14-A230-41A3-99CB-B2008538C09A}", "CREATED": null, "EDITED": "2021-11-12T22:42:27Z" }, "geometry": { "type": "Point", "coordinates": [ -76.990957243734741, 38.829190075356543 ] } },
{ "type": "Feature", "properties": { "STREETJUNCTIONID": 6966, "STREETSEGID": 1642, "FACILITYID": "327", "CAMERAID": 327, "POLEID": 28238, "CAMERATYPE": "CCTV", "OWNER": 3, "GIS_ID": "TrafficCamera_338", "SE_ANNO_CAD_DATA": null, "OBJECTID": 338, "GLOBALID": "{BD49C885-0460-404F-90C2-370EE821B0D5}", "CREATED": null, "EDITED": "2021-11-12T22:42:27Z" }, "geometry": { "type": "Point", "coordinates": [ -77.000731405187707, 38.826916937814708 ] } },
{ "type": "Feature", "properties": { "STREETJUNCTIONID": 632, "STREETSEGID": 8047, "FACILITYID": "326", "CAMERAID": 326, "POLEID": 25267, "CAMERATYPE": "CCTV", "OWNER": 1, "GIS_ID": "TrafficCamera_339", "SE_ANNO_CAD_DATA": null, "OBJECTID": 339, "GLOBALID": "{5A203032-0D00-47E0-A7DB-236E017B20BA}", "CREATED": null, "EDITED": "2021-11-12T22:42:27Z" }, "geometry": { "type": "Point", "coordinates": [ -77.001481707174634, 38.821241330271427 ] } }
]
}
