[debug] [2026-02-14T12:05:32.888Z] [Firebase Plugin] Activating Firebase extension.
[debug] [2026-02-14T12:05:48.712Z] [Firebase Plugin] requireAuthWrapper
[debug] [2026-02-14T12:05:48.713Z] > command requires scopes: ["email","openid","https://www.googleapis.com/auth/cloudplatformprojects.readonly","https://www.googleapis.com/auth/firebase","https://www.googleapis.com/auth/cloud-platform"]
[debug] [2026-02-14T12:05:48.714Z] > authorizing via signed-in user (ahmetsahinersf@gmail.com)
[debug] [2026-02-14T12:05:48.717Z] Checked if tokens are valid: false, expires at: 1770933166943
[debug] [2026-02-14T12:05:48.717Z] Checked if tokens are valid: false, expires at: 1770933166943
[debug] [2026-02-14T12:05:48.717Z] > refreshing access token with scopes: []
[debug] [2026-02-14T12:05:48.719Z] >>> [apiv2][query] POST https://www.googleapis.com/oauth2/v3/token [none]
[debug] [2026-02-14T12:05:48.719Z] >>> [apiv2][body] POST https://www.googleapis.com/oauth2/v3/token [omitted]
[debug] [2026-02-14T12:05:48.726Z] [Firebase Plugin] VSCode notification server listening on port 40001
[info] [Firebase Plugin] Starting Data Connect toolkit (version 3.1.1) on port 50001
[debug] [2026-02-14T12:05:49.220Z] 'fdc build' failed with error: Unable to build your Data Connect schema and connectors (exit code 1): E0214 04:05:49.218900   29942 cmd.go:43] Error loading data connect config: could not find dataconnect.yaml in `/data/projects/radar_tinder/dataconnect`
 {"metadata":{"emulator":{"name":"dataconnect"},"message":"'fdc build' failed with error: Unable to build your Data Connect schema and connectors (exit code 1): E0214 04:05:49.218900   29942 cmd.go:43] Error loading data connect config: could not find dataconnect.yaml in `/data/projects/radar_tinder/dataconnect`\n"}}
[debug] [2026-02-14T12:05:49.221Z] Ignoring unsupported arg: auto_download {"metadata":{"emulator":{"name":"dataconnect"},"message":"Ignoring unsupported arg: auto_download"}}
[debug] [2026-02-14T12:05:49.221Z] Ignoring unsupported arg: port {"metadata":{"emulator":{"name":"dataconnect"},"message":"Ignoring unsupported arg: port"}}
[debug] [2026-02-14T12:05:49.222Z] Starting Data Connect Emulator with command {"binary":"/home/asahiner/.cache/firebase/emulators/dataconnect-emulator-3.1.1","args":["--logtostderr","-v=2","dev","--listen=localhost:50001","--config_dir=/data/projects/radar_tinder/dataconnect","--enable_output_schema_extensions=true","--enable_output_generated_sdk=true"],"optionalArgs":["listen","config_dir","enable_output_schema_extensions","enable_output_generated_sdk"],"joinArgs":true,"shell":false,"port":9399} {"metadata":{"emulator":{"name":"dataconnect"},"message":"Starting Data Connect Emulator with command {\"binary\":\"/home/asahiner/.cache/firebase/emulators/dataconnect-emulator-3.1.1\",\"args\":[\"--logtostderr\",\"-v=2\",\"dev\",\"--listen=localhost:50001\",\"--config_dir=/data/projects/radar_tinder/dataconnect\",\"--enable_output_schema_extensions=true\",\"--enable_output_generated_sdk=true\"],\"optionalArgs\":[\"listen\",\"config_dir\",\"enable_output_schema_extensions\",\"enable_output_generated_sdk\"],\"joinArgs\":true,\"shell\":false,\"port\":9399}"}}
[info] i  dataconnect: Data Connect Emulator logging to dataconnect-debug.log {"metadata":{"emulator":{"name":"dataconnect"},"message":"Data Connect Emulator logging to dataconnect-debug.log"}}
[debug] [2026-02-14T12:05:49.319Z] E0214 04:05:49.249121   29952 dev.go:83] Failed to load initial config from "/data/projects/radar_tinder/dataconnect": could not find dataconnect.yaml in `/data/projects/radar_tinder/dataconnect`
E0214 04:05:49.249789   29952 watch.go:116] watchAllDir unable to walk dir `/data/projects/radar_tinder/dataconnect`: lstat /data/projects/radar_tinder/dataconnect: no such file or directory
I0214 04:05:49.250746   29952 dev.go:104] Listening on address (HTTP + gRPC): 127.0.0.1:50001
 {"metadata":{"emulator":{"name":"dataconnect"},"message":"E0214 04:05:49.249121   29952 dev.go:83] Failed to load initial config from \"/data/projects/radar_tinder/dataconnect\": could not find dataconnect.yaml in `/data/projects/radar_tinder/dataconnect`\nE0214 04:05:49.249789   29952 watch.go:116] watchAllDir unable to walk dir `/data/projects/radar_tinder/dataconnect`: lstat /data/projects/radar_tinder/dataconnect: no such file or directory\nI0214 04:05:49.250746   29952 dev.go:104] Listening on address (HTTP + gRPC): 127.0.0.1:50001\n"}}
[error] [Firebase Plugin] error:  {"path":"/data/projects/radar_tinder/dataconnect/dataconnect.yaml","error":{"name":"FirebaseError","children":[],"exit":1,"message":"Could not find \"dataconnect.yaml\" in \"/data/projects/radar_tinder/dataconnect\"","original":{"errno":-2,"code":"ENOENT","syscall":"open","path":"/data/projects/radar_tinder/dataconnect/dataconnect.yaml"},"status":500},"range":[{"line":0,"character":0},{"line":0,"character":0}]}
[debug] [2026-02-14T12:05:50.205Z] <<< [apiv2][status] POST https://www.googleapis.com/oauth2/v3/token 200
[debug] [2026-02-14T12:05:50.205Z] <<< [apiv2][body] POST https://www.googleapis.com/oauth2/v3/token [omitted]
[debug] [2026-02-14T12:05:50.227Z] [Firebase Plugin] User found:  ahmetsahinersf@gmail.com
[info] [Firebase Plugin] (Core:Project) New user detected, fetching projects
[debug] [2026-02-14T12:05:50.229Z] Checked if tokens are valid: true, expires at: 1771074349205
[debug] [2026-02-14T12:05:50.230Z] >>> [apiv2][query] GET https://firebase.googleapis.com/v1beta1/projects pageSize=1000
[debug] [2026-02-14T12:05:51.850Z] <<< [apiv2][status] GET https://firebase.googleapis.com/v1beta1/projects 200
[debug] [2026-02-14T12:05:51.850Z] <<< [apiv2][body] GET https://firebase.googleapis.com/v1beta1/projects [omitted]
[debug] [2026-02-14T12:05:59.254Z] E0214 04:05:59.254389   29952 watch.go:40] Failed to load config from "/data/projects/radar_tinder/dataconnect": could not find dataconnect.yaml in `/data/projects/radar_tinder/dataconnect`
 {"metadata":{"emulator":{"name":"dataconnect"},"message":"E0214 04:05:59.254389   29952 watch.go:40] Failed to load config from \"/data/projects/radar_tinder/dataconnect\": could not find dataconnect.yaml in `/data/projects/radar_tinder/dataconnect`\n"}}
[debug] [2026-02-14T12:06:09.254Z] E0214 04:06:09.253989   29952 watch.go:40] Failed to load config from "/data/projects/radar_tinder/dataconnect": could not find dataconnect.yaml in `/data/projects/radar_tinder/dataconnect`
 {"metadata":{"emulator":{"name":"dataconnect"},"message":"E0214 04:06:09.253989   29952 watch.go:40] Failed to load config from \"/data/projects/radar_tinder/dataconnect\": could not find dataconnect.yaml in `/data/projects/radar_tinder/dataconnect`\n"}}
[debug] [2026-02-14T12:06:19.254Z] E0214 04:06:19.254074   29952 watch.go:40] Failed to load config from "/data/projects/radar_tinder/dataconnect": could not find dataconnect.yaml in `/data/projects/radar_tinder/dataconnect`
 {"metadata":{"emulator":{"name":"dataconnect"},"message":"E0214 04:06:19.254074   29952 watch.go:40] Failed to load config from \"/data/projects/radar_tinder/dataconnect\": could not find dataconnect.yaml in `/data/projects/radar_tinder/dataconnect`\n"}}
[debug] [2026-02-14T12:06:29.259Z] E0214 04:06:29.259154   29952 watch.go:40] Failed to load config from "/data/projects/radar_tinder/dataconnect": could not find dataconnect.yaml in `/data/projects/radar_tinder/dataconnect`
 {"metadata":{"emulator":{"name":"dataconnect"},"message":"E0214 04:06:29.259154   29952 watch.go:40] Failed to load config from \"/data/projects/radar_tinder/dataconnect\": could not find dataconnect.yaml in `/data/projects/radar_tinder/dataconnect`\n"}}
[debug] [2026-02-14T12:06:39.258Z] E0214 04:06:39.258725   29952 watch.go:40] Failed to load config from "/data/projects/radar_tinder/dataconnect": could not find dataconnect.yaml in `/data/projects/radar_tinder/dataconnect`
 {"metadata":{"emulator":{"name":"dataconnect"},"message":"E0214 04:06:39.258725   29952 watch.go:40] Failed to load config from \"/data/projects/radar_tinder/dataconnect\": could not find dataconnect.yaml in `/data/projects/radar_tinder/dataconnect`\n"}}
[debug] [2026-02-14T12:06:49.253Z] E0214 04:06:49.253696   29952 watch.go:116] watchAllDir unable to walk dir `/data/projects/radar_tinder/dataconnect`: lstat /data/projects/radar_tinder/dataconnect: no such file or directory
E0214 04:06:49.253746   29952 watch.go:40] Failed to load config from "/data/projects/radar_tinder/dataconnect": could not find dataconnect.yaml in `/data/projects/radar_tinder/dataconnect`
 {"metadata":{"emulator":{"name":"dataconnect"},"message":"E0214 04:06:49.253696   29952 watch.go:116] watchAllDir unable to walk dir `/data/projects/radar_tinder/dataconnect`: lstat /data/projects/radar_tinder/dataconnect: no such file or directory\nE0214 04:06:49.253746   29952 watch.go:40] Failed to load config from \"/data/projects/radar_tinder/dataconnect\": could not find dataconnect.yaml in `/data/projects/radar_tinder/dataconnect`\n"}}
[debug] [2026-02-14T12:06:59.251Z] E0214 04:06:59.251355   29952 watch.go:40] Failed to load config from "/data/projects/radar_tinder/dataconnect": could not find dataconnect.yaml in `/data/projects/radar_tinder/dataconnect`
 {"metadata":{"emulator":{"name":"dataconnect"},"message":"E0214 04:06:59.251355   29952 watch.go:40] Failed to load config from \"/data/projects/radar_tinder/dataconnect\": could not find dataconnect.yaml in `/data/projects/radar_tinder/dataconnect`\n"}}
[debug] [2026-02-14T12:07:09.258Z] E0214 04:07:09.258749   29952 watch.go:40] Failed to load config from "/data/projects/radar_tinder/dataconnect": could not find dataconnect.yaml in `/data/projects/radar_tinder/dataconnect`
 {"metadata":{"emulator":{"name":"dataconnect"},"message":"E0214 04:07:09.258749   29952 watch.go:40] Failed to load config from \"/data/projects/radar_tinder/dataconnect\": could not find dataconnect.yaml in `/data/projects/radar_tinder/dataconnect`\n"}}
[debug] [2026-02-14T12:07:19.252Z] E0214 04:07:19.252529   29952 watch.go:40] Failed to load config from "/data/projects/radar_tinder/dataconnect": could not find dataconnect.yaml in `/data/projects/radar_tinder/dataconnect`
 {"metadata":{"emulator":{"name":"dataconnect"},"message":"E0214 04:07:19.252529   29952 watch.go:40] Failed to load config from \"/data/projects/radar_tinder/dataconnect\": could not find dataconnect.yaml in `/data/projects/radar_tinder/dataconnect`\n"}}
[debug] [2026-02-14T12:07:29.259Z] E0214 04:07:29.258792   29952 watch.go:40] Failed to load config from "/data/projects/radar_tinder/dataconnect": could not find dataconnect.yaml in `/data/projects/radar_tinder/dataconnect`
 {"metadata":{"emulator":{"name":"dataconnect"},"message":"E0214 04:07:29.258792   29952 watch.go:40] Failed to load config from \"/data/projects/radar_tinder/dataconnect\": could not find dataconnect.yaml in `/data/projects/radar_tinder/dataconnect`\n"}}
[debug] [2026-02-14T12:07:39.259Z] E0214 04:07:39.259367   29952 watch.go:40] Failed to load config from "/data/projects/radar_tinder/dataconnect": could not find dataconnect.yaml in `/data/projects/radar_tinder/dataconnect`
 {"metadata":{"emulator":{"name":"dataconnect"},"message":"E0214 04:07:39.259367   29952 watch.go:40] Failed to load config from \"/data/projects/radar_tinder/dataconnect\": could not find dataconnect.yaml in `/data/projects/radar_tinder/dataconnect`\n"}}
[debug] [2026-02-14T12:07:49.252Z] E0214 04:07:49.252707   29952 watch.go:116] watchAllDir unable to walk dir `/data/projects/radar_tinder/dataconnect`: lstat /data/projects/radar_tinder/dataconnect: no such file or directory
E0214 04:07:49.252724   29952 watch.go:40] Failed to load config from "/data/projects/radar_tinder/dataconnect": could not find dataconnect.yaml in `/data/projects/radar_tinder/dataconnect`
 {"metadata":{"emulator":{"name":"dataconnect"},"message":"E0214 04:07:49.252707   29952 watch.go:116] watchAllDir unable to walk dir `/data/projects/radar_tinder/dataconnect`: lstat /data/projects/radar_tinder/dataconnect: no such file or directory\nE0214 04:07:49.252724   29952 watch.go:40] Failed to load config from \"/data/projects/radar_tinder/dataconnect\": could not find dataconnect.yaml in `/data/projects/radar_tinder/dataconnect`\n"}}
[debug] [2026-02-14T12:07:59.250Z] E0214 04:07:59.250195   29952 watch.go:40] Failed to load config from "/data/projects/radar_tinder/dataconnect": could not find dataconnect.yaml in `/data/projects/radar_tinder/dataconnect`
 {"metadata":{"emulator":{"name":"dataconnect"},"message":"E0214 04:07:59.250195   29952 watch.go:40] Failed to load config from \"/data/projects/radar_tinder/dataconnect\": could not find dataconnect.yaml in `/data/projects/radar_tinder/dataconnect`\n"}}
[debug] [2026-02-14T12:08:09.250Z] E0214 04:08:09.249969   29952 watch.go:40] Failed to load config from "/data/projects/radar_tinder/dataconnect": could not find dataconnect.yaml in `/data/projects/radar_tinder/dataconnect`
 {"metadata":{"emulator":{"name":"dataconnect"},"message":"E0214 04:08:09.249969   29952 watch.go:40] Failed to load config from \"/data/projects/radar_tinder/dataconnect\": could not find dataconnect.yaml in `/data/projects/radar_tinder/dataconnect`\n"}}
[debug] [2026-02-14T12:08:19.253Z] E0214 04:08:19.253744   29952 watch.go:40] Failed to load config from "/data/projects/radar_tinder/dataconnect": could not find dataconnect.yaml in `/data/projects/radar_tinder/dataconnect`
 {"metadata":{"emulator":{"name":"dataconnect"},"message":"E0214 04:08:19.253744   29952 watch.go:40] Failed to load config from \"/data/projects/radar_tinder/dataconnect\": could not find dataconnect.yaml in `/data/projects/radar_tinder/dataconnect`\n"}}
[debug] [2026-02-14T12:08:29.260Z] E0214 04:08:29.259718   29952 watch.go:40] Failed to load config from "/data/projects/radar_tinder/dataconnect": could not find dataconnect.yaml in `/data/projects/radar_tinder/dataconnect`
 {"metadata":{"emulator":{"name":"dataconnect"},"message":"E0214 04:08:29.259718   29952 watch.go:40] Failed to load config from \"/data/projects/radar_tinder/dataconnect\": could not find dataconnect.yaml in `/data/projects/radar_tinder/dataconnect`\n"}}
[debug] [2026-02-14T12:08:39.259Z] E0214 04:08:39.259704   29952 watch.go:40] Failed to load config from "/data/projects/radar_tinder/dataconnect": could not find dataconnect.yaml in `/data/projects/radar_tinder/dataconnect`
 {"metadata":{"emulator":{"name":"dataconnect"},"message":"E0214 04:08:39.259704   29952 watch.go:40] Failed to load config from \"/data/projects/radar_tinder/dataconnect\": could not find dataconnect.yaml in `/data/projects/radar_tinder/dataconnect`\n"}}
[debug] [2026-02-14T12:08:49.254Z] E0214 04:08:49.253828   29952 watch.go:116] watchAllDir unable to walk dir `/data/projects/radar_tinder/dataconnect`: lstat /data/projects/radar_tinder/dataconnect: no such file or directory
E0214 04:08:49.253860   29952 watch.go:40] Failed to load config from "/data/projects/radar_tinder/dataconnect": could not find dataconnect.yaml in `/data/projects/radar_tinder/dataconnect`
 {"metadata":{"emulator":{"name":"dataconnect"},"message":"E0214 04:08:49.253828   29952 watch.go:116] watchAllDir unable to walk dir `/data/projects/radar_tinder/dataconnect`: lstat /data/projects/radar_tinder/dataconnect: no such file or directory\nE0214 04:08:49.253860   29952 watch.go:40] Failed to load config from \"/data/projects/radar_tinder/dataconnect\": could not find dataconnect.yaml in `/data/projects/radar_tinder/dataconnect`\n"}}
[debug] [2026-02-14T12:08:59.258Z] E0214 04:08:59.258748   29952 watch.go:40] Failed to load config from "/data/projects/radar_tinder/dataconnect": could not find dataconnect.yaml in `/data/projects/radar_tinder/dataconnect`
 {"metadata":{"emulator":{"name":"dataconnect"},"message":"E0214 04:08:59.258748   29952 watch.go:40] Failed to load config from \"/data/projects/radar_tinder/dataconnect\": could not find dataconnect.yaml in `/data/projects/radar_tinder/dataconnect`\n"}}
[debug] [2026-02-14T12:09:09.259Z] E0214 04:09:09.259731   29952 watch.go:40] Failed to load config from "/data/projects/radar_tinder/dataconnect": could not find dataconnect.yaml in `/data/projects/radar_tinder/dataconnect`
 {"metadata":{"emulator":{"name":"dataconnect"},"message":"E0214 04:09:09.259731   29952 watch.go:40] Failed to load config from \"/data/projects/radar_tinder/dataconnect\": could not find dataconnect.yaml in `/data/projects/radar_tinder/dataconnect`\n"}}
[debug] [2026-02-14T12:09:19.250Z] E0214 04:09:19.250639   29952 watch.go:40] Failed to load config from "/data/projects/radar_tinder/dataconnect": could not find dataconnect.yaml in `/data/projects/radar_tinder/dataconnect`
 {"metadata":{"emulator":{"name":"dataconnect"},"message":"E0214 04:09:19.250639   29952 watch.go:40] Failed to load config from \"/data/projects/radar_tinder/dataconnect\": could not find dataconnect.yaml in `/data/projects/radar_tinder/dataconnect`\n"}}
[debug] [2026-02-14T12:09:29.259Z] E0214 04:09:29.258728   29952 watch.go:40] Failed to load config from "/data/projects/radar_tinder/dataconnect": could not find dataconnect.yaml in `/data/projects/radar_tinder/dataconnect`
 {"metadata":{"emulator":{"name":"dataconnect"},"message":"E0214 04:09:29.258728   29952 watch.go:40] Failed to load config from \"/data/projects/radar_tinder/dataconnect\": could not find dataconnect.yaml in `/data/projects/radar_tinder/dataconnect`\n"}}
[debug] [2026-02-14T12:09:39.260Z] E0214 04:09:39.259772   29952 watch.go:40] Failed to load config from "/data/projects/radar_tinder/dataconnect": could not find dataconnect.yaml in `/data/projects/radar_tinder/dataconnect`
 {"metadata":{"emulator":{"name":"dataconnect"},"message":"E0214 04:09:39.259772   29952 watch.go:40] Failed to load config from \"/data/projects/radar_tinder/dataconnect\": could not find dataconnect.yaml in `/data/projects/radar_tinder/dataconnect`\n"}}
[debug] [2026-02-14T12:09:49.251Z] E0214 04:09:49.250693   29952 watch.go:116] watchAllDir unable to walk dir `/data/projects/radar_tinder/dataconnect`: lstat /data/projects/radar_tinder/dataconnect: no such file or directory
E0214 04:09:49.250784   29952 watch.go:40] Failed to load config from "/data/projects/radar_tinder/dataconnect": could not find dataconnect.yaml in `/data/projects/radar_tinder/dataconnect`
 {"metadata":{"emulator":{"name":"dataconnect"},"message":"E0214 04:09:49.250693   29952 watch.go:116] watchAllDir unable to walk dir `/data/projects/radar_tinder/dataconnect`: lstat /data/projects/radar_tinder/dataconnect: no such file or directory\nE0214 04:09:49.250784   29952 watch.go:40] Failed to load config from \"/data/projects/radar_tinder/dataconnect\": could not find dataconnect.yaml in `/data/projects/radar_tinder/dataconnect`\n"}}
[debug] [2026-02-14T12:09:59.251Z] E0214 04:09:59.251267   29952 watch.go:40] Failed to load config from "/data/projects/radar_tinder/dataconnect": could not find dataconnect.yaml in `/data/projects/radar_tinder/dataconnect`
 {"metadata":{"emulator":{"name":"dataconnect"},"message":"E0214 04:09:59.251267   29952 watch.go:40] Failed to load config from \"/data/projects/radar_tinder/dataconnect\": could not find dataconnect.yaml in `/data/projects/radar_tinder/dataconnect`\n"}}
[debug] [2026-02-14T12:10:09.250Z] E0214 04:10:09.250221   29952 watch.go:40] Failed to load config from "/data/projects/radar_tinder/dataconnect": could not find dataconnect.yaml in `/data/projects/radar_tinder/dataconnect`
 {"metadata":{"emulator":{"name":"dataconnect"},"message":"E0214 04:10:09.250221   29952 watch.go:40] Failed to load config from \"/data/projects/radar_tinder/dataconnect\": could not find dataconnect.yaml in `/data/projects/radar_tinder/dataconnect`\n"}}
[debug] [2026-02-14T12:10:19.251Z] E0214 04:10:19.251334   29952 watch.go:40] Failed to load config from "/data/projects/radar_tinder/dataconnect": could not find dataconnect.yaml in `/data/projects/radar_tinder/dataconnect`
 {"metadata":{"emulator":{"name":"dataconnect"},"message":"E0214 04:10:19.251334   29952 watch.go:40] Failed to load config from \"/data/projects/radar_tinder/dataconnect\": could not find dataconnect.yaml in `/data/projects/radar_tinder/dataconnect`\n"}}
[debug] [2026-02-14T12:10:29.257Z] E0214 04:10:29.257745   29952 watch.go:40] Failed to load config from "/data/projects/radar_tinder/dataconnect": could not find dataconnect.yaml in `/data/projects/radar_tinder/dataconnect`
 {"metadata":{"emulator":{"name":"dataconnect"},"message":"E0214 04:10:29.257745   29952 watch.go:40] Failed to load config from \"/data/projects/radar_tinder/dataconnect\": could not find dataconnect.yaml in `/data/projects/radar_tinder/dataconnect`\n"}}
[debug] [2026-02-14T12:10:39.260Z] E0214 04:10:39.259873   29952 watch.go:40] Failed to load config from "/data/projects/radar_tinder/dataconnect": could not find dataconnect.yaml in `/data/projects/radar_tinder/dataconnect`
 {"metadata":{"emulator":{"name":"dataconnect"},"message":"E0214 04:10:39.259873   29952 watch.go:40] Failed to load config from \"/data/projects/radar_tinder/dataconnect\": could not find dataconnect.yaml in `/data/projects/radar_tinder/dataconnect`\n"}}
[debug] [2026-02-14T12:10:49.254Z] E0214 04:10:49.253927   29952 watch.go:116] watchAllDir unable to walk dir `/data/projects/radar_tinder/dataconnect`: lstat /data/projects/radar_tinder/dataconnect: no such file or directory
E0214 04:10:49.253952   29952 watch.go:40] Failed to load config from "/data/projects/radar_tinder/dataconnect": could not find dataconnect.yaml in `/data/projects/radar_tinder/dataconnect`
 {"metadata":{"emulator":{"name":"dataconnect"},"message":"E0214 04:10:49.253927   29952 watch.go:116] watchAllDir unable to walk dir `/data/projects/radar_tinder/dataconnect`: lstat /data/projects/radar_tinder/dataconnect: no such file or directory\nE0214 04:10:49.253952   29952 watch.go:40] Failed to load config from \"/data/projects/radar_tinder/dataconnect\": could not find dataconnect.yaml in `/data/projects/radar_tinder/dataconnect`\n"}}
[debug] [2026-02-14T12:10:59.251Z] E0214 04:10:59.251282   29952 watch.go:40] Failed to load config from "/data/projects/radar_tinder/dataconnect": could not find dataconnect.yaml in `/data/projects/radar_tinder/dataconnect`
 {"metadata":{"emulator":{"name":"dataconnect"},"message":"E0214 04:10:59.251282   29952 watch.go:40] Failed to load config from \"/data/projects/radar_tinder/dataconnect\": could not find dataconnect.yaml in `/data/projects/radar_tinder/dataconnect`\n"}}
[debug] [2026-02-14T12:11:09.258Z] E0214 04:11:09.258707   29952 watch.go:40] Failed to load config from "/data/projects/radar_tinder/dataconnect": could not find dataconnect.yaml in `/data/projects/radar_tinder/dataconnect`
 {"metadata":{"emulator":{"name":"dataconnect"},"message":"E0214 04:11:09.258707   29952 watch.go:40] Failed to load config from \"/data/projects/radar_tinder/dataconnect\": could not find dataconnect.yaml in `/data/projects/radar_tinder/dataconnect`\n"}}
[debug] [2026-02-14T12:11:19.254Z] E0214 04:11:19.253751   29952 watch.go:40] Failed to load config from "/data/projects/radar_tinder/dataconnect": could not find dataconnect.yaml in `/data/projects/radar_tinder/dataconnect`
 {"metadata":{"emulator":{"name":"dataconnect"},"message":"E0214 04:11:19.253751   29952 watch.go:40] Failed to load config from \"/data/projects/radar_tinder/dataconnect\": could not find dataconnect.yaml in `/data/projects/radar_tinder/dataconnect`\n"}}
[debug] [2026-02-14T12:11:29.260Z] E0214 04:11:29.259866   29952 watch.go:40] Failed to load config from "/data/projects/radar_tinder/dataconnect": could not find dataconnect.yaml in `/data/projects/radar_tinder/dataconnect`
 {"metadata":{"emulator":{"name":"dataconnect"},"message":"E0214 04:11:29.259866   29952 watch.go:40] Failed to load config from \"/data/projects/radar_tinder/dataconnect\": could not find dataconnect.yaml in `/data/projects/radar_tinder/dataconnect`\n"}}
[debug] [2026-02-14T12:11:39.254Z] E0214 04:11:39.253884   29952 watch.go:40] Failed to load config from "/data/projects/radar_tinder/dataconnect": could not find dataconnect.yaml in `/data/projects/radar_tinder/dataconnect`
 {"metadata":{"emulator":{"name":"dataconnect"},"message":"E0214 04:11:39.253884   29952 watch.go:40] Failed to load config from \"/data/projects/radar_tinder/dataconnect\": could not find dataconnect.yaml in `/data/projects/radar_tinder/dataconnect`\n"}}
[debug] [2026-02-14T12:11:49.250Z] E0214 04:11:49.250686   29952 watch.go:116] watchAllDir unable to walk dir `/data/projects/radar_tinder/dataconnect`: lstat /data/projects/radar_tinder/dataconnect: no such file or directory
E0214 04:11:49.250717   29952 watch.go:40] Failed to load config from "/data/projects/radar_tinder/dataconnect": could not find dataconnect.yaml in `/data/projects/radar_tinder/dataconnect`
 {"metadata":{"emulator":{"name":"dataconnect"},"message":"E0214 04:11:49.250686   29952 watch.go:116] watchAllDir unable to walk dir `/data/projects/radar_tinder/dataconnect`: lstat /data/projects/radar_tinder/dataconnect: no such file or directory\nE0214 04:11:49.250717   29952 watch.go:40] Failed to load config from \"/data/projects/radar_tinder/dataconnect\": could not find dataconnect.yaml in `/data/projects/radar_tinder/dataconnect`\n"}}
[debug] [2026-02-14T12:11:59.251Z] E0214 04:11:59.251304   29952 watch.go:40] Failed to load config from "/data/projects/radar_tinder/dataconnect": could not find dataconnect.yaml in `/data/projects/radar_tinder/dataconnect`
 {"metadata":{"emulator":{"name":"dataconnect"},"message":"E0214 04:11:59.251304   29952 watch.go:40] Failed to load config from \"/data/projects/radar_tinder/dataconnect\": could not find dataconnect.yaml in `/data/projects/radar_tinder/dataconnect`\n"}}
[debug] [2026-02-14T12:12:09.259Z] E0214 04:12:09.259024   29952 watch.go:40] Failed to load config from "/data/projects/radar_tinder/dataconnect": could not find dataconnect.yaml in `/data/projects/radar_tinder/dataconnect`
 {"metadata":{"emulator":{"name":"dataconnect"},"message":"E0214 04:12:09.259024   29952 watch.go:40] Failed to load config from \"/data/projects/radar_tinder/dataconnect\": could not find dataconnect.yaml in `/data/projects/radar_tinder/dataconnect`\n"}}
[debug] [2026-02-14T12:12:19.252Z] E0214 04:12:19.252727   29952 watch.go:40] Failed to load config from "/data/projects/radar_tinder/dataconnect": could not find dataconnect.yaml in `/data/projects/radar_tinder/dataconnect`
 {"metadata":{"emulator":{"name":"dataconnect"},"message":"E0214 04:12:19.252727   29952 watch.go:40] Failed to load config from \"/data/projects/radar_tinder/dataconnect\": could not find dataconnect.yaml in `/data/projects/radar_tinder/dataconnect`\n"}}
[debug] [2026-02-14T12:12:29.250Z] E0214 04:12:29.250073   29952 watch.go:40] Failed to load config from "/data/projects/radar_tinder/dataconnect": could not find dataconnect.yaml in `/data/projects/radar_tinder/dataconnect`
 {"metadata":{"emulator":{"name":"dataconnect"},"message":"E0214 04:12:29.250073   29952 watch.go:40] Failed to load config from \"/data/projects/radar_tinder/dataconnect\": could not find dataconnect.yaml in `/data/projects/radar_tinder/dataconnect`\n"}}
[debug] [2026-02-14T12:12:39.260Z] E0214 04:12:39.259795   29952 watch.go:40] Failed to load config from "/data/projects/radar_tinder/dataconnect": could not find dataconnect.yaml in `/data/projects/radar_tinder/dataconnect`
 {"metadata":{"emulator":{"name":"dataconnect"},"message":"E0214 04:12:39.259795   29952 watch.go:40] Failed to load config from \"/data/projects/radar_tinder/dataconnect\": could not find dataconnect.yaml in `/data/projects/radar_tinder/dataconnect`\n"}}
[debug] [2026-02-14T12:12:49.250Z] E0214 04:12:49.249902   29952 watch.go:116] watchAllDir unable to walk dir `/data/projects/radar_tinder/dataconnect`: lstat /data/projects/radar_tinder/dataconnect: no such file or directory
E0214 04:12:49.249971   29952 watch.go:40] Failed to load config from "/data/projects/radar_tinder/dataconnect": could not find dataconnect.yaml in `/data/projects/radar_tinder/dataconnect`
 {"metadata":{"emulator":{"name":"dataconnect"},"message":"E0214 04:12:49.249902   29952 watch.go:116] watchAllDir unable to walk dir `/data/projects/radar_tinder/dataconnect`: lstat /data/projects/radar_tinder/dataconnect: no such file or directory\nE0214 04:12:49.249971   29952 watch.go:40] Failed to load config from \"/data/projects/radar_tinder/dataconnect\": could not find dataconnect.yaml in `/data/projects/radar_tinder/dataconnect`\n"}}
[debug] [2026-02-14T12:12:59.258Z] E0214 04:12:59.258705   29952 watch.go:40] Failed to load config from "/data/projects/radar_tinder/dataconnect": could not find dataconnect.yaml in `/data/projects/radar_tinder/dataconnect`
 {"metadata":{"emulator":{"name":"dataconnect"},"message":"E0214 04:12:59.258705   29952 watch.go:40] Failed to load config from \"/data/projects/radar_tinder/dataconnect\": could not find dataconnect.yaml in `/data/projects/radar_tinder/dataconnect`\n"}}
[debug] [2026-02-14T12:13:09.260Z] E0214 04:13:09.259801   29952 watch.go:40] Failed to load config from "/data/projects/radar_tinder/dataconnect": could not find dataconnect.yaml in `/data/projects/radar_tinder/dataconnect`
 {"metadata":{"emulator":{"name":"dataconnect"},"message":"E0214 04:13:09.259801   29952 watch.go:40] Failed to load config from \"/data/projects/radar_tinder/dataconnect\": could not find dataconnect.yaml in `/data/projects/radar_tinder/dataconnect`\n"}}
[debug] [2026-02-14T12:13:19.254Z] E0214 04:13:19.253850   29952 watch.go:40] Failed to load config from "/data/projects/radar_tinder/dataconnect": could not find dataconnect.yaml in `/data/projects/radar_tinder/dataconnect`
 {"metadata":{"emulator":{"name":"dataconnect"},"message":"E0214 04:13:19.253850   29952 watch.go:40] Failed to load config from \"/data/projects/radar_tinder/dataconnect\": could not find dataconnect.yaml in `/data/projects/radar_tinder/dataconnect`\n"}}
[debug] [2026-02-14T12:13:29.260Z] E0214 04:13:29.259976   29952 watch.go:40] Failed to load config from "/data/projects/radar_tinder/dataconnect": could not find dataconnect.yaml in `/data/projects/radar_tinder/dataconnect`
 {"metadata":{"emulator":{"name":"dataconnect"},"message":"E0214 04:13:29.259976   29952 watch.go:40] Failed to load config from \"/data/projects/radar_tinder/dataconnect\": could not find dataconnect.yaml in `/data/projects/radar_tinder/dataconnect`\n"}}
[debug] [2026-02-14T12:13:39.259Z] E0214 04:13:39.259140   29952 watch.go:40] Failed to load config from "/data/projects/radar_tinder/dataconnect": could not find dataconnect.yaml in `/data/projects/radar_tinder/dataconnect`
 {"metadata":{"emulator":{"name":"dataconnect"},"message":"E0214 04:13:39.259140   29952 watch.go:40] Failed to load config from \"/data/projects/radar_tinder/dataconnect\": could not find dataconnect.yaml in `/data/projects/radar_tinder/dataconnect`\n"}}
[debug] [2026-02-14T12:13:49.250Z] E0214 04:13:49.249964   29952 watch.go:116] watchAllDir unable to walk dir `/data/projects/radar_tinder/dataconnect`: lstat /data/projects/radar_tinder/dataconnect: no such file or directory
E0214 04:13:49.249983   29952 watch.go:40] Failed to load config from "/data/projects/radar_tinder/dataconnect": could not find dataconnect.yaml in `/data/projects/radar_tinder/dataconnect`
 {"metadata":{"emulator":{"name":"dataconnect"},"message":"E0214 04:13:49.249964   29952 watch.go:116] watchAllDir unable to walk dir `/data/projects/radar_tinder/dataconnect`: lstat /data/projects/radar_tinder/dataconnect: no such file or directory\nE0214 04:13:49.249983   29952 watch.go:40] Failed to load config from \"/data/projects/radar_tinder/dataconnect\": could not find dataconnect.yaml in `/data/projects/radar_tinder/dataconnect`\n"}}
[debug] [2026-02-14T12:13:59.259Z] E0214 04:13:59.258754   29952 watch.go:40] Failed to load config from "/data/projects/radar_tinder/dataconnect": could not find dataconnect.yaml in `/data/projects/radar_tinder/dataconnect`
 {"metadata":{"emulator":{"name":"dataconnect"},"message":"E0214 04:13:59.258754   29952 watch.go:40] Failed to load config from \"/data/projects/radar_tinder/dataconnect\": could not find dataconnect.yaml in `/data/projects/radar_tinder/dataconnect`\n"}}
[debug] [2026-02-14T12:14:09.258Z] E0214 04:14:09.258726   29952 watch.go:40] Failed to load config from "/data/projects/radar_tinder/dataconnect": could not find dataconnect.yaml in `/data/projects/radar_tinder/dataconnect`
 {"metadata":{"emulator":{"name":"dataconnect"},"message":"E0214 04:14:09.258726   29952 watch.go:40] Failed to load config from \"/data/projects/radar_tinder/dataconnect\": could not find dataconnect.yaml in `/data/projects/radar_tinder/dataconnect`\n"}}
[debug] [2026-02-14T12:14:19.250Z] E0214 04:14:19.250628   29952 watch.go:40] Failed to load config from "/data/projects/radar_tinder/dataconnect": could not find dataconnect.yaml in `/data/projects/radar_tinder/dataconnect`
 {"metadata":{"emulator":{"name":"dataconnect"},"message":"E0214 04:14:19.250628   29952 watch.go:40] Failed to load config from \"/data/projects/radar_tinder/dataconnect\": could not find dataconnect.yaml in `/data/projects/radar_tinder/dataconnect`\n"}}
[debug] [2026-02-14T12:14:29.251Z] E0214 04:14:29.250777   29952 watch.go:40] Failed to load config from "/data/projects/radar_tinder/dataconnect": could not find dataconnect.yaml in `/data/projects/radar_tinder/dataconnect`
 {"metadata":{"emulator":{"name":"dataconnect"},"message":"E0214 04:14:29.250777   29952 watch.go:40] Failed to load config from \"/data/projects/radar_tinder/dataconnect\": could not find dataconnect.yaml in `/data/projects/radar_tinder/dataconnect`\n"}}
[debug] [2026-02-14T12:14:39.250Z] E0214 04:14:39.250009   29952 watch.go:40] Failed to load config from "/data/projects/radar_tinder/dataconnect": could not find dataconnect.yaml in `/data/projects/radar_tinder/dataconnect`
 {"metadata":{"emulator":{"name":"dataconnect"},"message":"E0214 04:14:39.250009   29952 watch.go:40] Failed to load config from \"/data/projects/radar_tinder/dataconnect\": could not find dataconnect.yaml in `/data/projects/radar_tinder/dataconnect`\n"}}
[debug] [2026-02-14T12:14:49.253Z] E0214 04:14:49.253689   29952 watch.go:116] watchAllDir unable to walk dir `/data/projects/radar_tinder/dataconnect`: lstat /data/projects/radar_tinder/dataconnect: no such file or directory
E0214 04:14:49.253732   29952 watch.go:40] Failed to load config from "/data/projects/radar_tinder/dataconnect": could not find dataconnect.yaml in `/data/projects/radar_tinder/dataconnect`
 {"metadata":{"emulator":{"name":"dataconnect"},"message":"E0214 04:14:49.253689   29952 watch.go:116] watchAllDir unable to walk dir `/data/projects/radar_tinder/dataconnect`: lstat /data/projects/radar_tinder/dataconnect: no such file or directory\nE0214 04:14:49.253732   29952 watch.go:40] Failed to load config from \"/data/projects/radar_tinder/dataconnect\": could not find dataconnect.yaml in `/data/projects/radar_tinder/dataconnect`\n"}}
[debug] [2026-02-14T12:14:59.259Z] E0214 04:14:59.259716   29952 watch.go:40] Failed to load config from "/data/projects/radar_tinder/dataconnect": could not find dataconnect.yaml in `/data/projects/radar_tinder/dataconnect`
 {"metadata":{"emulator":{"name":"dataconnect"},"message":"E0214 04:14:59.259716   29952 watch.go:40] Failed to load config from \"/data/projects/radar_tinder/dataconnect\": could not find dataconnect.yaml in `/data/projects/radar_tinder/dataconnect`\n"}}
[debug] [2026-02-14T12:15:09.260Z] E0214 04:15:09.259801   29952 watch.go:40] Failed to load config from "/data/projects/radar_tinder/dataconnect": could not find dataconnect.yaml in `/data/projects/radar_tinder/dataconnect`
 {"metadata":{"emulator":{"name":"dataconnect"},"message":"E0214 04:15:09.259801   29952 watch.go:40] Failed to load config from \"/data/projects/radar_tinder/dataconnect\": could not find dataconnect.yaml in `/data/projects/radar_tinder/dataconnect`\n"}}
[debug] [2026-02-14T12:15:19.254Z] E0214 04:15:19.254141   29952 watch.go:40] Failed to load config from "/data/projects/radar_tinder/dataconnect": could not find dataconnect.yaml in `/data/projects/radar_tinder/dataconnect`
 {"metadata":{"emulator":{"name":"dataconnect"},"message":"E0214 04:15:19.254141   29952 watch.go:40] Failed to load config from \"/data/projects/radar_tinder/dataconnect\": could not find dataconnect.yaml in `/data/projects/radar_tinder/dataconnect`\n"}}
[debug] [2026-02-14T12:15:29.258Z] E0214 04:15:29.258712   29952 watch.go:40] Failed to load config from "/data/projects/radar_tinder/dataconnect": could not find dataconnect.yaml in `/data/projects/radar_tinder/dataconnect`
 {"metadata":{"emulator":{"name":"dataconnect"},"message":"E0214 04:15:29.258712   29952 watch.go:40] Failed to load config from \"/data/projects/radar_tinder/dataconnect\": could not find dataconnect.yaml in `/data/projects/radar_tinder/dataconnect`\n"}}
[debug] [2026-02-14T12:15:39.255Z] E0214 04:15:39.254778   29952 watch.go:40] Failed to load config from "/data/projects/radar_tinder/dataconnect": could not find dataconnect.yaml in `/data/projects/radar_tinder/dataconnect`
 {"metadata":{"emulator":{"name":"dataconnect"},"message":"E0214 04:15:39.254778   29952 watch.go:40] Failed to load config from \"/data/projects/radar_tinder/dataconnect\": could not find dataconnect.yaml in `/data/projects/radar_tinder/dataconnect`\n"}}
[debug] [2026-02-14T12:15:49.250Z] E0214 04:15:49.250114   29952 watch.go:116] watchAllDir unable to walk dir `/data/projects/radar_tinder/dataconnect`: lstat /data/projects/radar_tinder/dataconnect: no such file or directory
E0214 04:15:49.250212   29952 watch.go:40] Failed to load config from "/data/projects/radar_tinder/dataconnect": could not find dataconnect.yaml in `/data/projects/radar_tinder/dataconnect`
 {"metadata":{"emulator":{"name":"dataconnect"},"message":"E0214 04:15:49.250114   29952 watch.go:116] watchAllDir unable to walk dir `/data/projects/radar_tinder/dataconnect`: lstat /data/projects/radar_tinder/dataconnect: no such file or directory\nE0214 04:15:49.250212   29952 watch.go:40] Failed to load config from \"/data/projects/radar_tinder/dataconnect\": could not find dataconnect.yaml in `/data/projects/radar_tinder/dataconnect`\n"}}
[debug] [2026-02-14T12:15:59.258Z] E0214 04:15:59.258710   29952 watch.go:40] Failed to load config from "/data/projects/radar_tinder/dataconnect": could not find dataconnect.yaml in `/data/projects/radar_tinder/dataconnect`
 {"metadata":{"emulator":{"name":"dataconnect"},"message":"E0214 04:15:59.258710   29952 watch.go:40] Failed to load config from \"/data/projects/radar_tinder/dataconnect\": could not find dataconnect.yaml in `/data/projects/radar_tinder/dataconnect`\n"}}
[debug] [2026-02-14T12:16:09.259Z] E0214 04:16:09.259745   29952 watch.go:40] Failed to load config from "/data/projects/radar_tinder/dataconnect": could not find dataconnect.yaml in `/data/projects/radar_tinder/dataconnect`
 {"metadata":{"emulator":{"name":"dataconnect"},"message":"E0214 04:16:09.259745   29952 watch.go:40] Failed to load config from \"/data/projects/radar_tinder/dataconnect\": could not find dataconnect.yaml in `/data/projects/radar_tinder/dataconnect`\n"}}
[debug] [2026-02-14T12:16:19.253Z] E0214 04:16:19.253738   29952 watch.go:40] Failed to load config from "/data/projects/radar_tinder/dataconnect": could not find dataconnect.yaml in `/data/projects/radar_tinder/dataconnect`
 {"metadata":{"emulator":{"name":"dataconnect"},"message":"E0214 04:16:19.253738   29952 watch.go:40] Failed to load config from \"/data/projects/radar_tinder/dataconnect\": could not find dataconnect.yaml in `/data/projects/radar_tinder/dataconnect`\n"}}
[debug] [2026-02-14T12:16:29.254Z] E0214 04:16:29.254165   29952 watch.go:40] Failed to load config from "/data/projects/radar_tinder/dataconnect": could not find dataconnect.yaml in `/data/projects/radar_tinder/dataconnect`
 {"metadata":{"emulator":{"name":"dataconnect"},"message":"E0214 04:16:29.254165   29952 watch.go:40] Failed to load config from \"/data/projects/radar_tinder/dataconnect\": could not find dataconnect.yaml in `/data/projects/radar_tinder/dataconnect`\n"}}
[debug] [2026-02-14T12:16:39.250Z] E0214 04:16:39.250312   29952 watch.go:40] Failed to load config from "/data/projects/radar_tinder/dataconnect": could not find dataconnect.yaml in `/data/projects/radar_tinder/dataconnect`
 {"metadata":{"emulator":{"name":"dataconnect"},"message":"E0214 04:16:39.250312   29952 watch.go:40] Failed to load config from \"/data/projects/radar_tinder/dataconnect\": could not find dataconnect.yaml in `/data/projects/radar_tinder/dataconnect`\n"}}
[debug] [2026-02-14T12:16:49.250Z] E0214 04:16:49.250065   29952 watch.go:116] watchAllDir unable to walk dir `/data/projects/radar_tinder/dataconnect`: lstat /data/projects/radar_tinder/dataconnect: no such file or directory
E0214 04:16:49.250139   29952 watch.go:40] Failed to load config from "/data/projects/radar_tinder/dataconnect": could not find dataconnect.yaml in `/data/projects/radar_tinder/dataconnect`
 {"metadata":{"emulator":{"name":"dataconnect"},"message":"E0214 04:16:49.250065   29952 watch.go:116] watchAllDir unable to walk dir `/data/projects/radar_tinder/dataconnect`: lstat /data/projects/radar_tinder/dataconnect: no such file or directory\nE0214 04:16:49.250139   29952 watch.go:40] Failed to load config from \"/data/projects/radar_tinder/dataconnect\": could not find dataconnect.yaml in `/data/projects/radar_tinder/dataconnect`\n"}}
[debug] [2026-02-14T12:16:59.253Z] E0214 04:16:59.253079   29952 watch.go:40] Failed to load config from "/data/projects/radar_tinder/dataconnect": could not find dataconnect.yaml in `/data/projects/radar_tinder/dataconnect`
 {"metadata":{"emulator":{"name":"dataconnect"},"message":"E0214 04:16:59.253079   29952 watch.go:40] Failed to load config from \"/data/projects/radar_tinder/dataconnect\": could not find dataconnect.yaml in `/data/projects/radar_tinder/dataconnect`\n"}}
[debug] [2026-02-14T12:17:09.259Z] E0214 04:17:09.259125   29952 watch.go:40] Failed to load config from "/data/projects/radar_tinder/dataconnect": could not find dataconnect.yaml in `/data/projects/radar_tinder/dataconnect`
 {"metadata":{"emulator":{"name":"dataconnect"},"message":"E0214 04:17:09.259125   29952 watch.go:40] Failed to load config from \"/data/projects/radar_tinder/dataconnect\": could not find dataconnect.yaml in `/data/projects/radar_tinder/dataconnect`\n"}}
[debug] [2026-02-14T12:17:19.253Z] E0214 04:17:19.252784   29952 watch.go:40] Failed to load config from "/data/projects/radar_tinder/dataconnect": could not find dataconnect.yaml in `/data/projects/radar_tinder/dataconnect`
 {"metadata":{"emulator":{"name":"dataconnect"},"message":"E0214 04:17:19.252784   29952 watch.go:40] Failed to load config from \"/data/projects/radar_tinder/dataconnect\": could not find dataconnect.yaml in `/data/projects/radar_tinder/dataconnect`\n"}}
[debug] [2026-02-14T12:17:29.250Z] E0214 04:17:29.250055   29952 watch.go:40] Failed to load config from "/data/projects/radar_tinder/dataconnect": could not find dataconnect.yaml in `/data/projects/radar_tinder/dataconnect`
 {"metadata":{"emulator":{"name":"dataconnect"},"message":"E0214 04:17:29.250055   29952 watch.go:40] Failed to load config from \"/data/projects/radar_tinder/dataconnect\": could not find dataconnect.yaml in `/data/projects/radar_tinder/dataconnect`\n"}}
[debug] [2026-02-14T12:17:39.254Z] E0214 04:17:39.254049   29952 watch.go:40] Failed to load config from "/data/projects/radar_tinder/dataconnect": could not find dataconnect.yaml in `/data/projects/radar_tinder/dataconnect`
 {"metadata":{"emulator":{"name":"dataconnect"},"message":"E0214 04:17:39.254049   29952 watch.go:40] Failed to load config from \"/data/projects/radar_tinder/dataconnect\": could not find dataconnect.yaml in `/data/projects/radar_tinder/dataconnect`\n"}}
[debug] [2026-02-14T12:17:49.252Z] E0214 04:17:49.252701   29952 watch.go:116] watchAllDir unable to walk dir `/data/projects/radar_tinder/dataconnect`: lstat /data/projects/radar_tinder/dataconnect: no such file or directory
E0214 04:17:49.252766   29952 watch.go:40] Failed to load config from "/data/projects/radar_tinder/dataconnect": could not find dataconnect.yaml in `/data/projects/radar_tinder/dataconnect`
 {"metadata":{"emulator":{"name":"dataconnect"},"message":"E0214 04:17:49.252701   29952 watch.go:116] watchAllDir unable to walk dir `/data/projects/radar_tinder/dataconnect`: lstat /data/projects/radar_tinder/dataconnect: no such file or directory\nE0214 04:17:49.252766   29952 watch.go:40] Failed to load config from \"/data/projects/radar_tinder/dataconnect\": could not find dataconnect.yaml in `/data/projects/radar_tinder/dataconnect`\n"}}
[debug] [2026-02-14T12:17:59.260Z] E0214 04:17:59.259757   29952 watch.go:40] Failed to load config from "/data/projects/radar_tinder/dataconnect": could not find dataconnect.yaml in `/data/projects/radar_tinder/dataconnect`
 {"metadata":{"emulator":{"name":"dataconnect"},"message":"E0214 04:17:59.259757   29952 watch.go:40] Failed to load config from \"/data/projects/radar_tinder/dataconnect\": could not find dataconnect.yaml in `/data/projects/radar_tinder/dataconnect`\n"}}
[debug] [2026-02-14T12:18:09.259Z] E0214 04:18:09.259750   29952 watch.go:40] Failed to load config from "/data/projects/radar_tinder/dataconnect": could not find dataconnect.yaml in `/data/projects/radar_tinder/dataconnect`
 {"metadata":{"emulator":{"name":"dataconnect"},"message":"E0214 04:18:09.259750   29952 watch.go:40] Failed to load config from \"/data/projects/radar_tinder/dataconnect\": could not find dataconnect.yaml in `/data/projects/radar_tinder/dataconnect`\n"}}
[debug] [2026-02-14T12:18:19.253Z] E0214 04:18:19.253739   29952 watch.go:40] Failed to load config from "/data/projects/radar_tinder/dataconnect": could not find dataconnect.yaml in `/data/projects/radar_tinder/dataconnect`
 {"metadata":{"emulator":{"name":"dataconnect"},"message":"E0214 04:18:19.253739   29952 watch.go:40] Failed to load config from \"/data/projects/radar_tinder/dataconnect\": could not find dataconnect.yaml in `/data/projects/radar_tinder/dataconnect`\n"}}
[debug] [2026-02-14T12:18:29.260Z] E0214 04:18:29.259739   29952 watch.go:40] Failed to load config from "/data/projects/radar_tinder/dataconnect": could not find dataconnect.yaml in `/data/projects/radar_tinder/dataconnect`
 {"metadata":{"emulator":{"name":"dataconnect"},"message":"E0214 04:18:29.259739   29952 watch.go:40] Failed to load config from \"/data/projects/radar_tinder/dataconnect\": could not find dataconnect.yaml in `/data/projects/radar_tinder/dataconnect`\n"}}
[debug] [2026-02-14T12:18:39.260Z] E0214 04:18:39.259742   29952 watch.go:40] Failed to load config from "/data/projects/radar_tinder/dataconnect": could not find dataconnect.yaml in `/data/projects/radar_tinder/dataconnect`
 {"metadata":{"emulator":{"name":"dataconnect"},"message":"E0214 04:18:39.259742   29952 watch.go:40] Failed to load config from \"/data/projects/radar_tinder/dataconnect\": could not find dataconnect.yaml in `/data/projects/radar_tinder/dataconnect`\n"}}
[debug] [2026-02-14T12:18:49.252Z] E0214 04:18:49.252479   29952 watch.go:116] watchAllDir unable to walk dir `/data/projects/radar_tinder/dataconnect`: lstat /data/projects/radar_tinder/dataconnect: no such file or directory
E0214 04:18:49.252627   29952 watch.go:40] Failed to load config from "/data/projects/radar_tinder/dataconnect": could not find dataconnect.yaml in `/data/projects/radar_tinder/dataconnect`
 {"metadata":{"emulator":{"name":"dataconnect"},"message":"E0214 04:18:49.252479   29952 watch.go:116] watchAllDir unable to walk dir `/data/projects/radar_tinder/dataconnect`: lstat /data/projects/radar_tinder/dataconnect: no such file or directory\nE0214 04:18:49.252627   29952 watch.go:40] Failed to load config from \"/data/projects/radar_tinder/dataconnect\": could not find dataconnect.yaml in `/data/projects/radar_tinder/dataconnect`\n"}}
[debug] [2026-02-14T12:18:59.250Z] E0214 04:18:59.250384   29952 watch.go:40] Failed to load config from "/data/projects/radar_tinder/dataconnect": could not find dataconnect.yaml in `/data/projects/radar_tinder/dataconnect`
 {"metadata":{"emulator":{"name":"dataconnect"},"message":"E0214 04:18:59.250384   29952 watch.go:40] Failed to load config from \"/data/projects/radar_tinder/dataconnect\": could not find dataconnect.yaml in `/data/projects/radar_tinder/dataconnect`\n"}}
[debug] [2026-02-14T12:19:09.258Z] E0214 04:19:09.258718   29952 watch.go:40] Failed to load config from "/data/projects/radar_tinder/dataconnect": could not find dataconnect.yaml in `/data/projects/radar_tinder/dataconnect`
 {"metadata":{"emulator":{"name":"dataconnect"},"message":"E0214 04:19:09.258718   29952 watch.go:40] Failed to load config from \"/data/projects/radar_tinder/dataconnect\": could not find dataconnect.yaml in `/data/projects/radar_tinder/dataconnect`\n"}}
[debug] [2026-02-14T12:19:19.253Z] E0214 04:19:19.253710   29952 watch.go:40] Failed to load config from "/data/projects/radar_tinder/dataconnect": could not find dataconnect.yaml in `/data/projects/radar_tinder/dataconnect`
 {"metadata":{"emulator":{"name":"dataconnect"},"message":"E0214 04:19:19.253710   29952 watch.go:40] Failed to load config from \"/data/projects/radar_tinder/dataconnect\": could not find dataconnect.yaml in `/data/projects/radar_tinder/dataconnect`\n"}}
[debug] [2026-02-14T12:19:29.260Z] E0214 04:19:29.259785   29952 watch.go:40] Failed to load config from "/data/projects/radar_tinder/dataconnect": could not find dataconnect.yaml in `/data/projects/radar_tinder/dataconnect`
 {"metadata":{"emulator":{"name":"dataconnect"},"message":"E0214 04:19:29.259785   29952 watch.go:40] Failed to load config from \"/data/projects/radar_tinder/dataconnect\": could not find dataconnect.yaml in `/data/projects/radar_tinder/dataconnect`\n"}}
[debug] [2026-02-14T12:19:39.260Z] E0214 04:19:39.259898   29952 watch.go:40] Failed to load config from "/data/projects/radar_tinder/dataconnect": could not find dataconnect.yaml in `/data/projects/radar_tinder/dataconnect`
 {"metadata":{"emulator":{"name":"dataconnect"},"message":"E0214 04:19:39.259898   29952 watch.go:40] Failed to load config from \"/data/projects/radar_tinder/dataconnect\": could not find dataconnect.yaml in `/data/projects/radar_tinder/dataconnect`\n"}}
[debug] [2026-02-14T12:19:49.253Z] E0214 04:19:49.253686   29952 watch.go:116] watchAllDir unable to walk dir `/data/projects/radar_tinder/dataconnect`: lstat /data/projects/radar_tinder/dataconnect: no such file or directory
E0214 04:19:49.253744   29952 watch.go:40] Failed to load config from "/data/projects/radar_tinder/dataconnect": could not find dataconnect.yaml in `/data/projects/radar_tinder/dataconnect`
 {"metadata":{"emulator":{"name":"dataconnect"},"message":"E0214 04:19:49.253686   29952 watch.go:116] watchAllDir unable to walk dir `/data/projects/radar_tinder/dataconnect`: lstat /data/projects/radar_tinder/dataconnect: no such file or directory\nE0214 04:19:49.253744   29952 watch.go:40] Failed to load config from \"/data/projects/radar_tinder/dataconnect\": could not find dataconnect.yaml in `/data/projects/radar_tinder/dataconnect`\n"}}
[debug] [2026-02-14T12:19:59.259Z] E0214 04:19:59.259775   29952 watch.go:40] Failed to load config from "/data/projects/radar_tinder/dataconnect": could not find dataconnect.yaml in `/data/projects/radar_tinder/dataconnect`
 {"metadata":{"emulator":{"name":"dataconnect"},"message":"E0214 04:19:59.259775   29952 watch.go:40] Failed to load config from \"/data/projects/radar_tinder/dataconnect\": could not find dataconnect.yaml in `/data/projects/radar_tinder/dataconnect`\n"}}
[debug] [2026-02-14T12:20:09.260Z] E0214 04:20:09.259863   29952 watch.go:40] Failed to load config from "/data/projects/radar_tinder/dataconnect": could not find dataconnect.yaml in `/data/projects/radar_tinder/dataconnect`
 {"metadata":{"emulator":{"name":"dataconnect"},"message":"E0214 04:20:09.259863   29952 watch.go:40] Failed to load config from \"/data/projects/radar_tinder/dataconnect\": could not find dataconnect.yaml in `/data/projects/radar_tinder/dataconnect`\n"}}
[debug] [2026-02-14T12:20:19.253Z] E0214 04:20:19.253751   29952 watch.go:40] Failed to load config from "/data/projects/radar_tinder/dataconnect": could not find dataconnect.yaml in `/data/projects/radar_tinder/dataconnect`
 {"metadata":{"emulator":{"name":"dataconnect"},"message":"E0214 04:20:19.253751   29952 watch.go:40] Failed to load config from \"/data/projects/radar_tinder/dataconnect\": could not find dataconnect.yaml in `/data/projects/radar_tinder/dataconnect`\n"}}
[debug] [2026-02-14T12:20:29.259Z] E0214 04:20:29.259719   29952 watch.go:40] Failed to load config from "/data/projects/radar_tinder/dataconnect": could not find dataconnect.yaml in `/data/projects/radar_tinder/dataconnect`
 {"metadata":{"emulator":{"name":"dataconnect"},"message":"E0214 04:20:29.259719   29952 watch.go:40] Failed to load config from \"/data/projects/radar_tinder/dataconnect\": could not find dataconnect.yaml in `/data/projects/radar_tinder/dataconnect`\n"}}
[debug] [2026-02-14T12:20:39.260Z] E0214 04:20:39.259801   29952 watch.go:40] Failed to load config from "/data/projects/radar_tinder/dataconnect": could not find dataconnect.yaml in `/data/projects/radar_tinder/dataconnect`
 {"metadata":{"emulator":{"name":"dataconnect"},"message":"E0214 04:20:39.259801   29952 watch.go:40] Failed to load config from \"/data/projects/radar_tinder/dataconnect\": could not find dataconnect.yaml in `/data/projects/radar_tinder/dataconnect`\n"}}
[debug] [2026-02-14T12:20:49.254Z] E0214 04:20:49.253738   29952 watch.go:116] watchAllDir unable to walk dir `/data/projects/radar_tinder/dataconnect`: lstat /data/projects/radar_tinder/dataconnect: no such file or directory
E0214 04:20:49.253799   29952 watch.go:40] Failed to load config from "/data/projects/radar_tinder/dataconnect": could not find dataconnect.yaml in `/data/projects/radar_tinder/dataconnect`
 {"metadata":{"emulator":{"name":"dataconnect"},"message":"E0214 04:20:49.253738   29952 watch.go:116] watchAllDir unable to walk dir `/data/projects/radar_tinder/dataconnect`: lstat /data/projects/radar_tinder/dataconnect: no such file or directory\nE0214 04:20:49.253799   29952 watch.go:40] Failed to load config from \"/data/projects/radar_tinder/dataconnect\": could not find dataconnect.yaml in `/data/projects/radar_tinder/dataconnect`\n"}}
[debug] [2026-02-14T12:20:59.250Z] E0214 04:20:59.250148   29952 watch.go:40] Failed to load config from "/data/projects/radar_tinder/dataconnect": could not find dataconnect.yaml in `/data/projects/radar_tinder/dataconnect`
 {"metadata":{"emulator":{"name":"dataconnect"},"message":"E0214 04:20:59.250148   29952 watch.go:40] Failed to load config from \"/data/projects/radar_tinder/dataconnect\": could not find dataconnect.yaml in `/data/projects/radar_tinder/dataconnect`\n"}}
[debug] [2026-02-14T12:21:09.250Z] E0214 04:21:09.250003   29952 watch.go:40] Failed to load config from "/data/projects/radar_tinder/dataconnect": could not find dataconnect.yaml in `/data/projects/radar_tinder/dataconnect`
 {"metadata":{"emulator":{"name":"dataconnect"},"message":"E0214 04:21:09.250003   29952 watch.go:40] Failed to load config from \"/data/projects/radar_tinder/dataconnect\": could not find dataconnect.yaml in `/data/projects/radar_tinder/dataconnect`\n"}}
[debug] [2026-02-14T12:21:19.254Z] E0214 04:21:19.253745   29952 watch.go:40] Failed to load config from "/data/projects/radar_tinder/dataconnect": could not find dataconnect.yaml in `/data/projects/radar_tinder/dataconnect`
 {"metadata":{"emulator":{"name":"dataconnect"},"message":"E0214 04:21:19.253745   29952 watch.go:40] Failed to load config from \"/data/projects/radar_tinder/dataconnect\": could not find dataconnect.yaml in `/data/projects/radar_tinder/dataconnect`\n"}}
[debug] [2026-02-14T12:21:29.259Z] E0214 04:21:29.259704   29952 watch.go:40] Failed to load config from "/data/projects/radar_tinder/dataconnect": could not find dataconnect.yaml in `/data/projects/radar_tinder/dataconnect`
 {"metadata":{"emulator":{"name":"dataconnect"},"message":"E0214 04:21:29.259704   29952 watch.go:40] Failed to load config from \"/data/projects/radar_tinder/dataconnect\": could not find dataconnect.yaml in `/data/projects/radar_tinder/dataconnect`\n"}}
[debug] [2026-02-14T12:21:39.260Z] E0214 04:21:39.259797   29952 watch.go:40] Failed to load config from "/data/projects/radar_tinder/dataconnect": could not find dataconnect.yaml in `/data/projects/radar_tinder/dataconnect`
 {"metadata":{"emulator":{"name":"dataconnect"},"message":"E0214 04:21:39.259797   29952 watch.go:40] Failed to load config from \"/data/projects/radar_tinder/dataconnect\": could not find dataconnect.yaml in `/data/projects/radar_tinder/dataconnect`\n"}}
[debug] [2026-02-14T12:21:49.250Z] E0214 04:21:49.250251   29952 watch.go:116] watchAllDir unable to walk dir `/data/projects/radar_tinder/dataconnect`: lstat /data/projects/radar_tinder/dataconnect: no such file or directory
E0214 04:21:49.250314   29952 watch.go:40] Failed to load config from "/data/projects/radar_tinder/dataconnect": could not find dataconnect.yaml in `/data/projects/radar_tinder/dataconnect`
 {"metadata":{"emulator":{"name":"dataconnect"},"message":"E0214 04:21:49.250251   29952 watch.go:116] watchAllDir unable to walk dir `/data/projects/radar_tinder/dataconnect`: lstat /data/projects/radar_tinder/dataconnect: no such file or directory\nE0214 04:21:49.250314   29952 watch.go:40] Failed to load config from \"/data/projects/radar_tinder/dataconnect\": could not find dataconnect.yaml in `/data/projects/radar_tinder/dataconnect`\n"}}
[debug] [2026-02-14T12:21:59.259Z] E0214 04:21:59.259379   29952 watch.go:40] Failed to load config from "/data/projects/radar_tinder/dataconnect": could not find dataconnect.yaml in `/data/projects/radar_tinder/dataconnect`
 {"metadata":{"emulator":{"name":"dataconnect"},"message":"E0214 04:21:59.259379   29952 watch.go:40] Failed to load config from \"/data/projects/radar_tinder/dataconnect\": could not find dataconnect.yaml in `/data/projects/radar_tinder/dataconnect`\n"}}
[debug] [2026-02-14T12:22:09.259Z] E0214 04:22:09.259467   29952 watch.go:40] Failed to load config from "/data/projects/radar_tinder/dataconnect": could not find dataconnect.yaml in `/data/projects/radar_tinder/dataconnect`
 {"metadata":{"emulator":{"name":"dataconnect"},"message":"E0214 04:22:09.259467   29952 watch.go:40] Failed to load config from \"/data/projects/radar_tinder/dataconnect\": could not find dataconnect.yaml in `/data/projects/radar_tinder/dataconnect`\n"}}
[debug] [2026-02-14T12:22:19.250Z] E0214 04:22:19.250697   29952 watch.go:40] Failed to load config from "/data/projects/radar_tinder/dataconnect": could not find dataconnect.yaml in `/data/projects/radar_tinder/dataconnect`
 {"metadata":{"emulator":{"name":"dataconnect"},"message":"E0214 04:22:19.250697   29952 watch.go:40] Failed to load config from \"/data/projects/radar_tinder/dataconnect\": could not find dataconnect.yaml in `/data/projects/radar_tinder/dataconnect`\n"}}
[debug] [2026-02-14T12:22:29.256Z] E0214 04:22:29.256080   29952 watch.go:40] Failed to load config from "/data/projects/radar_tinder/dataconnect": could not find dataconnect.yaml in `/data/projects/radar_tinder/dataconnect`
 {"metadata":{"emulator":{"name":"dataconnect"},"message":"E0214 04:22:29.256080   29952 watch.go:40] Failed to load config from \"/data/projects/radar_tinder/dataconnect\": could not find dataconnect.yaml in `/data/projects/radar_tinder/dataconnect`\n"}}
[debug] [2026-02-14T12:22:39.253Z] E0214 04:22:39.253277   29952 watch.go:40] Failed to load config from "/data/projects/radar_tinder/dataconnect": could not find dataconnect.yaml in `/data/projects/radar_tinder/dataconnect`
 {"metadata":{"emulator":{"name":"dataconnect"},"message":"E0214 04:22:39.253277   29952 watch.go:40] Failed to load config from \"/data/projects/radar_tinder/dataconnect\": could not find dataconnect.yaml in `/data/projects/radar_tinder/dataconnect`\n"}}
[debug] [2026-02-14T12:22:49.251Z] E0214 04:22:49.251160   29952 watch.go:116] watchAllDir unable to walk dir `/data/projects/radar_tinder/dataconnect`: lstat /data/projects/radar_tinder/dataconnect: no such file or directory
E0214 04:22:49.251217   29952 watch.go:40] Failed to load config from "/data/projects/radar_tinder/dataconnect": could not find dataconnect.yaml in `/data/projects/radar_tinder/dataconnect`
 {"metadata":{"emulator":{"name":"dataconnect"},"message":"E0214 04:22:49.251160   29952 watch.go:116] watchAllDir unable to walk dir `/data/projects/radar_tinder/dataconnect`: lstat /data/projects/radar_tinder/dataconnect: no such file or directory\nE0214 04:22:49.251217   29952 watch.go:40] Failed to load config from \"/data/projects/radar_tinder/dataconnect\": could not find dataconnect.yaml in `/data/projects/radar_tinder/dataconnect`\n"}}
[debug] [2026-02-14T12:22:59.257Z] E0214 04:22:59.257168   29952 watch.go:40] Failed to load config from "/data/projects/radar_tinder/dataconnect": could not find dataconnect.yaml in `/data/projects/radar_tinder/dataconnect`
 {"metadata":{"emulator":{"name":"dataconnect"},"message":"E0214 04:22:59.257168   29952 watch.go:40] Failed to load config from \"/data/projects/radar_tinder/dataconnect\": could not find dataconnect.yaml in `/data/projects/radar_tinder/dataconnect`\n"}}
[debug] [2026-02-14T12:23:09.250Z] E0214 04:23:09.250435   29952 watch.go:40] Failed to load config from "/data/projects/radar_tinder/dataconnect": could not find dataconnect.yaml in `/data/projects/radar_tinder/dataconnect`
 {"metadata":{"emulator":{"name":"dataconnect"},"message":"E0214 04:23:09.250435   29952 watch.go:40] Failed to load config from \"/data/projects/radar_tinder/dataconnect\": could not find dataconnect.yaml in `/data/projects/radar_tinder/dataconnect`\n"}}
[debug] [2026-02-14T12:23:19.253Z] E0214 04:23:19.253713   29952 watch.go:40] Failed to load config from "/data/projects/radar_tinder/dataconnect": could not find dataconnect.yaml in `/data/projects/radar_tinder/dataconnect`
 {"metadata":{"emulator":{"name":"dataconnect"},"message":"E0214 04:23:19.253713   29952 watch.go:40] Failed to load config from \"/data/projects/radar_tinder/dataconnect\": could not find dataconnect.yaml in `/data/projects/radar_tinder/dataconnect`\n"}}
[debug] [2026-02-14T12:23:29.259Z] E0214 04:23:29.259737   29952 watch.go:40] Failed to load config from "/data/projects/radar_tinder/dataconnect": could not find dataconnect.yaml in `/data/projects/radar_tinder/dataconnect`
 {"metadata":{"emulator":{"name":"dataconnect"},"message":"E0214 04:23:29.259737   29952 watch.go:40] Failed to load config from \"/data/projects/radar_tinder/dataconnect\": could not find dataconnect.yaml in `/data/projects/radar_tinder/dataconnect`\n"}}
[debug] [2026-02-14T12:23:39.256Z] E0214 04:23:39.255763   29952 watch.go:40] Failed to load config from "/data/projects/radar_tinder/dataconnect": could not find dataconnect.yaml in `/data/projects/radar_tinder/dataconnect`
 {"metadata":{"emulator":{"name":"dataconnect"},"message":"E0214 04:23:39.255763   29952 watch.go:40] Failed to load config from \"/data/projects/radar_tinder/dataconnect\": could not find dataconnect.yaml in `/data/projects/radar_tinder/dataconnect`\n"}}
[debug] [2026-02-14T12:23:49.254Z] E0214 04:23:49.253710   29952 watch.go:116] watchAllDir unable to walk dir `/data/projects/radar_tinder/dataconnect`: lstat /data/projects/radar_tinder/dataconnect: no such file or directory
E0214 04:23:49.253792   29952 watch.go:40] Failed to load config from "/data/projects/radar_tinder/dataconnect": could not find dataconnect.yaml in `/data/projects/radar_tinder/dataconnect`
 {"metadata":{"emulator":{"name":"dataconnect"},"message":"E0214 04:23:49.253710   29952 watch.go:116] watchAllDir unable to walk dir `/data/projects/radar_tinder/dataconnect`: lstat /data/projects/radar_tinder/dataconnect: no such file or directory\nE0214 04:23:49.253792   29952 watch.go:40] Failed to load config from \"/data/projects/radar_tinder/dataconnect\": could not find dataconnect.yaml in `/data/projects/radar_tinder/dataconnect`\n"}}
[debug] [2026-02-14T12:23:59.260Z] E0214 04:23:59.259906   29952 watch.go:40] Failed to load config from "/data/projects/radar_tinder/dataconnect": could not find dataconnect.yaml in `/data/projects/radar_tinder/dataconnect`
 {"metadata":{"emulator":{"name":"dataconnect"},"message":"E0214 04:23:59.259906   29952 watch.go:40] Failed to load config from \"/data/projects/radar_tinder/dataconnect\": could not find dataconnect.yaml in `/data/projects/radar_tinder/dataconnect`\n"}}
[debug] [2026-02-14T12:24:09.259Z] E0214 04:24:09.258730   29952 watch.go:40] Failed to load config from "/data/projects/radar_tinder/dataconnect": could not find dataconnect.yaml in `/data/projects/radar_tinder/dataconnect`
 {"metadata":{"emulator":{"name":"dataconnect"},"message":"E0214 04:24:09.258730   29952 watch.go:40] Failed to load config from \"/data/projects/radar_tinder/dataconnect\": could not find dataconnect.yaml in `/data/projects/radar_tinder/dataconnect`\n"}}
[debug] [2026-02-14T12:24:19.250Z] E0214 04:24:19.250632   29952 watch.go:40] Failed to load config from "/data/projects/radar_tinder/dataconnect": could not find dataconnect.yaml in `/data/projects/radar_tinder/dataconnect`
 {"metadata":{"emulator":{"name":"dataconnect"},"message":"E0214 04:24:19.250632   29952 watch.go:40] Failed to load config from \"/data/projects/radar_tinder/dataconnect\": could not find dataconnect.yaml in `/data/projects/radar_tinder/dataconnect`\n"}}
[debug] [2026-02-14T12:24:29.254Z] E0214 04:24:29.253919   29952 watch.go:40] Failed to load config from "/data/projects/radar_tinder/dataconnect": could not find dataconnect.yaml in `/data/projects/radar_tinder/dataconnect`
 {"metadata":{"emulator":{"name":"dataconnect"},"message":"E0214 04:24:29.253919   29952 watch.go:40] Failed to load config from \"/data/projects/radar_tinder/dataconnect\": could not find dataconnect.yaml in `/data/projects/radar_tinder/dataconnect`\n"}}
[debug] [2026-02-14T12:24:39.259Z] E0214 04:24:39.259636   29952 watch.go:40] Failed to load config from "/data/projects/radar_tinder/dataconnect": could not find dataconnect.yaml in `/data/projects/radar_tinder/dataconnect`
 {"metadata":{"emulator":{"name":"dataconnect"},"message":"E0214 04:24:39.259636   29952 watch.go:40] Failed to load config from \"/data/projects/radar_tinder/dataconnect\": could not find dataconnect.yaml in `/data/projects/radar_tinder/dataconnect`\n"}}
[debug] [2026-02-14T12:24:49.254Z] E0214 04:24:49.253716   29952 watch.go:116] watchAllDir unable to walk dir `/data/projects/radar_tinder/dataconnect`: lstat /data/projects/radar_tinder/dataconnect: no such file or directory
E0214 04:24:49.253822   29952 watch.go:40] Failed to load config from "/data/projects/radar_tinder/dataconnect": could not find dataconnect.yaml in `/data/projects/radar_tinder/dataconnect`
 {"metadata":{"emulator":{"name":"dataconnect"},"message":"E0214 04:24:49.253716   29952 watch.go:116] watchAllDir unable to walk dir `/data/projects/radar_tinder/dataconnect`: lstat /data/projects/radar_tinder/dataconnect: no such file or directory\nE0214 04:24:49.253822   29952 watch.go:40] Failed to load config from \"/data/projects/radar_tinder/dataconnect\": could not find dataconnect.yaml in `/data/projects/radar_tinder/dataconnect`\n"}}
[debug] [2026-02-14T12:24:59.260Z] E0214 04:24:59.259852   29952 watch.go:40] Failed to load config from "/data/projects/radar_tinder/dataconnect": could not find dataconnect.yaml in `/data/projects/radar_tinder/dataconnect`
 {"metadata":{"emulator":{"name":"dataconnect"},"message":"E0214 04:24:59.259852   29952 watch.go:40] Failed to load config from \"/data/projects/radar_tinder/dataconnect\": could not find dataconnect.yaml in `/data/projects/radar_tinder/dataconnect`\n"}}
[debug] [2026-02-14T12:25:09.256Z] E0214 04:25:09.255773   29952 watch.go:40] Failed to load config from "/data/projects/radar_tinder/dataconnect": could not find dataconnect.yaml in `/data/projects/radar_tinder/dataconnect`
 {"metadata":{"emulator":{"name":"dataconnect"},"message":"E0214 04:25:09.255773   29952 watch.go:40] Failed to load config from \"/data/projects/radar_tinder/dataconnect\": could not find dataconnect.yaml in `/data/projects/radar_tinder/dataconnect`\n"}}
[debug] [2026-02-14T12:25:19.254Z] E0214 04:25:19.253946   29952 watch.go:40] Failed to load config from "/data/projects/radar_tinder/dataconnect": could not find dataconnect.yaml in `/data/projects/radar_tinder/dataconnect`
 {"metadata":{"emulator":{"name":"dataconnect"},"message":"E0214 04:25:19.253946   29952 watch.go:40] Failed to load config from \"/data/projects/radar_tinder/dataconnect\": could not find dataconnect.yaml in `/data/projects/radar_tinder/dataconnect`\n"}}
[debug] [2026-02-14T12:25:29.250Z] E0214 04:25:29.249955   29952 watch.go:40] Failed to load config from "/data/projects/radar_tinder/dataconnect": could not find dataconnect.yaml in `/data/projects/radar_tinder/dataconnect`
 {"metadata":{"emulator":{"name":"dataconnect"},"message":"E0214 04:25:29.249955   29952 watch.go:40] Failed to load config from \"/data/projects/radar_tinder/dataconnect\": could not find dataconnect.yaml in `/data/projects/radar_tinder/dataconnect`\n"}}
[debug] [2026-02-14T12:25:39.259Z] E0214 04:25:39.259085   29952 watch.go:40] Failed to load config from "/data/projects/radar_tinder/dataconnect": could not find dataconnect.yaml in `/data/projects/radar_tinder/dataconnect`
 {"metadata":{"emulator":{"name":"dataconnect"},"message":"E0214 04:25:39.259085   29952 watch.go:40] Failed to load config from \"/data/projects/radar_tinder/dataconnect\": could not find dataconnect.yaml in `/data/projects/radar_tinder/dataconnect`\n"}}
[debug] [2026-02-14T12:25:49.250Z] E0214 04:25:49.250203   29952 watch.go:116] watchAllDir unable to walk dir `/data/projects/radar_tinder/dataconnect`: lstat /data/projects/radar_tinder/dataconnect: no such file or directory
E0214 04:25:49.250357   29952 watch.go:40] Failed to load config from "/data/projects/radar_tinder/dataconnect": could not find dataconnect.yaml in `/data/projects/radar_tinder/dataconnect`
 {"metadata":{"emulator":{"name":"dataconnect"},"message":"E0214 04:25:49.250203   29952 watch.go:116] watchAllDir unable to walk dir `/data/projects/radar_tinder/dataconnect`: lstat /data/projects/radar_tinder/dataconnect: no such file or directory\nE0214 04:25:49.250357   29952 watch.go:40] Failed to load config from \"/data/projects/radar_tinder/dataconnect\": could not find dataconnect.yaml in `/data/projects/radar_tinder/dataconnect`\n"}}
[debug] [2026-02-14T12:25:59.259Z] E0214 04:25:59.259417   29952 watch.go:40] Failed to load config from "/data/projects/radar_tinder/dataconnect": could not find dataconnect.yaml in `/data/projects/radar_tinder/dataconnect`
 {"metadata":{"emulator":{"name":"dataconnect"},"message":"E0214 04:25:59.259417   29952 watch.go:40] Failed to load config from \"/data/projects/radar_tinder/dataconnect\": could not find dataconnect.yaml in `/data/projects/radar_tinder/dataconnect`\n"}}
[debug] [2026-02-14T12:26:09.255Z] E0214 04:26:09.254928   29952 watch.go:40] Failed to load config from "/data/projects/radar_tinder/dataconnect": could not find dataconnect.yaml in `/data/projects/radar_tinder/dataconnect`
 {"metadata":{"emulator":{"name":"dataconnect"},"message":"E0214 04:26:09.254928   29952 watch.go:40] Failed to load config from \"/data/projects/radar_tinder/dataconnect\": could not find dataconnect.yaml in `/data/projects/radar_tinder/dataconnect`\n"}}
[debug] [2026-02-14T12:26:19.254Z] E0214 04:26:19.254108   29952 watch.go:40] Failed to load config from "/data/projects/radar_tinder/dataconnect": could not find dataconnect.yaml in `/data/projects/radar_tinder/dataconnect`
 {"metadata":{"emulator":{"name":"dataconnect"},"message":"E0214 04:26:19.254108   29952 watch.go:40] Failed to load config from \"/data/projects/radar_tinder/dataconnect\": could not find dataconnect.yaml in `/data/projects/radar_tinder/dataconnect`\n"}}
[debug] [2026-02-14T12:26:29.259Z] E0214 04:26:29.259215   29952 watch.go:40] Failed to load config from "/data/projects/radar_tinder/dataconnect": could not find dataconnect.yaml in `/data/projects/radar_tinder/dataconnect`
 {"metadata":{"emulator":{"name":"dataconnect"},"message":"E0214 04:26:29.259215   29952 watch.go:40] Failed to load config from \"/data/projects/radar_tinder/dataconnect\": could not find dataconnect.yaml in `/data/projects/radar_tinder/dataconnect`\n"}}
[debug] [2026-02-14T12:26:39.259Z] E0214 04:26:39.258704   29952 watch.go:40] Failed to load config from "/data/projects/radar_tinder/dataconnect": could not find dataconnect.yaml in `/data/projects/radar_tinder/dataconnect`
 {"metadata":{"emulator":{"name":"dataconnect"},"message":"E0214 04:26:39.258704   29952 watch.go:40] Failed to load config from \"/data/projects/radar_tinder/dataconnect\": could not find dataconnect.yaml in `/data/projects/radar_tinder/dataconnect`\n"}}
[debug] [2026-02-14T12:26:49.253Z] E0214 04:26:49.253746   29952 watch.go:116] watchAllDir unable to walk dir `/data/projects/radar_tinder/dataconnect`: lstat /data/projects/radar_tinder/dataconnect: no such file or directory
E0214 04:26:49.253764   29952 watch.go:40] Failed to load config from "/data/projects/radar_tinder/dataconnect": could not find dataconnect.yaml in `/data/projects/radar_tinder/dataconnect`
 {"metadata":{"emulator":{"name":"dataconnect"},"message":"E0214 04:26:49.253746   29952 watch.go:116] watchAllDir unable to walk dir `/data/projects/radar_tinder/dataconnect`: lstat /data/projects/radar_tinder/dataconnect: no such file or directory\nE0214 04:26:49.253764   29952 watch.go:40] Failed to load config from \"/data/projects/radar_tinder/dataconnect\": could not find dataconnect.yaml in `/data/projects/radar_tinder/dataconnect`\n"}}
[debug] [2026-02-14T12:26:59.260Z] E0214 04:26:59.259967   29952 watch.go:40] Failed to load config from "/data/projects/radar_tinder/dataconnect": could not find dataconnect.yaml in `/data/projects/radar_tinder/dataconnect`
 {"metadata":{"emulator":{"name":"dataconnect"},"message":"E0214 04:26:59.259967   29952 watch.go:40] Failed to load config from \"/data/projects/radar_tinder/dataconnect\": could not find dataconnect.yaml in `/data/projects/radar_tinder/dataconnect`\n"}}
[debug] [2026-02-14T12:27:09.259Z] E0214 04:27:09.259070   29952 watch.go:40] Failed to load config from "/data/projects/radar_tinder/dataconnect": could not find dataconnect.yaml in `/data/projects/radar_tinder/dataconnect`
 {"metadata":{"emulator":{"name":"dataconnect"},"message":"E0214 04:27:09.259070   29952 watch.go:40] Failed to load config from \"/data/projects/radar_tinder/dataconnect\": could not find dataconnect.yaml in `/data/projects/radar_tinder/dataconnect`\n"}}
[debug] [2026-02-14T12:27:19.251Z] E0214 04:27:19.251150   29952 watch.go:40] Failed to load config from "/data/projects/radar_tinder/dataconnect": could not find dataconnect.yaml in `/data/projects/radar_tinder/dataconnect`
 {"metadata":{"emulator":{"name":"dataconnect"},"message":"E0214 04:27:19.251150   29952 watch.go:40] Failed to load config from \"/data/projects/radar_tinder/dataconnect\": could not find dataconnect.yaml in `/data/projects/radar_tinder/dataconnect`\n"}}
[debug] [2026-02-14T12:27:29.250Z] E0214 04:27:29.250021   29952 watch.go:40] Failed to load config from "/data/projects/radar_tinder/dataconnect": could not find dataconnect.yaml in `/data/projects/radar_tinder/dataconnect`
 {"metadata":{"emulator":{"name":"dataconnect"},"message":"E0214 04:27:29.250021   29952 watch.go:40] Failed to load config from \"/data/projects/radar_tinder/dataconnect\": could not find dataconnect.yaml in `/data/projects/radar_tinder/dataconnect`\n"}}
[debug] [2026-02-14T12:27:39.250Z] E0214 04:27:39.249998   29952 watch.go:40] Failed to load config from "/data/projects/radar_tinder/dataconnect": could not find dataconnect.yaml in `/data/projects/radar_tinder/dataconnect`
 {"metadata":{"emulator":{"name":"dataconnect"},"message":"E0214 04:27:39.249998   29952 watch.go:40] Failed to load config from \"/data/projects/radar_tinder/dataconnect\": could not find dataconnect.yaml in `/data/projects/radar_tinder/dataconnect`\n"}}
[debug] [2026-02-14T12:27:49.252Z] E0214 04:27:49.252221   29952 watch.go:40] Failed to load config from "/data/projects/radar_tinder/dataconnect": could not find dataconnect.yaml in `/data/projects/radar_tinder/dataconnect`
E0214 04:27:49.252183   29952 watch.go:116] watchAllDir unable to walk dir `/data/projects/radar_tinder/dataconnect`: lstat /data/projects/radar_tinder/dataconnect: no such file or directory
 {"metadata":{"emulator":{"name":"dataconnect"},"message":"E0214 04:27:49.252221   29952 watch.go:40] Failed to load config from \"/data/projects/radar_tinder/dataconnect\": could not find dataconnect.yaml in `/data/projects/radar_tinder/dataconnect`\nE0214 04:27:49.252183   29952 watch.go:116] watchAllDir unable to walk dir `/data/projects/radar_tinder/dataconnect`: lstat /data/projects/radar_tinder/dataconnect: no such file or directory\n"}}
[debug] [2026-02-14T12:27:59.259Z] E0214 04:27:59.259128   29952 watch.go:40] Failed to load config from "/data/projects/radar_tinder/dataconnect": could not find dataconnect.yaml in `/data/projects/radar_tinder/dataconnect`
 {"metadata":{"emulator":{"name":"dataconnect"},"message":"E0214 04:27:59.259128   29952 watch.go:40] Failed to load config from \"/data/projects/radar_tinder/dataconnect\": could not find dataconnect.yaml in `/data/projects/radar_tinder/dataconnect`\n"}}
[debug] [2026-02-14T12:28:09.253Z] E0214 04:28:09.253281   29952 watch.go:40] Failed to load config from "/data/projects/radar_tinder/dataconnect": could not find dataconnect.yaml in `/data/projects/radar_tinder/dataconnect`
 {"metadata":{"emulator":{"name":"dataconnect"},"message":"E0214 04:28:09.253281   29952 watch.go:40] Failed to load config from \"/data/projects/radar_tinder/dataconnect\": could not find dataconnect.yaml in `/data/projects/radar_tinder/dataconnect`\n"}}
[debug] [2026-02-14T12:28:19.253Z] E0214 04:28:19.253464   29952 watch.go:40] Failed to load config from "/data/projects/radar_tinder/dataconnect": could not find dataconnect.yaml in `/data/projects/radar_tinder/dataconnect`
 {"metadata":{"emulator":{"name":"dataconnect"},"message":"E0214 04:28:19.253464   29952 watch.go:40] Failed to load config from \"/data/projects/radar_tinder/dataconnect\": could not find dataconnect.yaml in `/data/projects/radar_tinder/dataconnect`\n"}}
[debug] [2026-02-14T12:28:29.252Z] E0214 04:28:29.251759   29952 watch.go:40] Failed to load config from "/data/projects/radar_tinder/dataconnect": could not find dataconnect.yaml in `/data/projects/radar_tinder/dataconnect`
 {"metadata":{"emulator":{"name":"dataconnect"},"message":"E0214 04:28:29.251759   29952 watch.go:40] Failed to load config from \"/data/projects/radar_tinder/dataconnect\": could not find dataconnect.yaml in `/data/projects/radar_tinder/dataconnect`\n"}}
[debug] [2026-02-14T12:28:39.260Z] E0214 04:28:39.259786   29952 watch.go:40] Failed to load config from "/data/projects/radar_tinder/dataconnect": could not find dataconnect.yaml in `/data/projects/radar_tinder/dataconnect`
 {"metadata":{"emulator":{"name":"dataconnect"},"message":"E0214 04:28:39.259786   29952 watch.go:40] Failed to load config from \"/data/projects/radar_tinder/dataconnect\": could not find dataconnect.yaml in `/data/projects/radar_tinder/dataconnect`\n"}}
[debug] [2026-02-14T12:28:49.254Z] E0214 04:28:49.253803   29952 watch.go:116] watchAllDir unable to walk dir `/data/projects/radar_tinder/dataconnect`: lstat /data/projects/radar_tinder/dataconnect: no such file or directory
E0214 04:28:49.253883   29952 watch.go:40] Failed to load config from "/data/projects/radar_tinder/dataconnect": could not find dataconnect.yaml in `/data/projects/radar_tinder/dataconnect`
 {"metadata":{"emulator":{"name":"dataconnect"},"message":"E0214 04:28:49.253803   29952 watch.go:116] watchAllDir unable to walk dir `/data/projects/radar_tinder/dataconnect`: lstat /data/projects/radar_tinder/dataconnect: no such file or directory\nE0214 04:28:49.253883   29952 watch.go:40] Failed to load config from \"/data/projects/radar_tinder/dataconnect\": could not find dataconnect.yaml in `/data/projects/radar_tinder/dataconnect`\n"}}
[debug] [2026-02-14T12:28:59.259Z] E0214 04:28:59.258971   29952 watch.go:40] Failed to load config from "/data/projects/radar_tinder/dataconnect": could not find dataconnect.yaml in `/data/projects/radar_tinder/dataconnect`
 {"metadata":{"emulator":{"name":"dataconnect"},"message":"E0214 04:28:59.258971   29952 watch.go:40] Failed to load config from \"/data/projects/radar_tinder/dataconnect\": could not find dataconnect.yaml in `/data/projects/radar_tinder/dataconnect`\n"}}
[debug] [2026-02-14T12:29:09.259Z] E0214 04:29:09.258773   29952 watch.go:40] Failed to load config from "/data/projects/radar_tinder/dataconnect": could not find dataconnect.yaml in `/data/projects/radar_tinder/dataconnect`
 {"metadata":{"emulator":{"name":"dataconnect"},"message":"E0214 04:29:09.258773   29952 watch.go:40] Failed to load config from \"/data/projects/radar_tinder/dataconnect\": could not find dataconnect.yaml in `/data/projects/radar_tinder/dataconnect`\n"}}
[debug] [2026-02-14T12:29:19.252Z] E0214 04:29:19.251559   29952 watch.go:40] Failed to load config from "/data/projects/radar_tinder/dataconnect": could not find dataconnect.yaml in `/data/projects/radar_tinder/dataconnect`
 {"metadata":{"emulator":{"name":"dataconnect"},"message":"E0214 04:29:19.251559   29952 watch.go:40] Failed to load config from \"/data/projects/radar_tinder/dataconnect\": could not find dataconnect.yaml in `/data/projects/radar_tinder/dataconnect`\n"}}
[debug] [2026-02-14T12:29:29.259Z] E0214 04:29:29.259702   29952 watch.go:40] Failed to load config from "/data/projects/radar_tinder/dataconnect": could not find dataconnect.yaml in `/data/projects/radar_tinder/dataconnect`
 {"metadata":{"emulator":{"name":"dataconnect"},"message":"E0214 04:29:29.259702   29952 watch.go:40] Failed to load config from \"/data/projects/radar_tinder/dataconnect\": could not find dataconnect.yaml in `/data/projects/radar_tinder/dataconnect`\n"}}
[debug] [2026-02-14T12:29:39.250Z] E0214 04:29:39.249957   29952 watch.go:40] Failed to load config from "/data/projects/radar_tinder/dataconnect": could not find dataconnect.yaml in `/data/projects/radar_tinder/dataconnect`
 {"metadata":{"emulator":{"name":"dataconnect"},"message":"E0214 04:29:39.249957   29952 watch.go:40] Failed to load config from \"/data/projects/radar_tinder/dataconnect\": could not find dataconnect.yaml in `/data/projects/radar_tinder/dataconnect`\n"}}
[debug] [2026-02-14T12:29:49.251Z] E0214 04:29:49.251624   29952 watch.go:40] Failed to load config from "/data/projects/radar_tinder/dataconnect": could not find dataconnect.yaml in `/data/projects/radar_tinder/dataconnect`
E0214 04:29:49.251589   29952 watch.go:116] watchAllDir unable to walk dir `/data/projects/radar_tinder/dataconnect`: lstat /data/projects/radar_tinder/dataconnect: no such file or directory
 {"metadata":{"emulator":{"name":"dataconnect"},"message":"E0214 04:29:49.251624   29952 watch.go:40] Failed to load config from \"/data/projects/radar_tinder/dataconnect\": could not find dataconnect.yaml in `/data/projects/radar_tinder/dataconnect`\nE0214 04:29:49.251589   29952 watch.go:116] watchAllDir unable to walk dir `/data/projects/radar_tinder/dataconnect`: lstat /data/projects/radar_tinder/dataconnect: no such file or directory\n"}}
[debug] [2026-02-14T12:29:59.260Z] E0214 04:29:59.259750   29952 watch.go:40] Failed to load config from "/data/projects/radar_tinder/dataconnect": could not find dataconnect.yaml in `/data/projects/radar_tinder/dataconnect`
 {"metadata":{"emulator":{"name":"dataconnect"},"message":"E0214 04:29:59.259750   29952 watch.go:40] Failed to load config from \"/data/projects/radar_tinder/dataconnect\": could not find dataconnect.yaml in `/data/projects/radar_tinder/dataconnect`\n"}}
[debug] [2026-02-14T12:30:09.259Z] E0214 04:30:09.259149   29952 watch.go:40] Failed to load config from "/data/projects/radar_tinder/dataconnect": could not find dataconnect.yaml in `/data/projects/radar_tinder/dataconnect`
 {"metadata":{"emulator":{"name":"dataconnect"},"message":"E0214 04:30:09.259149   29952 watch.go:40] Failed to load config from \"/data/projects/radar_tinder/dataconnect\": could not find dataconnect.yaml in `/data/projects/radar_tinder/dataconnect`\n"}}
[debug] [2026-02-14T12:30:19.252Z] E0214 04:30:19.252756   29952 watch.go:40] Failed to load config from "/data/projects/radar_tinder/dataconnect": could not find dataconnect.yaml in `/data/projects/radar_tinder/dataconnect`
 {"metadata":{"emulator":{"name":"dataconnect"},"message":"E0214 04:30:19.252756   29952 watch.go:40] Failed to load config from \"/data/projects/radar_tinder/dataconnect\": could not find dataconnect.yaml in `/data/projects/radar_tinder/dataconnect`\n"}}
[debug] [2026-02-14T12:30:29.260Z] E0214 04:30:29.259824   29952 watch.go:40] Failed to load config from "/data/projects/radar_tinder/dataconnect": could not find dataconnect.yaml in `/data/projects/radar_tinder/dataconnect`
 {"metadata":{"emulator":{"name":"dataconnect"},"message":"E0214 04:30:29.259824   29952 watch.go:40] Failed to load config from \"/data/projects/radar_tinder/dataconnect\": could not find dataconnect.yaml in `/data/projects/radar_tinder/dataconnect`\n"}}
[debug] [2026-02-14T12:30:39.259Z] E0214 04:30:39.259706   29952 watch.go:40] Failed to load config from "/data/projects/radar_tinder/dataconnect": could not find dataconnect.yaml in `/data/projects/radar_tinder/dataconnect`
 {"metadata":{"emulator":{"name":"dataconnect"},"message":"E0214 04:30:39.259706   29952 watch.go:40] Failed to load config from \"/data/projects/radar_tinder/dataconnect\": could not find dataconnect.yaml in `/data/projects/radar_tinder/dataconnect`\n"}}
[debug] [2026-02-14T12:30:49.254Z] E0214 04:30:49.253963   29952 watch.go:116] watchAllDir unable to walk dir `/data/projects/radar_tinder/dataconnect`: lstat /data/projects/radar_tinder/dataconnect: no such file or directory
E0214 04:30:49.254025   29952 watch.go:40] Failed to load config from "/data/projects/radar_tinder/dataconnect": could not find dataconnect.yaml in `/data/projects/radar_tinder/dataconnect`
 {"metadata":{"emulator":{"name":"dataconnect"},"message":"E0214 04:30:49.253963   29952 watch.go:116] watchAllDir unable to walk dir `/data/projects/radar_tinder/dataconnect`: lstat /data/projects/radar_tinder/dataconnect: no such file or directory\nE0214 04:30:49.254025   29952 watch.go:40] Failed to load config from \"/data/projects/radar_tinder/dataconnect\": could not find dataconnect.yaml in `/data/projects/radar_tinder/dataconnect`\n"}}
[debug] [2026-02-14T12:30:59.258Z] E0214 04:30:59.258703   29952 watch.go:40] Failed to load config from "/data/projects/radar_tinder/dataconnect": could not find dataconnect.yaml in `/data/projects/radar_tinder/dataconnect`
 {"metadata":{"emulator":{"name":"dataconnect"},"message":"E0214 04:30:59.258703   29952 watch.go:40] Failed to load config from \"/data/projects/radar_tinder/dataconnect\": could not find dataconnect.yaml in `/data/projects/radar_tinder/dataconnect`\n"}}
[debug] [2026-02-14T12:31:09.252Z] E0214 04:31:09.251873   29952 watch.go:40] Failed to load config from "/data/projects/radar_tinder/dataconnect": could not find dataconnect.yaml in `/data/projects/radar_tinder/dataconnect`
 {"metadata":{"emulator":{"name":"dataconnect"},"message":"E0214 04:31:09.251873   29952 watch.go:40] Failed to load config from \"/data/projects/radar_tinder/dataconnect\": could not find dataconnect.yaml in `/data/projects/radar_tinder/dataconnect`\n"}}
[debug] [2026-02-14T12:31:19.253Z] E0214 04:31:19.253717   29952 watch.go:40] Failed to load config from "/data/projects/radar_tinder/dataconnect": could not find dataconnect.yaml in `/data/projects/radar_tinder/dataconnect`
 {"metadata":{"emulator":{"name":"dataconnect"},"message":"E0214 04:31:19.253717   29952 watch.go:40] Failed to load config from \"/data/projects/radar_tinder/dataconnect\": could not find dataconnect.yaml in `/data/projects/radar_tinder/dataconnect`\n"}}
[debug] [2026-02-14T12:31:29.259Z] E0214 04:31:29.259740   29952 watch.go:40] Failed to load config from "/data/projects/radar_tinder/dataconnect": could not find dataconnect.yaml in `/data/projects/radar_tinder/dataconnect`
 {"metadata":{"emulator":{"name":"dataconnect"},"message":"E0214 04:31:29.259740   29952 watch.go:40] Failed to load config from \"/data/projects/radar_tinder/dataconnect\": could not find dataconnect.yaml in `/data/projects/radar_tinder/dataconnect`\n"}}
[debug] [2026-02-14T12:31:39.260Z] E0214 04:31:39.259844   29952 watch.go:40] Failed to load config from "/data/projects/radar_tinder/dataconnect": could not find dataconnect.yaml in `/data/projects/radar_tinder/dataconnect`
 {"metadata":{"emulator":{"name":"dataconnect"},"message":"E0214 04:31:39.259844   29952 watch.go:40] Failed to load config from \"/data/projects/radar_tinder/dataconnect\": could not find dataconnect.yaml in `/data/projects/radar_tinder/dataconnect`\n"}}
[debug] [2026-02-14T12:31:49.254Z] E0214 04:31:49.253899   29952 watch.go:116] watchAllDir unable to walk dir `/data/projects/radar_tinder/dataconnect`: lstat /data/projects/radar_tinder/dataconnect: no such file or directory
E0214 04:31:49.254091   29952 watch.go:40] Failed to load config from "/data/projects/radar_tinder/dataconnect": could not find dataconnect.yaml in `/data/projects/radar_tinder/dataconnect`
 {"metadata":{"emulator":{"name":"dataconnect"},"message":"E0214 04:31:49.253899   29952 watch.go:116] watchAllDir unable to walk dir `/data/projects/radar_tinder/dataconnect`: lstat /data/projects/radar_tinder/dataconnect: no such file or directory\nE0214 04:31:49.254091   29952 watch.go:40] Failed to load config from \"/data/projects/radar_tinder/dataconnect\": could not find dataconnect.yaml in `/data/projects/radar_tinder/dataconnect`\n"}}
[debug] [2026-02-14T12:31:59.250Z] E0214 04:31:59.250019   29952 watch.go:40] Failed to load config from "/data/projects/radar_tinder/dataconnect": could not find dataconnect.yaml in `/data/projects/radar_tinder/dataconnect`
 {"metadata":{"emulator":{"name":"dataconnect"},"message":"E0214 04:31:59.250019   29952 watch.go:40] Failed to load config from \"/data/projects/radar_tinder/dataconnect\": could not find dataconnect.yaml in `/data/projects/radar_tinder/dataconnect`\n"}}
[debug] [2026-02-14T12:32:09.259Z] E0214 04:32:09.259716   29952 watch.go:40] Failed to load config from "/data/projects/radar_tinder/dataconnect": could not find dataconnect.yaml in `/data/projects/radar_tinder/dataconnect`
 {"metadata":{"emulator":{"name":"dataconnect"},"message":"E0214 04:32:09.259716   29952 watch.go:40] Failed to load config from \"/data/projects/radar_tinder/dataconnect\": could not find dataconnect.yaml in `/data/projects/radar_tinder/dataconnect`\n"}}
[debug] [2026-02-14T12:32:19.252Z] E0214 04:32:19.252533   29952 watch.go:40] Failed to load config from "/data/projects/radar_tinder/dataconnect": could not find dataconnect.yaml in `/data/projects/radar_tinder/dataconnect`
 {"metadata":{"emulator":{"name":"dataconnect"},"message":"E0214 04:32:19.252533   29952 watch.go:40] Failed to load config from \"/data/projects/radar_tinder/dataconnect\": could not find dataconnect.yaml in `/data/projects/radar_tinder/dataconnect`\n"}}
[debug] [2026-02-14T12:32:29.254Z] E0214 04:32:29.253951   29952 watch.go:40] Failed to load config from "/data/projects/radar_tinder/dataconnect": could not find dataconnect.yaml in `/data/projects/radar_tinder/dataconnect`
 {"metadata":{"emulator":{"name":"dataconnect"},"message":"E0214 04:32:29.253951   29952 watch.go:40] Failed to load config from \"/data/projects/radar_tinder/dataconnect\": could not find dataconnect.yaml in `/data/projects/radar_tinder/dataconnect`\n"}}
[debug] [2026-02-14T12:32:39.259Z] E0214 04:32:39.259365   29952 watch.go:40] Failed to load config from "/data/projects/radar_tinder/dataconnect": could not find dataconnect.yaml in `/data/projects/radar_tinder/dataconnect`
 {"metadata":{"emulator":{"name":"dataconnect"},"message":"E0214 04:32:39.259365   29952 watch.go:40] Failed to load config from \"/data/projects/radar_tinder/dataconnect\": could not find dataconnect.yaml in `/data/projects/radar_tinder/dataconnect`\n"}}
[debug] [2026-02-14T12:32:49.253Z] E0214 04:32:49.253377   29952 watch.go:116] watchAllDir unable to walk dir `/data/projects/radar_tinder/dataconnect`: lstat /data/projects/radar_tinder/dataconnect: no such file or directory
E0214 04:32:49.253435   29952 watch.go:40] Failed to load config from "/data/projects/radar_tinder/dataconnect": could not find dataconnect.yaml in `/data/projects/radar_tinder/dataconnect`
 {"metadata":{"emulator":{"name":"dataconnect"},"message":"E0214 04:32:49.253377   29952 watch.go:116] watchAllDir unable to walk dir `/data/projects/radar_tinder/dataconnect`: lstat /data/projects/radar_tinder/dataconnect: no such file or directory\nE0214 04:32:49.253435   29952 watch.go:40] Failed to load config from \"/data/projects/radar_tinder/dataconnect\": could not find dataconnect.yaml in `/data/projects/radar_tinder/dataconnect`\n"}}
[debug] [2026-02-14T12:32:59.259Z] E0214 04:32:59.259542   29952 watch.go:40] Failed to load config from "/data/projects/radar_tinder/dataconnect": could not find dataconnect.yaml in `/data/projects/radar_tinder/dataconnect`
 {"metadata":{"emulator":{"name":"dataconnect"},"message":"E0214 04:32:59.259542   29952 watch.go:40] Failed to load config from \"/data/projects/radar_tinder/dataconnect\": could not find dataconnect.yaml in `/data/projects/radar_tinder/dataconnect`\n"}}
[debug] [2026-02-14T12:33:09.259Z] E0214 04:33:09.259590   29952 watch.go:40] Failed to load config from "/data/projects/radar_tinder/dataconnect": could not find dataconnect.yaml in `/data/projects/radar_tinder/dataconnect`
 {"metadata":{"emulator":{"name":"dataconnect"},"message":"E0214 04:33:09.259590   29952 watch.go:40] Failed to load config from \"/data/projects/radar_tinder/dataconnect\": could not find dataconnect.yaml in `/data/projects/radar_tinder/dataconnect`\n"}}
[debug] [2026-02-14T12:33:19.253Z] E0214 04:33:19.253699   29952 watch.go:40] Failed to load config from "/data/projects/radar_tinder/dataconnect": could not find dataconnect.yaml in `/data/projects/radar_tinder/dataconnect`
 {"metadata":{"emulator":{"name":"dataconnect"},"message":"E0214 04:33:19.253699   29952 watch.go:40] Failed to load config from \"/data/projects/radar_tinder/dataconnect\": could not find dataconnect.yaml in `/data/projects/radar_tinder/dataconnect`\n"}}
[debug] [2026-02-14T12:33:29.259Z] E0214 04:33:29.259741   29952 watch.go:40] Failed to load config from "/data/projects/radar_tinder/dataconnect": could not find dataconnect.yaml in `/data/projects/radar_tinder/dataconnect`
 {"metadata":{"emulator":{"name":"dataconnect"},"message":"E0214 04:33:29.259741   29952 watch.go:40] Failed to load config from \"/data/projects/radar_tinder/dataconnect\": could not find dataconnect.yaml in `/data/projects/radar_tinder/dataconnect`\n"}}
[debug] [2026-02-14T12:33:39.259Z] E0214 04:33:39.259707   29952 watch.go:40] Failed to load config from "/data/projects/radar_tinder/dataconnect": could not find dataconnect.yaml in `/data/projects/radar_tinder/dataconnect`
 {"metadata":{"emulator":{"name":"dataconnect"},"message":"E0214 04:33:39.259707   29952 watch.go:40] Failed to load config from \"/data/projects/radar_tinder/dataconnect\": could not find dataconnect.yaml in `/data/projects/radar_tinder/dataconnect`\n"}}
[debug] [2026-02-14T12:33:49.253Z] E0214 04:33:49.253743   29952 watch.go:116] watchAllDir unable to walk dir `/data/projects/radar_tinder/dataconnect`: lstat /data/projects/radar_tinder/dataconnect: no such file or directory
E0214 04:33:49.253783   29952 watch.go:40] Failed to load config from "/data/projects/radar_tinder/dataconnect": could not find dataconnect.yaml in `/data/projects/radar_tinder/dataconnect`
 {"metadata":{"emulator":{"name":"dataconnect"},"message":"E0214 04:33:49.253743   29952 watch.go:116] watchAllDir unable to walk dir `/data/projects/radar_tinder/dataconnect`: lstat /data/projects/radar_tinder/dataconnect: no such file or directory\nE0214 04:33:49.253783   29952 watch.go:40] Failed to load config from \"/data/projects/radar_tinder/dataconnect\": could not find dataconnect.yaml in `/data/projects/radar_tinder/dataconnect`\n"}}
[debug] [2026-02-14T12:33:59.250Z] E0214 04:33:59.250226   29952 watch.go:40] Failed to load config from "/data/projects/radar_tinder/dataconnect": could not find dataconnect.yaml in `/data/projects/radar_tinder/dataconnect`
 {"metadata":{"emulator":{"name":"dataconnect"},"message":"E0214 04:33:59.250226   29952 watch.go:40] Failed to load config from \"/data/projects/radar_tinder/dataconnect\": could not find dataconnect.yaml in `/data/projects/radar_tinder/dataconnect`\n"}}
[debug] [2026-02-14T12:34:09.250Z] E0214 04:34:09.250037   29952 watch.go:40] Failed to load config from "/data/projects/radar_tinder/dataconnect": could not find dataconnect.yaml in `/data/projects/radar_tinder/dataconnect`
 {"metadata":{"emulator":{"name":"dataconnect"},"message":"E0214 04:34:09.250037   29952 watch.go:40] Failed to load config from \"/data/projects/radar_tinder/dataconnect\": could not find dataconnect.yaml in `/data/projects/radar_tinder/dataconnect`\n"}}
[debug] [2026-02-14T12:34:19.250Z] E0214 04:34:19.250714   29952 watch.go:40] Failed to load config from "/data/projects/radar_tinder/dataconnect": could not find dataconnect.yaml in `/data/projects/radar_tinder/dataconnect`
 {"metadata":{"emulator":{"name":"dataconnect"},"message":"E0214 04:34:19.250714   29952 watch.go:40] Failed to load config from \"/data/projects/radar_tinder/dataconnect\": could not find dataconnect.yaml in `/data/projects/radar_tinder/dataconnect`\n"}}
[debug] [2026-02-14T12:34:29.257Z] E0214 04:34:29.257050   29952 watch.go:40] Failed to load config from "/data/projects/radar_tinder/dataconnect": could not find dataconnect.yaml in `/data/projects/radar_tinder/dataconnect`
 {"metadata":{"emulator":{"name":"dataconnect"},"message":"E0214 04:34:29.257050   29952 watch.go:40] Failed to load config from \"/data/projects/radar_tinder/dataconnect\": could not find dataconnect.yaml in `/data/projects/radar_tinder/dataconnect`\n"}}
[debug] [2026-02-14T12:34:39.259Z] E0214 04:34:39.259191   29952 watch.go:40] Failed to load config from "/data/projects/radar_tinder/dataconnect": could not find dataconnect.yaml in `/data/projects/radar_tinder/dataconnect`
 {"metadata":{"emulator":{"name":"dataconnect"},"message":"E0214 04:34:39.259191   29952 watch.go:40] Failed to load config from \"/data/projects/radar_tinder/dataconnect\": could not find dataconnect.yaml in `/data/projects/radar_tinder/dataconnect`\n"}}
[debug] [2026-02-14T12:34:49.253Z] E0214 04:34:49.253306   29952 watch.go:116] watchAllDir unable to walk dir `/data/projects/radar_tinder/dataconnect`: lstat /data/projects/radar_tinder/dataconnect: no such file or directory
E0214 04:34:49.253337   29952 watch.go:40] Failed to load config from "/data/projects/radar_tinder/dataconnect": could not find dataconnect.yaml in `/data/projects/radar_tinder/dataconnect`
 {"metadata":{"emulator":{"name":"dataconnect"},"message":"E0214 04:34:49.253306   29952 watch.go:116] watchAllDir unable to walk dir `/data/projects/radar_tinder/dataconnect`: lstat /data/projects/radar_tinder/dataconnect: no such file or directory\nE0214 04:34:49.253337   29952 watch.go:40] Failed to load config from \"/data/projects/radar_tinder/dataconnect\": could not find dataconnect.yaml in `/data/projects/radar_tinder/dataconnect`\n"}}
[debug] [2026-02-14T12:34:59.259Z] E0214 04:34:59.259396   29952 watch.go:40] Failed to load config from "/data/projects/radar_tinder/dataconnect": could not find dataconnect.yaml in `/data/projects/radar_tinder/dataconnect`
 {"metadata":{"emulator":{"name":"dataconnect"},"message":"E0214 04:34:59.259396   29952 watch.go:40] Failed to load config from \"/data/projects/radar_tinder/dataconnect\": could not find dataconnect.yaml in `/data/projects/radar_tinder/dataconnect`\n"}}
[debug] [2026-02-14T12:35:09.255Z] E0214 04:35:09.255467   29952 watch.go:40] Failed to load config from "/data/projects/radar_tinder/dataconnect": could not find dataconnect.yaml in `/data/projects/radar_tinder/dataconnect`
 {"metadata":{"emulator":{"name":"dataconnect"},"message":"E0214 04:35:09.255467   29952 watch.go:40] Failed to load config from \"/data/projects/radar_tinder/dataconnect\": could not find dataconnect.yaml in `/data/projects/radar_tinder/dataconnect`\n"}}
[debug] [2026-02-14T12:35:19.253Z] E0214 04:35:19.253548   29952 watch.go:40] Failed to load config from "/data/projects/radar_tinder/dataconnect": could not find dataconnect.yaml in `/data/projects/radar_tinder/dataconnect`
 {"metadata":{"emulator":{"name":"dataconnect"},"message":"E0214 04:35:19.253548   29952 watch.go:40] Failed to load config from \"/data/projects/radar_tinder/dataconnect\": could not find dataconnect.yaml in `/data/projects/radar_tinder/dataconnect`\n"}}
[debug] [2026-02-14T12:35:29.259Z] E0214 04:35:29.259641   29952 watch.go:40] Failed to load config from "/data/projects/radar_tinder/dataconnect": could not find dataconnect.yaml in `/data/projects/radar_tinder/dataconnect`
 {"metadata":{"emulator":{"name":"dataconnect"},"message":"E0214 04:35:29.259641   29952 watch.go:40] Failed to load config from \"/data/projects/radar_tinder/dataconnect\": could not find dataconnect.yaml in `/data/projects/radar_tinder/dataconnect`\n"}}
[debug] [2026-02-14T12:35:39.259Z] E0214 04:35:39.258759   29952 watch.go:40] Failed to load config from "/data/projects/radar_tinder/dataconnect": could not find dataconnect.yaml in `/data/projects/radar_tinder/dataconnect`
 {"metadata":{"emulator":{"name":"dataconnect"},"message":"E0214 04:35:39.258759   29952 watch.go:40] Failed to load config from \"/data/projects/radar_tinder/dataconnect\": could not find dataconnect.yaml in `/data/projects/radar_tinder/dataconnect`\n"}}
[debug] [2026-02-14T12:35:49.253Z] E0214 04:35:49.253713   29952 watch.go:116] watchAllDir unable to walk dir `/data/projects/radar_tinder/dataconnect`: lstat /data/projects/radar_tinder/dataconnect: no such file or directory
E0214 04:35:49.253780   29952 watch.go:40] Failed to load config from "/data/projects/radar_tinder/dataconnect": could not find dataconnect.yaml in `/data/projects/radar_tinder/dataconnect`
 {"metadata":{"emulator":{"name":"dataconnect"},"message":"E0214 04:35:49.253713   29952 watch.go:116] watchAllDir unable to walk dir `/data/projects/radar_tinder/dataconnect`: lstat /data/projects/radar_tinder/dataconnect: no such file or directory\nE0214 04:35:49.253780   29952 watch.go:40] Failed to load config from \"/data/projects/radar_tinder/dataconnect\": could not find dataconnect.yaml in `/data/projects/radar_tinder/dataconnect`\n"}}
[debug] [2026-02-14T12:35:59.260Z] E0214 04:35:59.259828   29952 watch.go:40] Failed to load config from "/data/projects/radar_tinder/dataconnect": could not find dataconnect.yaml in `/data/projects/radar_tinder/dataconnect`
 {"metadata":{"emulator":{"name":"dataconnect"},"message":"E0214 04:35:59.259828   29952 watch.go:40] Failed to load config from \"/data/projects/radar_tinder/dataconnect\": could not find dataconnect.yaml in `/data/projects/radar_tinder/dataconnect`\n"}}
[debug] [2026-02-14T12:36:09.250Z] E0214 04:36:09.250189   29952 watch.go:40] Failed to load config from "/data/projects/radar_tinder/dataconnect": could not find dataconnect.yaml in `/data/projects/radar_tinder/dataconnect`
 {"metadata":{"emulator":{"name":"dataconnect"},"message":"E0214 04:36:09.250189   29952 watch.go:40] Failed to load config from \"/data/projects/radar_tinder/dataconnect\": could not find dataconnect.yaml in `/data/projects/radar_tinder/dataconnect`\n"}}
[debug] [2026-02-14T12:36:19.253Z] E0214 04:36:19.253744   29952 watch.go:40] Failed to load config from "/data/projects/radar_tinder/dataconnect": could not find dataconnect.yaml in `/data/projects/radar_tinder/dataconnect`
 {"metadata":{"emulator":{"name":"dataconnect"},"message":"E0214 04:36:19.253744   29952 watch.go:40] Failed to load config from \"/data/projects/radar_tinder/dataconnect\": could not find dataconnect.yaml in `/data/projects/radar_tinder/dataconnect`\n"}}
[debug] [2026-02-14T12:36:29.259Z] E0214 04:36:29.259724   29952 watch.go:40] Failed to load config from "/data/projects/radar_tinder/dataconnect": could not find dataconnect.yaml in `/data/projects/radar_tinder/dataconnect`
 {"metadata":{"emulator":{"name":"dataconnect"},"message":"E0214 04:36:29.259724   29952 watch.go:40] Failed to load config from \"/data/projects/radar_tinder/dataconnect\": could not find dataconnect.yaml in `/data/projects/radar_tinder/dataconnect`\n"}}
[debug] [2026-02-14T12:36:39.259Z] E0214 04:36:39.259728   29952 watch.go:40] Failed to load config from "/data/projects/radar_tinder/dataconnect": could not find dataconnect.yaml in `/data/projects/radar_tinder/dataconnect`
 {"metadata":{"emulator":{"name":"dataconnect"},"message":"E0214 04:36:39.259728   29952 watch.go:40] Failed to load config from \"/data/projects/radar_tinder/dataconnect\": could not find dataconnect.yaml in `/data/projects/radar_tinder/dataconnect`\n"}}
[debug] [2026-02-14T12:36:49.253Z] E0214 04:36:49.253704   29952 watch.go:116] watchAllDir unable to walk dir `/data/projects/radar_tinder/dataconnect`: lstat /data/projects/radar_tinder/dataconnect: no such file or directory
E0214 04:36:49.253757   29952 watch.go:40] Failed to load config from "/data/projects/radar_tinder/dataconnect": could not find dataconnect.yaml in `/data/projects/radar_tinder/dataconnect`
 {"metadata":{"emulator":{"name":"dataconnect"},"message":"E0214 04:36:49.253704   29952 watch.go:116] watchAllDir unable to walk dir `/data/projects/radar_tinder/dataconnect`: lstat /data/projects/radar_tinder/dataconnect: no such file or directory\nE0214 04:36:49.253757   29952 watch.go:40] Failed to load config from \"/data/projects/radar_tinder/dataconnect\": could not find dataconnect.yaml in `/data/projects/radar_tinder/dataconnect`\n"}}
[debug] [2026-02-14T12:36:59.250Z] E0214 04:36:59.249959   29952 watch.go:40] Failed to load config from "/data/projects/radar_tinder/dataconnect": could not find dataconnect.yaml in `/data/projects/radar_tinder/dataconnect`
 {"metadata":{"emulator":{"name":"dataconnect"},"message":"E0214 04:36:59.249959   29952 watch.go:40] Failed to load config from \"/data/projects/radar_tinder/dataconnect\": could not find dataconnect.yaml in `/data/projects/radar_tinder/dataconnect`\n"}}
[debug] [2026-02-14T12:37:09.259Z] E0214 04:37:09.258764   29952 watch.go:40] Failed to load config from "/data/projects/radar_tinder/dataconnect": could not find dataconnect.yaml in `/data/projects/radar_tinder/dataconnect`
 {"metadata":{"emulator":{"name":"dataconnect"},"message":"E0214 04:37:09.258764   29952 watch.go:40] Failed to load config from \"/data/projects/radar_tinder/dataconnect\": could not find dataconnect.yaml in `/data/projects/radar_tinder/dataconnect`\n"}}
[debug] [2026-02-14T12:37:19.253Z] E0214 04:37:19.253707   29952 watch.go:40] Failed to load config from "/data/projects/radar_tinder/dataconnect": could not find dataconnect.yaml in `/data/projects/radar_tinder/dataconnect`
 {"metadata":{"emulator":{"name":"dataconnect"},"message":"E0214 04:37:19.253707   29952 watch.go:40] Failed to load config from \"/data/projects/radar_tinder/dataconnect\": could not find dataconnect.yaml in `/data/projects/radar_tinder/dataconnect`\n"}}
[debug] [2026-02-14T12:37:29.260Z] E0214 04:37:29.259764   29952 watch.go:40] Failed to load config from "/data/projects/radar_tinder/dataconnect": could not find dataconnect.yaml in `/data/projects/radar_tinder/dataconnect`
 {"metadata":{"emulator":{"name":"dataconnect"},"message":"E0214 04:37:29.259764   29952 watch.go:40] Failed to load config from \"/data/projects/radar_tinder/dataconnect\": could not find dataconnect.yaml in `/data/projects/radar_tinder/dataconnect`\n"}}
[debug] [2026-02-14T12:37:39.259Z] E0214 04:37:39.259725   29952 watch.go:40] Failed to load config from "/data/projects/radar_tinder/dataconnect": could not find dataconnect.yaml in `/data/projects/radar_tinder/dataconnect`
 {"metadata":{"emulator":{"name":"dataconnect"},"message":"E0214 04:37:39.259725   29952 watch.go:40] Failed to load config from \"/data/projects/radar_tinder/dataconnect\": could not find dataconnect.yaml in `/data/projects/radar_tinder/dataconnect`\n"}}
[debug] [2026-02-14T12:37:49.254Z] E0214 04:37:49.253706   29952 watch.go:116] watchAllDir unable to walk dir `/data/projects/radar_tinder/dataconnect`: lstat /data/projects/radar_tinder/dataconnect: no such file or directory
E0214 04:37:49.253791   29952 watch.go:40] Failed to load config from "/data/projects/radar_tinder/dataconnect": could not find dataconnect.yaml in `/data/projects/radar_tinder/dataconnect`
 {"metadata":{"emulator":{"name":"dataconnect"},"message":"E0214 04:37:49.253706   29952 watch.go:116] watchAllDir unable to walk dir `/data/projects/radar_tinder/dataconnect`: lstat /data/projects/radar_tinder/dataconnect: no such file or directory\nE0214 04:37:49.253791   29952 watch.go:40] Failed to load config from \"/data/projects/radar_tinder/dataconnect\": could not find dataconnect.yaml in `/data/projects/radar_tinder/dataconnect`\n"}}
[debug] [2026-02-14T12:37:59.260Z] E0214 04:37:59.259810   29952 watch.go:40] Failed to load config from "/data/projects/radar_tinder/dataconnect": could not find dataconnect.yaml in `/data/projects/radar_tinder/dataconnect`
 {"metadata":{"emulator":{"name":"dataconnect"},"message":"E0214 04:37:59.259810   29952 watch.go:40] Failed to load config from \"/data/projects/radar_tinder/dataconnect\": could not find dataconnect.yaml in `/data/projects/radar_tinder/dataconnect`\n"}}
[debug] [2026-02-14T12:38:09.259Z] E0214 04:38:09.259229   29952 watch.go:40] Failed to load config from "/data/projects/radar_tinder/dataconnect": could not find dataconnect.yaml in `/data/projects/radar_tinder/dataconnect`
 {"metadata":{"emulator":{"name":"dataconnect"},"message":"E0214 04:38:09.259229   29952 watch.go:40] Failed to load config from \"/data/projects/radar_tinder/dataconnect\": could not find dataconnect.yaml in `/data/projects/radar_tinder/dataconnect`\n"}}
[debug] [2026-02-14T12:38:19.253Z] E0214 04:38:19.253265   29952 watch.go:40] Failed to load config from "/data/projects/radar_tinder/dataconnect": could not find dataconnect.yaml in `/data/projects/radar_tinder/dataconnect`
 {"metadata":{"emulator":{"name":"dataconnect"},"message":"E0214 04:38:19.253265   29952 watch.go:40] Failed to load config from \"/data/projects/radar_tinder/dataconnect\": could not find dataconnect.yaml in `/data/projects/radar_tinder/dataconnect`\n"}}
[debug] [2026-02-14T12:38:29.250Z] E0214 04:38:29.250001   29952 watch.go:40] Failed to load config from "/data/projects/radar_tinder/dataconnect": could not find dataconnect.yaml in `/data/projects/radar_tinder/dataconnect`
 {"metadata":{"emulator":{"name":"dataconnect"},"message":"E0214 04:38:29.250001   29952 watch.go:40] Failed to load config from \"/data/projects/radar_tinder/dataconnect\": could not find dataconnect.yaml in `/data/projects/radar_tinder/dataconnect`\n"}}
[debug] [2026-02-14T12:38:39.254Z] E0214 04:38:39.254367   29952 watch.go:40] Failed to load config from "/data/projects/radar_tinder/dataconnect": could not find dataconnect.yaml in `/data/projects/radar_tinder/dataconnect`
 {"metadata":{"emulator":{"name":"dataconnect"},"message":"E0214 04:38:39.254367   29952 watch.go:40] Failed to load config from \"/data/projects/radar_tinder/dataconnect\": could not find dataconnect.yaml in `/data/projects/radar_tinder/dataconnect`\n"}}
[debug] [2026-02-14T12:38:49.252Z] E0214 04:38:49.252717   29952 watch.go:116] watchAllDir unable to walk dir `/data/projects/radar_tinder/dataconnect`: lstat /data/projects/radar_tinder/dataconnect: no such file or directory
E0214 04:38:49.252753   29952 watch.go:40] Failed to load config from "/data/projects/radar_tinder/dataconnect": could not find dataconnect.yaml in `/data/projects/radar_tinder/dataconnect`
 {"metadata":{"emulator":{"name":"dataconnect"},"message":"E0214 04:38:49.252717   29952 watch.go:116] watchAllDir unable to walk dir `/data/projects/radar_tinder/dataconnect`: lstat /data/projects/radar_tinder/dataconnect: no such file or directory\nE0214 04:38:49.252753   29952 watch.go:40] Failed to load config from \"/data/projects/radar_tinder/dataconnect\": could not find dataconnect.yaml in `/data/projects/radar_tinder/dataconnect`\n"}}
[debug] [2026-02-14T12:38:59.260Z] E0214 04:38:59.259829   29952 watch.go:40] Failed to load config from "/data/projects/radar_tinder/dataconnect": could not find dataconnect.yaml in `/data/projects/radar_tinder/dataconnect`
 {"metadata":{"emulator":{"name":"dataconnect"},"message":"E0214 04:38:59.259829   29952 watch.go:40] Failed to load config from \"/data/projects/radar_tinder/dataconnect\": could not find dataconnect.yaml in `/data/projects/radar_tinder/dataconnect`\n"}}
[debug] [2026-02-14T12:39:09.259Z] E0214 04:39:09.259753   29952 watch.go:40] Failed to load config from "/data/projects/radar_tinder/dataconnect": could not find dataconnect.yaml in `/data/projects/radar_tinder/dataconnect`
 {"metadata":{"emulator":{"name":"dataconnect"},"message":"E0214 04:39:09.259753   29952 watch.go:40] Failed to load config from \"/data/projects/radar_tinder/dataconnect\": could not find dataconnect.yaml in `/data/projects/radar_tinder/dataconnect`\n"}}
[debug] [2026-02-14T12:39:19.254Z] E0214 04:39:19.253852   29952 watch.go:40] Failed to load config from "/data/projects/radar_tinder/dataconnect": could not find dataconnect.yaml in `/data/projects/radar_tinder/dataconnect`
 {"metadata":{"emulator":{"name":"dataconnect"},"message":"E0214 04:39:19.253852   29952 watch.go:40] Failed to load config from \"/data/projects/radar_tinder/dataconnect\": could not find dataconnect.yaml in `/data/projects/radar_tinder/dataconnect`\n"}}
[debug] [2026-02-14T12:39:29.259Z] E0214 04:39:29.258989   29952 watch.go:40] Failed to load config from "/data/projects/radar_tinder/dataconnect": could not find dataconnect.yaml in `/data/projects/radar_tinder/dataconnect`
 {"metadata":{"emulator":{"name":"dataconnect"},"message":"E0214 04:39:29.258989   29952 watch.go:40] Failed to load config from \"/data/projects/radar_tinder/dataconnect\": could not find dataconnect.yaml in `/data/projects/radar_tinder/dataconnect`\n"}}
[debug] [2026-02-14T12:39:39.254Z] E0214 04:39:39.253973   29952 watch.go:40] Failed to load config from "/data/projects/radar_tinder/dataconnect": could not find dataconnect.yaml in `/data/projects/radar_tinder/dataconnect`
 {"metadata":{"emulator":{"name":"dataconnect"},"message":"E0214 04:39:39.253973   29952 watch.go:40] Failed to load config from \"/data/projects/radar_tinder/dataconnect\": could not find dataconnect.yaml in `/data/projects/radar_tinder/dataconnect`\n"}}
[debug] [2026-02-14T12:39:49.254Z] E0214 04:39:49.253979   29952 watch.go:116] watchAllDir unable to walk dir `/data/projects/radar_tinder/dataconnect`: lstat /data/projects/radar_tinder/dataconnect: no such file or directory
E0214 04:39:49.254106   29952 watch.go:40] Failed to load config from "/data/projects/radar_tinder/dataconnect": could not find dataconnect.yaml in `/data/projects/radar_tinder/dataconnect`
 {"metadata":{"emulator":{"name":"dataconnect"},"message":"E0214 04:39:49.253979   29952 watch.go:116] watchAllDir unable to walk dir `/data/projects/radar_tinder/dataconnect`: lstat /data/projects/radar_tinder/dataconnect: no such file or directory\nE0214 04:39:49.254106   29952 watch.go:40] Failed to load config from \"/data/projects/radar_tinder/dataconnect\": could not find dataconnect.yaml in `/data/projects/radar_tinder/dataconnect`\n"}}
[debug] [2026-02-14T12:39:59.258Z] E0214 04:39:59.258501   29952 watch.go:40] Failed to load config from "/data/projects/radar_tinder/dataconnect": could not find dataconnect.yaml in `/data/projects/radar_tinder/dataconnect`
 {"metadata":{"emulator":{"name":"dataconnect"},"message":"E0214 04:39:59.258501   29952 watch.go:40] Failed to load config from \"/data/projects/radar_tinder/dataconnect\": could not find dataconnect.yaml in `/data/projects/radar_tinder/dataconnect`\n"}}
[debug] [2026-02-14T12:40:09.259Z] E0214 04:40:09.259555   29952 watch.go:40] Failed to load config from "/data/projects/radar_tinder/dataconnect": could not find dataconnect.yaml in `/data/projects/radar_tinder/dataconnect`
 {"metadata":{"emulator":{"name":"dataconnect"},"message":"E0214 04:40:09.259555   29952 watch.go:40] Failed to load config from \"/data/projects/radar_tinder/dataconnect\": could not find dataconnect.yaml in `/data/projects/radar_tinder/dataconnect`\n"}}
[debug] [2026-02-14T12:40:19.253Z] E0214 04:40:19.253699   29952 watch.go:40] Failed to load config from "/data/projects/radar_tinder/dataconnect": could not find dataconnect.yaml in `/data/projects/radar_tinder/dataconnect`
 {"metadata":{"emulator":{"name":"dataconnect"},"message":"E0214 04:40:19.253699   29952 watch.go:40] Failed to load config from \"/data/projects/radar_tinder/dataconnect\": could not find dataconnect.yaml in `/data/projects/radar_tinder/dataconnect`\n"}}
[debug] [2026-02-14T12:40:29.250Z] E0214 04:40:29.250425   29952 watch.go:40] Failed to load config from "/data/projects/radar_tinder/dataconnect": could not find dataconnect.yaml in `/data/projects/radar_tinder/dataconnect`
 {"metadata":{"emulator":{"name":"dataconnect"},"message":"E0214 04:40:29.250425   29952 watch.go:40] Failed to load config from \"/data/projects/radar_tinder/dataconnect\": could not find dataconnect.yaml in `/data/projects/radar_tinder/dataconnect`\n"}}
[debug] [2026-02-14T12:40:39.250Z] E0214 04:40:39.249957   29952 watch.go:40] Failed to load config from "/data/projects/radar_tinder/dataconnect": could not find dataconnect.yaml in `/data/projects/radar_tinder/dataconnect`
 {"metadata":{"emulator":{"name":"dataconnect"},"message":"E0214 04:40:39.249957   29952 watch.go:40] Failed to load config from \"/data/projects/radar_tinder/dataconnect\": could not find dataconnect.yaml in `/data/projects/radar_tinder/dataconnect`\n"}}
[debug] [2026-02-14T12:40:49.253Z] E0214 04:40:49.252761   29952 watch.go:116] watchAllDir unable to walk dir `/data/projects/radar_tinder/dataconnect`: lstat /data/projects/radar_tinder/dataconnect: no such file or directory
E0214 04:40:49.252876   29952 watch.go:40] Failed to load config from "/data/projects/radar_tinder/dataconnect": could not find dataconnect.yaml in `/data/projects/radar_tinder/dataconnect`
 {"metadata":{"emulator":{"name":"dataconnect"},"message":"E0214 04:40:49.252761   29952 watch.go:116] watchAllDir unable to walk dir `/data/projects/radar_tinder/dataconnect`: lstat /data/projects/radar_tinder/dataconnect: no such file or directory\nE0214 04:40:49.252876   29952 watch.go:40] Failed to load config from \"/data/projects/radar_tinder/dataconnect\": could not find dataconnect.yaml in `/data/projects/radar_tinder/dataconnect`\n"}}
[debug] [2026-02-14T12:40:59.259Z] E0214 04:40:59.259043   29952 watch.go:40] Failed to load config from "/data/projects/radar_tinder/dataconnect": could not find dataconnect.yaml in `/data/projects/radar_tinder/dataconnect`
 {"metadata":{"emulator":{"name":"dataconnect"},"message":"E0214 04:40:59.259043   29952 watch.go:40] Failed to load config from \"/data/projects/radar_tinder/dataconnect\": could not find dataconnect.yaml in `/data/projects/radar_tinder/dataconnect`\n"}}
[debug] [2026-02-14T12:41:09.259Z] E0214 04:41:09.258987   29952 watch.go:40] Failed to load config from "/data/projects/radar_tinder/dataconnect": could not find dataconnect.yaml in `/data/projects/radar_tinder/dataconnect`
 {"metadata":{"emulator":{"name":"dataconnect"},"message":"E0214 04:41:09.258987   29952 watch.go:40] Failed to load config from \"/data/projects/radar_tinder/dataconnect\": could not find dataconnect.yaml in `/data/projects/radar_tinder/dataconnect`\n"}}
[debug] [2026-02-14T12:41:19.254Z] E0214 04:41:19.254078   29952 watch.go:40] Failed to load config from "/data/projects/radar_tinder/dataconnect": could not find dataconnect.yaml in `/data/projects/radar_tinder/dataconnect`
 {"metadata":{"emulator":{"name":"dataconnect"},"message":"E0214 04:41:19.254078   29952 watch.go:40] Failed to load config from \"/data/projects/radar_tinder/dataconnect\": could not find dataconnect.yaml in `/data/projects/radar_tinder/dataconnect`\n"}}
[debug] [2026-02-14T12:41:29.259Z] E0214 04:41:29.258705   29952 watch.go:40] Failed to load config from "/data/projects/radar_tinder/dataconnect": could not find dataconnect.yaml in `/data/projects/radar_tinder/dataconnect`
 {"metadata":{"emulator":{"name":"dataconnect"},"message":"E0214 04:41:29.258705   29952 watch.go:40] Failed to load config from \"/data/projects/radar_tinder/dataconnect\": could not find dataconnect.yaml in `/data/projects/radar_tinder/dataconnect`\n"}}
[debug] [2026-02-14T12:41:39.255Z] E0214 04:41:39.254807   29952 watch.go:40] Failed to load config from "/data/projects/radar_tinder/dataconnect": could not find dataconnect.yaml in `/data/projects/radar_tinder/dataconnect`
 {"metadata":{"emulator":{"name":"dataconnect"},"message":"E0214 04:41:39.254807   29952 watch.go:40] Failed to load config from \"/data/projects/radar_tinder/dataconnect\": could not find dataconnect.yaml in `/data/projects/radar_tinder/dataconnect`\n"}}
[debug] [2026-02-14T12:41:49.253Z] E0214 04:41:49.253698   29952 watch.go:116] watchAllDir unable to walk dir `/data/projects/radar_tinder/dataconnect`: lstat /data/projects/radar_tinder/dataconnect: no such file or directory
E0214 04:41:49.253720   29952 watch.go:40] Failed to load config from "/data/projects/radar_tinder/dataconnect": could not find dataconnect.yaml in `/data/projects/radar_tinder/dataconnect`
 {"metadata":{"emulator":{"name":"dataconnect"},"message":"E0214 04:41:49.253698   29952 watch.go:116] watchAllDir unable to walk dir `/data/projects/radar_tinder/dataconnect`: lstat /data/projects/radar_tinder/dataconnect: no such file or directory\nE0214 04:41:49.253720   29952 watch.go:40] Failed to load config from \"/data/projects/radar_tinder/dataconnect\": could not find dataconnect.yaml in `/data/projects/radar_tinder/dataconnect`\n"}}
[debug] [2026-02-14T12:41:59.254Z] E0214 04:41:59.253890   29952 watch.go:40] Failed to load config from "/data/projects/radar_tinder/dataconnect": could not find dataconnect.yaml in `/data/projects/radar_tinder/dataconnect`
 {"metadata":{"emulator":{"name":"dataconnect"},"message":"E0214 04:41:59.253890   29952 watch.go:40] Failed to load config from \"/data/projects/radar_tinder/dataconnect\": could not find dataconnect.yaml in `/data/projects/radar_tinder/dataconnect`\n"}}
[debug] [2026-02-14T12:42:09.259Z] E0214 04:42:09.258984   29952 watch.go:40] Failed to load config from "/data/projects/radar_tinder/dataconnect": could not find dataconnect.yaml in `/data/projects/radar_tinder/dataconnect`
 {"metadata":{"emulator":{"name":"dataconnect"},"message":"E0214 04:42:09.258984   29952 watch.go:40] Failed to load config from \"/data/projects/radar_tinder/dataconnect\": could not find dataconnect.yaml in `/data/projects/radar_tinder/dataconnect`\n"}}
[debug] [2026-02-14T12:42:19.252Z] E0214 04:42:19.252343   29952 watch.go:40] Failed to load config from "/data/projects/radar_tinder/dataconnect": could not find dataconnect.yaml in `/data/projects/radar_tinder/dataconnect`
 {"metadata":{"emulator":{"name":"dataconnect"},"message":"E0214 04:42:19.252343   29952 watch.go:40] Failed to load config from \"/data/projects/radar_tinder/dataconnect\": could not find dataconnect.yaml in `/data/projects/radar_tinder/dataconnect`\n"}}
[debug] [2026-02-14T12:42:29.255Z] E0214 04:42:29.255112   29952 watch.go:40] Failed to load config from "/data/projects/radar_tinder/dataconnect": could not find dataconnect.yaml in `/data/projects/radar_tinder/dataconnect`
 {"metadata":{"emulator":{"name":"dataconnect"},"message":"E0214 04:42:29.255112   29952 watch.go:40] Failed to load config from \"/data/projects/radar_tinder/dataconnect\": could not find dataconnect.yaml in `/data/projects/radar_tinder/dataconnect`\n"}}
[debug] [2026-02-14T12:42:39.250Z] E0214 04:42:39.250347   29952 watch.go:40] Failed to load config from "/data/projects/radar_tinder/dataconnect": could not find dataconnect.yaml in `/data/projects/radar_tinder/dataconnect`
 {"metadata":{"emulator":{"name":"dataconnect"},"message":"E0214 04:42:39.250347   29952 watch.go:40] Failed to load config from \"/data/projects/radar_tinder/dataconnect\": could not find dataconnect.yaml in `/data/projects/radar_tinder/dataconnect`\n"}}
[debug] [2026-02-14T12:42:49.250Z] E0214 04:42:49.249952   29952 watch.go:116] watchAllDir unable to walk dir `/data/projects/radar_tinder/dataconnect`: lstat /data/projects/radar_tinder/dataconnect: no such file or directory
E0214 04:42:49.250099   29952 watch.go:40] Failed to load config from "/data/projects/radar_tinder/dataconnect": could not find dataconnect.yaml in `/data/projects/radar_tinder/dataconnect`
 {"metadata":{"emulator":{"name":"dataconnect"},"message":"E0214 04:42:49.249952   29952 watch.go:116] watchAllDir unable to walk dir `/data/projects/radar_tinder/dataconnect`: lstat /data/projects/radar_tinder/dataconnect: no such file or directory\nE0214 04:42:49.250099   29952 watch.go:40] Failed to load config from \"/data/projects/radar_tinder/dataconnect\": could not find dataconnect.yaml in `/data/projects/radar_tinder/dataconnect`\n"}}
[debug] [2026-02-14T12:42:59.259Z] E0214 04:42:59.258790   29952 watch.go:40] Failed to load config from "/data/projects/radar_tinder/dataconnect": could not find dataconnect.yaml in `/data/projects/radar_tinder/dataconnect`
 {"metadata":{"emulator":{"name":"dataconnect"},"message":"E0214 04:42:59.258790   29952 watch.go:40] Failed to load config from \"/data/projects/radar_tinder/dataconnect\": could not find dataconnect.yaml in `/data/projects/radar_tinder/dataconnect`\n"}}
[debug] [2026-02-14T12:43:09.259Z] E0214 04:43:09.259205   29952 watch.go:40] Failed to load config from "/data/projects/radar_tinder/dataconnect": could not find dataconnect.yaml in `/data/projects/radar_tinder/dataconnect`
 {"metadata":{"emulator":{"name":"dataconnect"},"message":"E0214 04:43:09.259205   29952 watch.go:40] Failed to load config from \"/data/projects/radar_tinder/dataconnect\": could not find dataconnect.yaml in `/data/projects/radar_tinder/dataconnect`\n"}}
[debug] [2026-02-14T12:43:19.250Z] E0214 04:43:19.250506   29952 watch.go:40] Failed to load config from "/data/projects/radar_tinder/dataconnect": could not find dataconnect.yaml in `/data/projects/radar_tinder/dataconnect`
 {"metadata":{"emulator":{"name":"dataconnect"},"message":"E0214 04:43:19.250506   29952 watch.go:40] Failed to load config from \"/data/projects/radar_tinder/dataconnect\": could not find dataconnect.yaml in `/data/projects/radar_tinder/dataconnect`\n"}}
[debug] [2026-02-14T12:43:29.259Z] E0214 04:43:29.259569   29952 watch.go:40] Failed to load config from "/data/projects/radar_tinder/dataconnect": could not find dataconnect.yaml in `/data/projects/radar_tinder/dataconnect`
 {"metadata":{"emulator":{"name":"dataconnect"},"message":"E0214 04:43:29.259569   29952 watch.go:40] Failed to load config from \"/data/projects/radar_tinder/dataconnect\": could not find dataconnect.yaml in `/data/projects/radar_tinder/dataconnect`\n"}}
[debug] [2026-02-14T12:43:39.259Z] E0214 04:43:39.259644   29952 watch.go:40] Failed to load config from "/data/projects/radar_tinder/dataconnect": could not find dataconnect.yaml in `/data/projects/radar_tinder/dataconnect`
 {"metadata":{"emulator":{"name":"dataconnect"},"message":"E0214 04:43:39.259644   29952 watch.go:40] Failed to load config from \"/data/projects/radar_tinder/dataconnect\": could not find dataconnect.yaml in `/data/projects/radar_tinder/dataconnect`\n"}}
[debug] [2026-02-14T12:43:49.253Z] E0214 04:43:49.253714   29952 watch.go:116] watchAllDir unable to walk dir `/data/projects/radar_tinder/dataconnect`: lstat /data/projects/radar_tinder/dataconnect: no such file or directory
E0214 04:43:49.253754   29952 watch.go:40] Failed to load config from "/data/projects/radar_tinder/dataconnect": could not find dataconnect.yaml in `/data/projects/radar_tinder/dataconnect`
 {"metadata":{"emulator":{"name":"dataconnect"},"message":"E0214 04:43:49.253714   29952 watch.go:116] watchAllDir unable to walk dir `/data/projects/radar_tinder/dataconnect`: lstat /data/projects/radar_tinder/dataconnect: no such file or directory\nE0214 04:43:49.253754   29952 watch.go:40] Failed to load config from \"/data/projects/radar_tinder/dataconnect\": could not find dataconnect.yaml in `/data/projects/radar_tinder/dataconnect`\n"}}
[debug] [2026-02-14T12:43:59.259Z] E0214 04:43:59.259762   29952 watch.go:40] Failed to load config from "/data/projects/radar_tinder/dataconnect": could not find dataconnect.yaml in `/data/projects/radar_tinder/dataconnect`
 {"metadata":{"emulator":{"name":"dataconnect"},"message":"E0214 04:43:59.259762   29952 watch.go:40] Failed to load config from \"/data/projects/radar_tinder/dataconnect\": could not find dataconnect.yaml in `/data/projects/radar_tinder/dataconnect`\n"}}
[debug] [2026-02-14T12:44:09.259Z] E0214 04:44:09.259738   29952 watch.go:40] Failed to load config from "/data/projects/radar_tinder/dataconnect": could not find dataconnect.yaml in `/data/projects/radar_tinder/dataconnect`
 {"metadata":{"emulator":{"name":"dataconnect"},"message":"E0214 04:44:09.259738   29952 watch.go:40] Failed to load config from \"/data/projects/radar_tinder/dataconnect\": could not find dataconnect.yaml in `/data/projects/radar_tinder/dataconnect`\n"}}
[debug] [2026-02-14T12:44:19.253Z] E0214 04:44:19.253713   29952 watch.go:40] Failed to load config from "/data/projects/radar_tinder/dataconnect": could not find dataconnect.yaml in `/data/projects/radar_tinder/dataconnect`
 {"metadata":{"emulator":{"name":"dataconnect"},"message":"E0214 04:44:19.253713   29952 watch.go:40] Failed to load config from \"/data/projects/radar_tinder/dataconnect\": could not find dataconnect.yaml in `/data/projects/radar_tinder/dataconnect`\n"}}
[debug] [2026-02-14T12:44:29.259Z] E0214 04:44:29.259706   29952 watch.go:40] Failed to load config from "/data/projects/radar_tinder/dataconnect": could not find dataconnect.yaml in `/data/projects/radar_tinder/dataconnect`
 {"metadata":{"emulator":{"name":"dataconnect"},"message":"E0214 04:44:29.259706   29952 watch.go:40] Failed to load config from \"/data/projects/radar_tinder/dataconnect\": could not find dataconnect.yaml in `/data/projects/radar_tinder/dataconnect`\n"}}
[debug] [2026-02-14T12:44:39.259Z] E0214 04:44:39.259702   29952 watch.go:40] Failed to load config from "/data/projects/radar_tinder/dataconnect": could not find dataconnect.yaml in `/data/projects/radar_tinder/dataconnect`
 {"metadata":{"emulator":{"name":"dataconnect"},"message":"E0214 04:44:39.259702   29952 watch.go:40] Failed to load config from \"/data/projects/radar_tinder/dataconnect\": could not find dataconnect.yaml in `/data/projects/radar_tinder/dataconnect`\n"}}
[debug] [2026-02-14T12:44:49.253Z] E0214 04:44:49.253690   29952 watch.go:116] watchAllDir unable to walk dir `/data/projects/radar_tinder/dataconnect`: lstat /data/projects/radar_tinder/dataconnect: no such file or directory
E0214 04:44:49.253756   29952 watch.go:40] Failed to load config from "/data/projects/radar_tinder/dataconnect": could not find dataconnect.yaml in `/data/projects/radar_tinder/dataconnect`
 {"metadata":{"emulator":{"name":"dataconnect"},"message":"E0214 04:44:49.253690   29952 watch.go:116] watchAllDir unable to walk dir `/data/projects/radar_tinder/dataconnect`: lstat /data/projects/radar_tinder/dataconnect: no such file or directory\nE0214 04:44:49.253756   29952 watch.go:40] Failed to load config from \"/data/projects/radar_tinder/dataconnect\": could not find dataconnect.yaml in `/data/projects/radar_tinder/dataconnect`\n"}}
[debug] [2026-02-14T12:44:59.250Z] E0214 04:44:59.249987   29952 watch.go:40] Failed to load config from "/data/projects/radar_tinder/dataconnect": could not find dataconnect.yaml in `/data/projects/radar_tinder/dataconnect`
 {"metadata":{"emulator":{"name":"dataconnect"},"message":"E0214 04:44:59.249987   29952 watch.go:40] Failed to load config from \"/data/projects/radar_tinder/dataconnect\": could not find dataconnect.yaml in `/data/projects/radar_tinder/dataconnect`\n"}}
[debug] [2026-02-14T12:45:09.260Z] E0214 04:45:09.259743   29952 watch.go:40] Failed to load config from "/data/projects/radar_tinder/dataconnect": could not find dataconnect.yaml in `/data/projects/radar_tinder/dataconnect`
 {"metadata":{"emulator":{"name":"dataconnect"},"message":"E0214 04:45:09.259743   29952 watch.go:40] Failed to load config from \"/data/projects/radar_tinder/dataconnect\": could not find dataconnect.yaml in `/data/projects/radar_tinder/dataconnect`\n"}}
[debug] [2026-02-14T12:45:19.253Z] E0214 04:45:19.253756   29952 watch.go:40] Failed to load config from "/data/projects/radar_tinder/dataconnect": could not find dataconnect.yaml in `/data/projects/radar_tinder/dataconnect`
 {"metadata":{"emulator":{"name":"dataconnect"},"message":"E0214 04:45:19.253756   29952 watch.go:40] Failed to load config from \"/data/projects/radar_tinder/dataconnect\": could not find dataconnect.yaml in `/data/projects/radar_tinder/dataconnect`\n"}}
[debug] [2026-02-14T12:45:29.260Z] E0214 04:45:29.259789   29952 watch.go:40] Failed to load config from "/data/projects/radar_tinder/dataconnect": could not find dataconnect.yaml in `/data/projects/radar_tinder/dataconnect`
 {"metadata":{"emulator":{"name":"dataconnect"},"message":"E0214 04:45:29.259789   29952 watch.go:40] Failed to load config from \"/data/projects/radar_tinder/dataconnect\": could not find dataconnect.yaml in `/data/projects/radar_tinder/dataconnect`\n"}}
[debug] [2026-02-14T12:45:39.260Z] E0214 04:45:39.259759   29952 watch.go:40] Failed to load config from "/data/projects/radar_tinder/dataconnect": could not find dataconnect.yaml in `/data/projects/radar_tinder/dataconnect`
 {"metadata":{"emulator":{"name":"dataconnect"},"message":"E0214 04:45:39.259759   29952 watch.go:40] Failed to load config from \"/data/projects/radar_tinder/dataconnect\": could not find dataconnect.yaml in `/data/projects/radar_tinder/dataconnect`\n"}}
[debug] [2026-02-14T12:45:49.254Z] E0214 04:45:49.253732   29952 watch.go:116] watchAllDir unable to walk dir `/data/projects/radar_tinder/dataconnect`: lstat /data/projects/radar_tinder/dataconnect: no such file or directory
E0214 04:45:49.253833   29952 watch.go:40] Failed to load config from "/data/projects/radar_tinder/dataconnect": could not find dataconnect.yaml in `/data/projects/radar_tinder/dataconnect`
 {"metadata":{"emulator":{"name":"dataconnect"},"message":"E0214 04:45:49.253732   29952 watch.go:116] watchAllDir unable to walk dir `/data/projects/radar_tinder/dataconnect`: lstat /data/projects/radar_tinder/dataconnect: no such file or directory\nE0214 04:45:49.253833   29952 watch.go:40] Failed to load config from \"/data/projects/radar_tinder/dataconnect\": could not find dataconnect.yaml in `/data/projects/radar_tinder/dataconnect`\n"}}
[debug] [2026-02-14T12:45:59.281Z] E0214 04:45:59.259739   29952 watch.go:40] Failed to load config from "/data/projects/radar_tinder/dataconnect": could not find dataconnect.yaml in `/data/projects/radar_tinder/dataconnect`
 {"metadata":{"emulator":{"name":"dataconnect"},"message":"E0214 04:45:59.259739   29952 watch.go:40] Failed to load config from \"/data/projects/radar_tinder/dataconnect\": could not find dataconnect.yaml in `/data/projects/radar_tinder/dataconnect`\n"}}
[debug] [2026-02-14T12:46:09.254Z] E0214 04:46:09.253896   29952 watch.go:40] Failed to load config from "/data/projects/radar_tinder/dataconnect": could not find dataconnect.yaml in `/data/projects/radar_tinder/dataconnect`
 {"metadata":{"emulator":{"name":"dataconnect"},"message":"E0214 04:46:09.253896   29952 watch.go:40] Failed to load config from \"/data/projects/radar_tinder/dataconnect\": could not find dataconnect.yaml in `/data/projects/radar_tinder/dataconnect`\n"}}
[debug] [2026-02-14T12:46:19.253Z] E0214 04:46:19.253705   29952 watch.go:40] Failed to load config from "/data/projects/radar_tinder/dataconnect": could not find dataconnect.yaml in `/data/projects/radar_tinder/dataconnect`
 {"metadata":{"emulator":{"name":"dataconnect"},"message":"E0214 04:46:19.253705   29952 watch.go:40] Failed to load config from \"/data/projects/radar_tinder/dataconnect\": could not find dataconnect.yaml in `/data/projects/radar_tinder/dataconnect`\n"}}
[debug] [2026-02-14T12:46:29.260Z] E0214 04:46:29.259806   29952 watch.go:40] Failed to load config from "/data/projects/radar_tinder/dataconnect": could not find dataconnect.yaml in `/data/projects/radar_tinder/dataconnect`
 {"metadata":{"emulator":{"name":"dataconnect"},"message":"E0214 04:46:29.259806   29952 watch.go:40] Failed to load config from \"/data/projects/radar_tinder/dataconnect\": could not find dataconnect.yaml in `/data/projects/radar_tinder/dataconnect`\n"}}
[debug] [2026-02-14T12:46:39.259Z] E0214 04:46:39.259729   29952 watch.go:40] Failed to load config from "/data/projects/radar_tinder/dataconnect": could not find dataconnect.yaml in `/data/projects/radar_tinder/dataconnect`
 {"metadata":{"emulator":{"name":"dataconnect"},"message":"E0214 04:46:39.259729   29952 watch.go:40] Failed to load config from \"/data/projects/radar_tinder/dataconnect\": could not find dataconnect.yaml in `/data/projects/radar_tinder/dataconnect`\n"}}
[debug] [2026-02-14T12:46:49.253Z] E0214 04:46:49.253738   29952 watch.go:116] watchAllDir unable to walk dir `/data/projects/radar_tinder/dataconnect`: lstat /data/projects/radar_tinder/dataconnect: no such file or directory
E0214 04:46:49.253790   29952 watch.go:40] Failed to load config from "/data/projects/radar_tinder/dataconnect": could not find dataconnect.yaml in `/data/projects/radar_tinder/dataconnect`
 {"metadata":{"emulator":{"name":"dataconnect"},"message":"E0214 04:46:49.253738   29952 watch.go:116] watchAllDir unable to walk dir `/data/projects/radar_tinder/dataconnect`: lstat /data/projects/radar_tinder/dataconnect: no such file or directory\nE0214 04:46:49.253790   29952 watch.go:40] Failed to load config from \"/data/projects/radar_tinder/dataconnect\": could not find dataconnect.yaml in `/data/projects/radar_tinder/dataconnect`\n"}}
[debug] [2026-02-14T12:46:59.250Z] E0214 04:46:59.250197   29952 watch.go:40] Failed to load config from "/data/projects/radar_tinder/dataconnect": could not find dataconnect.yaml in `/data/projects/radar_tinder/dataconnect`
 {"metadata":{"emulator":{"name":"dataconnect"},"message":"E0214 04:46:59.250197   29952 watch.go:40] Failed to load config from \"/data/projects/radar_tinder/dataconnect\": could not find dataconnect.yaml in `/data/projects/radar_tinder/dataconnect`\n"}}
[debug] [2026-02-14T12:47:09.250Z] E0214 04:47:09.250042   29952 watch.go:40] Failed to load config from "/data/projects/radar_tinder/dataconnect": could not find dataconnect.yaml in `/data/projects/radar_tinder/dataconnect`
 {"metadata":{"emulator":{"name":"dataconnect"},"message":"E0214 04:47:09.250042   29952 watch.go:40] Failed to load config from \"/data/projects/radar_tinder/dataconnect\": could not find dataconnect.yaml in `/data/projects/radar_tinder/dataconnect`\n"}}
[debug] [2026-02-14T12:47:19.253Z] E0214 04:47:19.253759   29952 watch.go:40] Failed to load config from "/data/projects/radar_tinder/dataconnect": could not find dataconnect.yaml in `/data/projects/radar_tinder/dataconnect`
 {"metadata":{"emulator":{"name":"dataconnect"},"message":"E0214 04:47:19.253759   29952 watch.go:40] Failed to load config from \"/data/projects/radar_tinder/dataconnect\": could not find dataconnect.yaml in `/data/projects/radar_tinder/dataconnect`\n"}}
[debug] [2026-02-14T12:47:29.260Z] E0214 04:47:29.260082   29952 watch.go:40] Failed to load config from "/data/projects/radar_tinder/dataconnect": could not find dataconnect.yaml in `/data/projects/radar_tinder/dataconnect`
 {"metadata":{"emulator":{"name":"dataconnect"},"message":"E0214 04:47:29.260082   29952 watch.go:40] Failed to load config from \"/data/projects/radar_tinder/dataconnect\": could not find dataconnect.yaml in `/data/projects/radar_tinder/dataconnect`\n"}}
[debug] [2026-02-14T12:47:39.259Z] E0214 04:47:39.258766   29952 watch.go:40] Failed to load config from "/data/projects/radar_tinder/dataconnect": could not find dataconnect.yaml in `/data/projects/radar_tinder/dataconnect`
 {"metadata":{"emulator":{"name":"dataconnect"},"message":"E0214 04:47:39.258766   29952 watch.go:40] Failed to load config from \"/data/projects/radar_tinder/dataconnect\": could not find dataconnect.yaml in `/data/projects/radar_tinder/dataconnect`\n"}}
[debug] [2026-02-14T12:47:49.253Z] E0214 04:47:49.253707   29952 watch.go:116] watchAllDir unable to walk dir `/data/projects/radar_tinder/dataconnect`: lstat /data/projects/radar_tinder/dataconnect: no such file or directory
E0214 04:47:49.253793   29952 watch.go:40] Failed to load config from "/data/projects/radar_tinder/dataconnect": could not find dataconnect.yaml in `/data/projects/radar_tinder/dataconnect`
 {"metadata":{"emulator":{"name":"dataconnect"},"message":"E0214 04:47:49.253707   29952 watch.go:116] watchAllDir unable to walk dir `/data/projects/radar_tinder/dataconnect`: lstat /data/projects/radar_tinder/dataconnect: no such file or directory\nE0214 04:47:49.253793   29952 watch.go:40] Failed to load config from \"/data/projects/radar_tinder/dataconnect\": could not find dataconnect.yaml in `/data/projects/radar_tinder/dataconnect`\n"}}
[debug] [2026-02-14T12:47:59.260Z] E0214 04:47:59.259833   29952 watch.go:40] Failed to load config from "/data/projects/radar_tinder/dataconnect": could not find dataconnect.yaml in `/data/projects/radar_tinder/dataconnect`
 {"metadata":{"emulator":{"name":"dataconnect"},"message":"E0214 04:47:59.259833   29952 watch.go:40] Failed to load config from \"/data/projects/radar_tinder/dataconnect\": could not find dataconnect.yaml in `/data/projects/radar_tinder/dataconnect`\n"}}
[debug] [2026-02-14T12:48:09.259Z] E0214 04:48:09.259703   29952 watch.go:40] Failed to load config from "/data/projects/radar_tinder/dataconnect": could not find dataconnect.yaml in `/data/projects/radar_tinder/dataconnect`
 {"metadata":{"emulator":{"name":"dataconnect"},"message":"E0214 04:48:09.259703   29952 watch.go:40] Failed to load config from \"/data/projects/radar_tinder/dataconnect\": could not find dataconnect.yaml in `/data/projects/radar_tinder/dataconnect`\n"}}
[debug] [2026-02-14T12:48:19.254Z] E0214 04:48:19.253785   29952 watch.go:40] Failed to load config from "/data/projects/radar_tinder/dataconnect": could not find dataconnect.yaml in `/data/projects/radar_tinder/dataconnect`
 {"metadata":{"emulator":{"name":"dataconnect"},"message":"E0214 04:48:19.253785   29952 watch.go:40] Failed to load config from \"/data/projects/radar_tinder/dataconnect\": could not find dataconnect.yaml in `/data/projects/radar_tinder/dataconnect`\n"}}
[debug] [2026-02-14T12:48:29.260Z] E0214 04:48:29.259971   29952 watch.go:40] Failed to load config from "/data/projects/radar_tinder/dataconnect": could not find dataconnect.yaml in `/data/projects/radar_tinder/dataconnect`
 {"metadata":{"emulator":{"name":"dataconnect"},"message":"E0214 04:48:29.259971   29952 watch.go:40] Failed to load config from \"/data/projects/radar_tinder/dataconnect\": could not find dataconnect.yaml in `/data/projects/radar_tinder/dataconnect`\n"}}
[debug] [2026-02-14T12:48:39.259Z] E0214 04:48:39.258750   29952 watch.go:40] Failed to load config from "/data/projects/radar_tinder/dataconnect": could not find dataconnect.yaml in `/data/projects/radar_tinder/dataconnect`
 {"metadata":{"emulator":{"name":"dataconnect"},"message":"E0214 04:48:39.258750   29952 watch.go:40] Failed to load config from \"/data/projects/radar_tinder/dataconnect\": could not find dataconnect.yaml in `/data/projects/radar_tinder/dataconnect`\n"}}
[debug] [2026-02-14T12:48:49.253Z] E0214 04:48:49.253689   29952 watch.go:116] watchAllDir unable to walk dir `/data/projects/radar_tinder/dataconnect`: lstat /data/projects/radar_tinder/dataconnect: no such file or directory
E0214 04:48:49.253732   29952 watch.go:40] Failed to load config from "/data/projects/radar_tinder/dataconnect": could not find dataconnect.yaml in `/data/projects/radar_tinder/dataconnect`
 {"metadata":{"emulator":{"name":"dataconnect"},"message":"E0214 04:48:49.253689   29952 watch.go:116] watchAllDir unable to walk dir `/data/projects/radar_tinder/dataconnect`: lstat /data/projects/radar_tinder/dataconnect: no such file or directory\nE0214 04:48:49.253732   29952 watch.go:40] Failed to load config from \"/data/projects/radar_tinder/dataconnect\": could not find dataconnect.yaml in `/data/projects/radar_tinder/dataconnect`\n"}}
[debug] [2026-02-14T12:48:59.260Z] E0214 04:48:59.259886   29952 watch.go:40] Failed to load config from "/data/projects/radar_tinder/dataconnect": could not find dataconnect.yaml in `/data/projects/radar_tinder/dataconnect`
 {"metadata":{"emulator":{"name":"dataconnect"},"message":"E0214 04:48:59.259886   29952 watch.go:40] Failed to load config from \"/data/projects/radar_tinder/dataconnect\": could not find dataconnect.yaml in `/data/projects/radar_tinder/dataconnect`\n"}}
[debug] [2026-02-14T12:49:09.251Z] E0214 04:49:09.250708   29952 watch.go:40] Failed to load config from "/data/projects/radar_tinder/dataconnect": could not find dataconnect.yaml in `/data/projects/radar_tinder/dataconnect`
 {"metadata":{"emulator":{"name":"dataconnect"},"message":"E0214 04:49:09.250708   29952 watch.go:40] Failed to load config from \"/data/projects/radar_tinder/dataconnect\": could not find dataconnect.yaml in `/data/projects/radar_tinder/dataconnect`\n"}}
[debug] [2026-02-14T12:49:19.254Z] E0214 04:49:19.254136   29952 watch.go:40] Failed to load config from "/data/projects/radar_tinder/dataconnect": could not find dataconnect.yaml in `/data/projects/radar_tinder/dataconnect`
 {"metadata":{"emulator":{"name":"dataconnect"},"message":"E0214 04:49:19.254136   29952 watch.go:40] Failed to load config from \"/data/projects/radar_tinder/dataconnect\": could not find dataconnect.yaml in `/data/projects/radar_tinder/dataconnect`\n"}}
[debug] [2026-02-14T12:49:29.253Z] E0214 04:49:29.253298   29952 watch.go:40] Failed to load config from "/data/projects/radar_tinder/dataconnect": could not find dataconnect.yaml in `/data/projects/radar_tinder/dataconnect`
 {"metadata":{"emulator":{"name":"dataconnect"},"message":"E0214 04:49:29.253298   29952 watch.go:40] Failed to load config from \"/data/projects/radar_tinder/dataconnect\": could not find dataconnect.yaml in `/data/projects/radar_tinder/dataconnect`\n"}}
[debug] [2026-02-14T12:49:39.259Z] E0214 04:49:39.259448   29952 watch.go:40] Failed to load config from "/data/projects/radar_tinder/dataconnect": could not find dataconnect.yaml in `/data/projects/radar_tinder/dataconnect`
 {"metadata":{"emulator":{"name":"dataconnect"},"message":"E0214 04:49:39.259448   29952 watch.go:40] Failed to load config from \"/data/projects/radar_tinder/dataconnect\": could not find dataconnect.yaml in `/data/projects/radar_tinder/dataconnect`\n"}}
[debug] [2026-02-14T12:49:49.253Z] E0214 04:49:49.253552   29952 watch.go:116] watchAllDir unable to walk dir `/data/projects/radar_tinder/dataconnect`: lstat /data/projects/radar_tinder/dataconnect: no such file or directory
E0214 04:49:49.253693   29952 watch.go:40] Failed to load config from "/data/projects/radar_tinder/dataconnect": could not find dataconnect.yaml in `/data/projects/radar_tinder/dataconnect`
 {"metadata":{"emulator":{"name":"dataconnect"},"message":"E0214 04:49:49.253552   29952 watch.go:116] watchAllDir unable to walk dir `/data/projects/radar_tinder/dataconnect`: lstat /data/projects/radar_tinder/dataconnect: no such file or directory\nE0214 04:49:49.253693   29952 watch.go:40] Failed to load config from \"/data/projects/radar_tinder/dataconnect\": could not find dataconnect.yaml in `/data/projects/radar_tinder/dataconnect`\n"}}
[debug] [2026-02-14T12:49:59.260Z] E0214 04:49:59.259741   29952 watch.go:40] Failed to load config from "/data/projects/radar_tinder/dataconnect": could not find dataconnect.yaml in `/data/projects/radar_tinder/dataconnect`
 {"metadata":{"emulator":{"name":"dataconnect"},"message":"E0214 04:49:59.259741   29952 watch.go:40] Failed to load config from \"/data/projects/radar_tinder/dataconnect\": could not find dataconnect.yaml in `/data/projects/radar_tinder/dataconnect`\n"}}
[debug] [2026-02-14T12:50:09.260Z] E0214 04:50:09.259851   29952 watch.go:40] Failed to load config from "/data/projects/radar_tinder/dataconnect": could not find dataconnect.yaml in `/data/projects/radar_tinder/dataconnect`
 {"metadata":{"emulator":{"name":"dataconnect"},"message":"E0214 04:50:09.259851   29952 watch.go:40] Failed to load config from \"/data/projects/radar_tinder/dataconnect\": could not find dataconnect.yaml in `/data/projects/radar_tinder/dataconnect`\n"}}
[debug] [2026-02-14T12:50:19.254Z] E0214 04:50:19.253926   29952 watch.go:40] Failed to load config from "/data/projects/radar_tinder/dataconnect": could not find dataconnect.yaml in `/data/projects/radar_tinder/dataconnect`
 {"metadata":{"emulator":{"name":"dataconnect"},"message":"E0214 04:50:19.253926   29952 watch.go:40] Failed to load config from \"/data/projects/radar_tinder/dataconnect\": could not find dataconnect.yaml in `/data/projects/radar_tinder/dataconnect`\n"}}
[debug] [2026-02-14T12:50:29.256Z] E0214 04:50:29.256452   29952 watch.go:40] Failed to load config from "/data/projects/radar_tinder/dataconnect": could not find dataconnect.yaml in `/data/projects/radar_tinder/dataconnect`
 {"metadata":{"emulator":{"name":"dataconnect"},"message":"E0214 04:50:29.256452   29952 watch.go:40] Failed to load config from \"/data/projects/radar_tinder/dataconnect\": could not find dataconnect.yaml in `/data/projects/radar_tinder/dataconnect`\n"}}
[debug] [2026-02-14T12:50:39.259Z] E0214 04:50:39.259568   29952 watch.go:40] Failed to load config from "/data/projects/radar_tinder/dataconnect": could not find dataconnect.yaml in `/data/projects/radar_tinder/dataconnect`
 {"metadata":{"emulator":{"name":"dataconnect"},"message":"E0214 04:50:39.259568   29952 watch.go:40] Failed to load config from \"/data/projects/radar_tinder/dataconnect\": could not find dataconnect.yaml in `/data/projects/radar_tinder/dataconnect`\n"}}
[debug] [2026-02-14T12:50:49.252Z] E0214 04:50:49.252691   29952 watch.go:116] watchAllDir unable to walk dir `/data/projects/radar_tinder/dataconnect`: lstat /data/projects/radar_tinder/dataconnect: no such file or directory
E0214 04:50:49.252734   29952 watch.go:40] Failed to load config from "/data/projects/radar_tinder/dataconnect": could not find dataconnect.yaml in `/data/projects/radar_tinder/dataconnect`
 {"metadata":{"emulator":{"name":"dataconnect"},"message":"E0214 04:50:49.252691   29952 watch.go:116] watchAllDir unable to walk dir `/data/projects/radar_tinder/dataconnect`: lstat /data/projects/radar_tinder/dataconnect: no such file or directory\nE0214 04:50:49.252734   29952 watch.go:40] Failed to load config from \"/data/projects/radar_tinder/dataconnect\": could not find dataconnect.yaml in `/data/projects/radar_tinder/dataconnect`\n"}}
[debug] [2026-02-14T12:50:59.259Z] E0214 04:50:59.259707   29952 watch.go:40] Failed to load config from "/data/projects/radar_tinder/dataconnect": could not find dataconnect.yaml in `/data/projects/radar_tinder/dataconnect`
 {"metadata":{"emulator":{"name":"dataconnect"},"message":"E0214 04:50:59.259707   29952 watch.go:40] Failed to load config from \"/data/projects/radar_tinder/dataconnect\": could not find dataconnect.yaml in `/data/projects/radar_tinder/dataconnect`\n"}}
[debug] [2026-02-14T12:51:09.259Z] E0214 04:51:09.259709   29952 watch.go:40] Failed to load config from "/data/projects/radar_tinder/dataconnect": could not find dataconnect.yaml in `/data/projects/radar_tinder/dataconnect`
 {"metadata":{"emulator":{"name":"dataconnect"},"message":"E0214 04:51:09.259709   29952 watch.go:40] Failed to load config from \"/data/projects/radar_tinder/dataconnect\": could not find dataconnect.yaml in `/data/projects/radar_tinder/dataconnect`\n"}}
[debug] [2026-02-14T12:51:19.254Z] E0214 04:51:19.253868   29952 watch.go:40] Failed to load config from "/data/projects/radar_tinder/dataconnect": could not find dataconnect.yaml in `/data/projects/radar_tinder/dataconnect`
 {"metadata":{"emulator":{"name":"dataconnect"},"message":"E0214 04:51:19.253868   29952 watch.go:40] Failed to load config from \"/data/projects/radar_tinder/dataconnect\": could not find dataconnect.yaml in `/data/projects/radar_tinder/dataconnect`\n"}}
[debug] [2026-02-14T12:51:29.250Z] E0214 04:51:29.250203   29952 watch.go:40] Failed to load config from "/data/projects/radar_tinder/dataconnect": could not find dataconnect.yaml in `/data/projects/radar_tinder/dataconnect`
 {"metadata":{"emulator":{"name":"dataconnect"},"message":"E0214 04:51:29.250203   29952 watch.go:40] Failed to load config from \"/data/projects/radar_tinder/dataconnect\": could not find dataconnect.yaml in `/data/projects/radar_tinder/dataconnect`\n"}}
[debug] [2026-02-14T12:51:39.259Z] E0214 04:51:39.259232   29952 watch.go:40] Failed to load config from "/data/projects/radar_tinder/dataconnect": could not find dataconnect.yaml in `/data/projects/radar_tinder/dataconnect`
 {"metadata":{"emulator":{"name":"dataconnect"},"message":"E0214 04:51:39.259232   29952 watch.go:40] Failed to load config from \"/data/projects/radar_tinder/dataconnect\": could not find dataconnect.yaml in `/data/projects/radar_tinder/dataconnect`\n"}}
[debug] [2026-02-14T12:51:49.253Z] E0214 04:51:49.252807   29952 watch.go:116] watchAllDir unable to walk dir `/data/projects/radar_tinder/dataconnect`: lstat /data/projects/radar_tinder/dataconnect: no such file or directory
E0214 04:51:49.252953   29952 watch.go:40] Failed to load config from "/data/projects/radar_tinder/dataconnect": could not find dataconnect.yaml in `/data/projects/radar_tinder/dataconnect`
 {"metadata":{"emulator":{"name":"dataconnect"},"message":"E0214 04:51:49.252807   29952 watch.go:116] watchAllDir unable to walk dir `/data/projects/radar_tinder/dataconnect`: lstat /data/projects/radar_tinder/dataconnect: no such file or directory\nE0214 04:51:49.252953   29952 watch.go:40] Failed to load config from \"/data/projects/radar_tinder/dataconnect\": could not find dataconnect.yaml in `/data/projects/radar_tinder/dataconnect`\n"}}
[debug] [2026-02-14T12:51:59.259Z] E0214 04:51:59.259101   29952 watch.go:40] Failed to load config from "/data/projects/radar_tinder/dataconnect": could not find dataconnect.yaml in `/data/projects/radar_tinder/dataconnect`
 {"metadata":{"emulator":{"name":"dataconnect"},"message":"E0214 04:51:59.259101   29952 watch.go:40] Failed to load config from \"/data/projects/radar_tinder/dataconnect\": could not find dataconnect.yaml in `/data/projects/radar_tinder/dataconnect`\n"}}
[debug] [2026-02-14T12:52:09.259Z] E0214 04:52:09.259206   29952 watch.go:40] Failed to load config from "/data/projects/radar_tinder/dataconnect": could not find dataconnect.yaml in `/data/projects/radar_tinder/dataconnect`
 {"metadata":{"emulator":{"name":"dataconnect"},"message":"E0214 04:52:09.259206   29952 watch.go:40] Failed to load config from \"/data/projects/radar_tinder/dataconnect\": could not find dataconnect.yaml in `/data/projects/radar_tinder/dataconnect`\n"}}
[debug] [2026-02-14T12:52:19.252Z] E0214 04:52:19.252756   29952 watch.go:40] Failed to load config from "/data/projects/radar_tinder/dataconnect": could not find dataconnect.yaml in `/data/projects/radar_tinder/dataconnect`
 {"metadata":{"emulator":{"name":"dataconnect"},"message":"E0214 04:52:19.252756   29952 watch.go:40] Failed to load config from \"/data/projects/radar_tinder/dataconnect\": could not find dataconnect.yaml in `/data/projects/radar_tinder/dataconnect`\n"}}
[debug] [2026-02-14T12:52:29.256Z] E0214 04:52:29.256430   29952 watch.go:40] Failed to load config from "/data/projects/radar_tinder/dataconnect": could not find dataconnect.yaml in `/data/projects/radar_tinder/dataconnect`
 {"metadata":{"emulator":{"name":"dataconnect"},"message":"E0214 04:52:29.256430   29952 watch.go:40] Failed to load config from \"/data/projects/radar_tinder/dataconnect\": could not find dataconnect.yaml in `/data/projects/radar_tinder/dataconnect`\n"}}
[debug] [2026-02-14T12:52:39.259Z] E0214 04:52:39.259494   29952 watch.go:40] Failed to load config from "/data/projects/radar_tinder/dataconnect": could not find dataconnect.yaml in `/data/projects/radar_tinder/dataconnect`
 {"metadata":{"emulator":{"name":"dataconnect"},"message":"E0214 04:52:39.259494   29952 watch.go:40] Failed to load config from \"/data/projects/radar_tinder/dataconnect\": could not find dataconnect.yaml in `/data/projects/radar_tinder/dataconnect`\n"}}
[debug] [2026-02-14T12:52:49.254Z] E0214 04:52:49.253528   29952 watch.go:116] watchAllDir unable to walk dir `/data/projects/radar_tinder/dataconnect`: lstat /data/projects/radar_tinder/dataconnect: no such file or directory
E0214 04:52:49.253572   29952 watch.go:40] Failed to load config from "/data/projects/radar_tinder/dataconnect": could not find dataconnect.yaml in `/data/projects/radar_tinder/dataconnect`
 {"metadata":{"emulator":{"name":"dataconnect"},"message":"E0214 04:52:49.253528   29952 watch.go:116] watchAllDir unable to walk dir `/data/projects/radar_tinder/dataconnect`: lstat /data/projects/radar_tinder/dataconnect: no such file or directory\nE0214 04:52:49.253572   29952 watch.go:40] Failed to load config from \"/data/projects/radar_tinder/dataconnect\": could not find dataconnect.yaml in `/data/projects/radar_tinder/dataconnect`\n"}}
[debug] [2026-02-14T12:52:59.260Z] E0214 04:52:59.259763   29952 watch.go:40] Failed to load config from "/data/projects/radar_tinder/dataconnect": could not find dataconnect.yaml in `/data/projects/radar_tinder/dataconnect`
 {"metadata":{"emulator":{"name":"dataconnect"},"message":"E0214 04:52:59.259763   29952 watch.go:40] Failed to load config from \"/data/projects/radar_tinder/dataconnect\": could not find dataconnect.yaml in `/data/projects/radar_tinder/dataconnect`\n"}}
[debug] [2026-02-14T12:53:09.260Z] E0214 04:53:09.259938   29952 watch.go:40] Failed to load config from "/data/projects/radar_tinder/dataconnect": could not find dataconnect.yaml in `/data/projects/radar_tinder/dataconnect`
 {"metadata":{"emulator":{"name":"dataconnect"},"message":"E0214 04:53:09.259938   29952 watch.go:40] Failed to load config from \"/data/projects/radar_tinder/dataconnect\": could not find dataconnect.yaml in `/data/projects/radar_tinder/dataconnect`\n"}}
[debug] [2026-02-14T12:53:19.254Z] E0214 04:53:19.254061   29952 watch.go:40] Failed to load config from "/data/projects/radar_tinder/dataconnect": could not find dataconnect.yaml in `/data/projects/radar_tinder/dataconnect`
 {"metadata":{"emulator":{"name":"dataconnect"},"message":"E0214 04:53:19.254061   29952 watch.go:40] Failed to load config from \"/data/projects/radar_tinder/dataconnect\": could not find dataconnect.yaml in `/data/projects/radar_tinder/dataconnect`\n"}}
[debug] [2026-02-14T12:53:29.250Z] E0214 04:53:29.250243   29952 watch.go:40] Failed to load config from "/data/projects/radar_tinder/dataconnect": could not find dataconnect.yaml in `/data/projects/radar_tinder/dataconnect`
 {"metadata":{"emulator":{"name":"dataconnect"},"message":"E0214 04:53:29.250243   29952 watch.go:40] Failed to load config from \"/data/projects/radar_tinder/dataconnect\": could not find dataconnect.yaml in `/data/projects/radar_tinder/dataconnect`\n"}}
[debug] [2026-02-14T12:53:39.250Z] E0214 04:53:39.250004   29952 watch.go:40] Failed to load config from "/data/projects/radar_tinder/dataconnect": could not find dataconnect.yaml in `/data/projects/radar_tinder/dataconnect`
 {"metadata":{"emulator":{"name":"dataconnect"},"message":"E0214 04:53:39.250004   29952 watch.go:40] Failed to load config from \"/data/projects/radar_tinder/dataconnect\": could not find dataconnect.yaml in `/data/projects/radar_tinder/dataconnect`\n"}}
[debug] [2026-02-14T12:53:49.254Z] E0214 04:53:49.253796   29952 watch.go:116] watchAllDir unable to walk dir `/data/projects/radar_tinder/dataconnect`: lstat /data/projects/radar_tinder/dataconnect: no such file or directory
E0214 04:53:49.253887   29952 watch.go:40] Failed to load config from "/data/projects/radar_tinder/dataconnect": could not find dataconnect.yaml in `/data/projects/radar_tinder/dataconnect`
 {"metadata":{"emulator":{"name":"dataconnect"},"message":"E0214 04:53:49.253796   29952 watch.go:116] watchAllDir unable to walk dir `/data/projects/radar_tinder/dataconnect`: lstat /data/projects/radar_tinder/dataconnect: no such file or directory\nE0214 04:53:49.253887   29952 watch.go:40] Failed to load config from \"/data/projects/radar_tinder/dataconnect\": could not find dataconnect.yaml in `/data/projects/radar_tinder/dataconnect`\n"}}
[debug] [2026-02-14T12:53:59.252Z] E0214 04:53:59.252570   29952 watch.go:40] Failed to load config from "/data/projects/radar_tinder/dataconnect": could not find dataconnect.yaml in `/data/projects/radar_tinder/dataconnect`
 {"metadata":{"emulator":{"name":"dataconnect"},"message":"E0214 04:53:59.252570   29952 watch.go:40] Failed to load config from \"/data/projects/radar_tinder/dataconnect\": could not find dataconnect.yaml in `/data/projects/radar_tinder/dataconnect`\n"}}
[debug] [2026-02-14T12:54:09.260Z] E0214 04:54:09.259869   29952 watch.go:40] Failed to load config from "/data/projects/radar_tinder/dataconnect": could not find dataconnect.yaml in `/data/projects/radar_tinder/dataconnect`
 {"metadata":{"emulator":{"name":"dataconnect"},"message":"E0214 04:54:09.259869   29952 watch.go:40] Failed to load config from \"/data/projects/radar_tinder/dataconnect\": could not find dataconnect.yaml in `/data/projects/radar_tinder/dataconnect`\n"}}
[debug] [2026-02-14T12:54:19.250Z] E0214 04:54:19.250177   29952 watch.go:40] Failed to load config from "/data/projects/radar_tinder/dataconnect": could not find dataconnect.yaml in `/data/projects/radar_tinder/dataconnect`
 {"metadata":{"emulator":{"name":"dataconnect"},"message":"E0214 04:54:19.250177   29952 watch.go:40] Failed to load config from \"/data/projects/radar_tinder/dataconnect\": could not find dataconnect.yaml in `/data/projects/radar_tinder/dataconnect`\n"}}
[debug] [2026-02-14T12:54:29.258Z] E0214 04:54:29.258731   29952 watch.go:40] Failed to load config from "/data/projects/radar_tinder/dataconnect": could not find dataconnect.yaml in `/data/projects/radar_tinder/dataconnect`
 {"metadata":{"emulator":{"name":"dataconnect"},"message":"E0214 04:54:29.258731   29952 watch.go:40] Failed to load config from \"/data/projects/radar_tinder/dataconnect\": could not find dataconnect.yaml in `/data/projects/radar_tinder/dataconnect`\n"}}
[debug] [2026-02-14T12:54:39.257Z] E0214 04:54:39.256777   29952 watch.go:40] Failed to load config from "/data/projects/radar_tinder/dataconnect": could not find dataconnect.yaml in `/data/projects/radar_tinder/dataconnect`
 {"metadata":{"emulator":{"name":"dataconnect"},"message":"E0214 04:54:39.256777   29952 watch.go:40] Failed to load config from \"/data/projects/radar_tinder/dataconnect\": could not find dataconnect.yaml in `/data/projects/radar_tinder/dataconnect`\n"}}
[debug] [2026-02-14T12:54:49.254Z] E0214 04:54:49.253848   29952 watch.go:116] watchAllDir unable to walk dir `/data/projects/radar_tinder/dataconnect`: lstat /data/projects/radar_tinder/dataconnect: no such file or directory
E0214 04:54:49.253934   29952 watch.go:40] Failed to load config from "/data/projects/radar_tinder/dataconnect": could not find dataconnect.yaml in `/data/projects/radar_tinder/dataconnect`
 {"metadata":{"emulator":{"name":"dataconnect"},"message":"E0214 04:54:49.253848   29952 watch.go:116] watchAllDir unable to walk dir `/data/projects/radar_tinder/dataconnect`: lstat /data/projects/radar_tinder/dataconnect: no such file or directory\nE0214 04:54:49.253934   29952 watch.go:40] Failed to load config from \"/data/projects/radar_tinder/dataconnect\": could not find dataconnect.yaml in `/data/projects/radar_tinder/dataconnect`\n"}}
[debug] [2026-02-14T12:54:59.250Z] E0214 04:54:59.250501   29952 watch.go:40] Failed to load config from "/data/projects/radar_tinder/dataconnect": could not find dataconnect.yaml in `/data/projects/radar_tinder/dataconnect`
 {"metadata":{"emulator":{"name":"dataconnect"},"message":"E0214 04:54:59.250501   29952 watch.go:40] Failed to load config from \"/data/projects/radar_tinder/dataconnect\": could not find dataconnect.yaml in `/data/projects/radar_tinder/dataconnect`\n"}}
[debug] [2026-02-14T12:55:09.259Z] E0214 04:55:09.258865   29952 watch.go:40] Failed to load config from "/data/projects/radar_tinder/dataconnect": could not find dataconnect.yaml in `/data/projects/radar_tinder/dataconnect`
 {"metadata":{"emulator":{"name":"dataconnect"},"message":"E0214 04:55:09.258865   29952 watch.go:40] Failed to load config from \"/data/projects/radar_tinder/dataconnect\": could not find dataconnect.yaml in `/data/projects/radar_tinder/dataconnect`\n"}}
[debug] [2026-02-14T12:55:19.254Z] E0214 04:55:19.253967   29952 watch.go:40] Failed to load config from "/data/projects/radar_tinder/dataconnect": could not find dataconnect.yaml in `/data/projects/radar_tinder/dataconnect`
 {"metadata":{"emulator":{"name":"dataconnect"},"message":"E0214 04:55:19.253967   29952 watch.go:40] Failed to load config from \"/data/projects/radar_tinder/dataconnect\": could not find dataconnect.yaml in `/data/projects/radar_tinder/dataconnect`\n"}}
[debug] [2026-02-14T12:55:29.259Z] E0214 04:55:29.259149   29952 watch.go:40] Failed to load config from "/data/projects/radar_tinder/dataconnect": could not find dataconnect.yaml in `/data/projects/radar_tinder/dataconnect`
 {"metadata":{"emulator":{"name":"dataconnect"},"message":"E0214 04:55:29.259149   29952 watch.go:40] Failed to load config from \"/data/projects/radar_tinder/dataconnect\": could not find dataconnect.yaml in `/data/projects/radar_tinder/dataconnect`\n"}}
[debug] [2026-02-14T12:55:39.250Z] E0214 04:55:39.250353   29952 watch.go:40] Failed to load config from "/data/projects/radar_tinder/dataconnect": could not find dataconnect.yaml in `/data/projects/radar_tinder/dataconnect`
 {"metadata":{"emulator":{"name":"dataconnect"},"message":"E0214 04:55:39.250353   29952 watch.go:40] Failed to load config from \"/data/projects/radar_tinder/dataconnect\": could not find dataconnect.yaml in `/data/projects/radar_tinder/dataconnect`\n"}}
[debug] [2026-02-14T12:55:49.253Z] E0214 04:55:49.253230   29952 watch.go:116] watchAllDir unable to walk dir `/data/projects/radar_tinder/dataconnect`: lstat /data/projects/radar_tinder/dataconnect: no such file or directory
E0214 04:55:49.253325   29952 watch.go:40] Failed to load config from "/data/projects/radar_tinder/dataconnect": could not find dataconnect.yaml in `/data/projects/radar_tinder/dataconnect`
 {"metadata":{"emulator":{"name":"dataconnect"},"message":"E0214 04:55:49.253230   29952 watch.go:116] watchAllDir unable to walk dir `/data/projects/radar_tinder/dataconnect`: lstat /data/projects/radar_tinder/dataconnect: no such file or directory\nE0214 04:55:49.253325   29952 watch.go:40] Failed to load config from \"/data/projects/radar_tinder/dataconnect\": could not find dataconnect.yaml in `/data/projects/radar_tinder/dataconnect`\n"}}
[debug] [2026-02-14T12:55:59.256Z] E0214 04:55:59.256456   29952 watch.go:40] Failed to load config from "/data/projects/radar_tinder/dataconnect": could not find dataconnect.yaml in `/data/projects/radar_tinder/dataconnect`
 {"metadata":{"emulator":{"name":"dataconnect"},"message":"E0214 04:55:59.256456   29952 watch.go:40] Failed to load config from \"/data/projects/radar_tinder/dataconnect\": could not find dataconnect.yaml in `/data/projects/radar_tinder/dataconnect`\n"}}
[debug] [2026-02-14T12:56:09.253Z] E0214 04:56:09.252799   29952 watch.go:40] Failed to load config from "/data/projects/radar_tinder/dataconnect": could not find dataconnect.yaml in `/data/projects/radar_tinder/dataconnect`
 {"metadata":{"emulator":{"name":"dataconnect"},"message":"E0214 04:56:09.252799   29952 watch.go:40] Failed to load config from \"/data/projects/radar_tinder/dataconnect\": could not find dataconnect.yaml in `/data/projects/radar_tinder/dataconnect`\n"}}
[debug] [2026-02-14T12:56:19.253Z] E0214 04:56:19.253765   29952 watch.go:40] Failed to load config from "/data/projects/radar_tinder/dataconnect": could not find dataconnect.yaml in `/data/projects/radar_tinder/dataconnect`
 {"metadata":{"emulator":{"name":"dataconnect"},"message":"E0214 04:56:19.253765   29952 watch.go:40] Failed to load config from \"/data/projects/radar_tinder/dataconnect\": could not find dataconnect.yaml in `/data/projects/radar_tinder/dataconnect`\n"}}
[debug] [2026-02-14T12:56:29.253Z] E0214 04:56:29.253432   29952 watch.go:40] Failed to load config from "/data/projects/radar_tinder/dataconnect": could not find dataconnect.yaml in `/data/projects/radar_tinder/dataconnect`
 {"metadata":{"emulator":{"name":"dataconnect"},"message":"E0214 04:56:29.253432   29952 watch.go:40] Failed to load config from \"/data/projects/radar_tinder/dataconnect\": could not find dataconnect.yaml in `/data/projects/radar_tinder/dataconnect`\n"}}
[debug] [2026-02-14T12:56:39.254Z] E0214 04:56:39.253903   29952 watch.go:40] Failed to load config from "/data/projects/radar_tinder/dataconnect": could not find dataconnect.yaml in `/data/projects/radar_tinder/dataconnect`
 {"metadata":{"emulator":{"name":"dataconnect"},"message":"E0214 04:56:39.253903   29952 watch.go:40] Failed to load config from \"/data/projects/radar_tinder/dataconnect\": could not find dataconnect.yaml in `/data/projects/radar_tinder/dataconnect`\n"}}
[debug] [2026-02-14T12:56:49.254Z] E0214 04:56:49.254036   29952 watch.go:116] watchAllDir unable to walk dir `/data/projects/radar_tinder/dataconnect`: lstat /data/projects/radar_tinder/dataconnect: no such file or directory
E0214 04:56:49.254133   29952 watch.go:40] Failed to load config from "/data/projects/radar_tinder/dataconnect": could not find dataconnect.yaml in `/data/projects/radar_tinder/dataconnect`
 {"metadata":{"emulator":{"name":"dataconnect"},"message":"E0214 04:56:49.254036   29952 watch.go:116] watchAllDir unable to walk dir `/data/projects/radar_tinder/dataconnect`: lstat /data/projects/radar_tinder/dataconnect: no such file or directory\nE0214 04:56:49.254133   29952 watch.go:40] Failed to load config from \"/data/projects/radar_tinder/dataconnect\": could not find dataconnect.yaml in `/data/projects/radar_tinder/dataconnect`\n"}}
[debug] [2026-02-14T12:56:59.253Z] E0214 04:56:59.253001   29952 watch.go:40] Failed to load config from "/data/projects/radar_tinder/dataconnect": could not find dataconnect.yaml in `/data/projects/radar_tinder/dataconnect`
 {"metadata":{"emulator":{"name":"dataconnect"},"message":"E0214 04:56:59.253001   29952 watch.go:40] Failed to load config from \"/data/projects/radar_tinder/dataconnect\": could not find dataconnect.yaml in `/data/projects/radar_tinder/dataconnect`\n"}}
[debug] [2026-02-14T12:57:09.251Z] E0214 04:57:09.251196   29952 watch.go:40] Failed to load config from "/data/projects/radar_tinder/dataconnect": could not find dataconnect.yaml in `/data/projects/radar_tinder/dataconnect`
 {"metadata":{"emulator":{"name":"dataconnect"},"message":"E0214 04:57:09.251196   29952 watch.go:40] Failed to load config from \"/data/projects/radar_tinder/dataconnect\": could not find dataconnect.yaml in `/data/projects/radar_tinder/dataconnect`\n"}}
[debug] [2026-02-14T12:57:19.253Z] E0214 04:57:19.253341   29952 watch.go:40] Failed to load config from "/data/projects/radar_tinder/dataconnect": could not find dataconnect.yaml in `/data/projects/radar_tinder/dataconnect`
 {"metadata":{"emulator":{"name":"dataconnect"},"message":"E0214 04:57:19.253341   29952 watch.go:40] Failed to load config from \"/data/projects/radar_tinder/dataconnect\": could not find dataconnect.yaml in `/data/projects/radar_tinder/dataconnect`\n"}}
[debug] [2026-02-14T12:57:29.254Z] E0214 04:57:29.253915   29952 watch.go:40] Failed to load config from "/data/projects/radar_tinder/dataconnect": could not find dataconnect.yaml in `/data/projects/radar_tinder/dataconnect`
 {"metadata":{"emulator":{"name":"dataconnect"},"message":"E0214 04:57:29.253915   29952 watch.go:40] Failed to load config from \"/data/projects/radar_tinder/dataconnect\": could not find dataconnect.yaml in `/data/projects/radar_tinder/dataconnect`\n"}}
[debug] [2026-02-14T12:57:39.259Z] E0214 04:57:39.258740   29952 watch.go:40] Failed to load config from "/data/projects/radar_tinder/dataconnect": could not find dataconnect.yaml in `/data/projects/radar_tinder/dataconnect`
 {"metadata":{"emulator":{"name":"dataconnect"},"message":"E0214 04:57:39.258740   29952 watch.go:40] Failed to load config from \"/data/projects/radar_tinder/dataconnect\": could not find dataconnect.yaml in `/data/projects/radar_tinder/dataconnect`\n"}}
[debug] [2026-02-14T12:57:49.254Z] E0214 04:57:49.253809   29952 watch.go:116] watchAllDir unable to walk dir `/data/projects/radar_tinder/dataconnect`: lstat /data/projects/radar_tinder/dataconnect: no such file or directory
E0214 04:57:49.253874   29952 watch.go:40] Failed to load config from "/data/projects/radar_tinder/dataconnect": could not find dataconnect.yaml in `/data/projects/radar_tinder/dataconnect`
 {"metadata":{"emulator":{"name":"dataconnect"},"message":"E0214 04:57:49.253809   29952 watch.go:116] watchAllDir unable to walk dir `/data/projects/radar_tinder/dataconnect`: lstat /data/projects/radar_tinder/dataconnect: no such file or directory\nE0214 04:57:49.253874   29952 watch.go:40] Failed to load config from \"/data/projects/radar_tinder/dataconnect\": could not find dataconnect.yaml in `/data/projects/radar_tinder/dataconnect`\n"}}
[debug] [2026-02-14T12:57:59.250Z] E0214 04:57:59.250308   29952 watch.go:40] Failed to load config from "/data/projects/radar_tinder/dataconnect": could not find dataconnect.yaml in `/data/projects/radar_tinder/dataconnect`
 {"metadata":{"emulator":{"name":"dataconnect"},"message":"E0214 04:57:59.250308   29952 watch.go:40] Failed to load config from \"/data/projects/radar_tinder/dataconnect\": could not find dataconnect.yaml in `/data/projects/radar_tinder/dataconnect`\n"}}
[debug] [2026-02-14T12:58:09.259Z] E0214 04:58:09.259615   29952 watch.go:40] Failed to load config from "/data/projects/radar_tinder/dataconnect": could not find dataconnect.yaml in `/data/projects/radar_tinder/dataconnect`
 {"metadata":{"emulator":{"name":"dataconnect"},"message":"E0214 04:58:09.259615   29952 watch.go:40] Failed to load config from \"/data/projects/radar_tinder/dataconnect\": could not find dataconnect.yaml in `/data/projects/radar_tinder/dataconnect`\n"}}
[debug] [2026-02-14T12:58:19.254Z] E0214 04:58:19.253789   29952 watch.go:40] Failed to load config from "/data/projects/radar_tinder/dataconnect": could not find dataconnect.yaml in `/data/projects/radar_tinder/dataconnect`
 {"metadata":{"emulator":{"name":"dataconnect"},"message":"E0214 04:58:19.253789   29952 watch.go:40] Failed to load config from \"/data/projects/radar_tinder/dataconnect\": could not find dataconnect.yaml in `/data/projects/radar_tinder/dataconnect`\n"}}
[debug] [2026-02-14T12:58:29.260Z] E0214 04:58:29.259778   29952 watch.go:40] Failed to load config from "/data/projects/radar_tinder/dataconnect": could not find dataconnect.yaml in `/data/projects/radar_tinder/dataconnect`
 {"metadata":{"emulator":{"name":"dataconnect"},"message":"E0214 04:58:29.259778   29952 watch.go:40] Failed to load config from \"/data/projects/radar_tinder/dataconnect\": could not find dataconnect.yaml in `/data/projects/radar_tinder/dataconnect`\n"}}
[debug] [2026-02-14T12:58:39.260Z] E0214 04:58:39.259900   29952 watch.go:40] Failed to load config from "/data/projects/radar_tinder/dataconnect": could not find dataconnect.yaml in `/data/projects/radar_tinder/dataconnect`
 {"metadata":{"emulator":{"name":"dataconnect"},"message":"E0214 04:58:39.259900   29952 watch.go:40] Failed to load config from \"/data/projects/radar_tinder/dataconnect\": could not find dataconnect.yaml in `/data/projects/radar_tinder/dataconnect`\n"}}
[debug] [2026-02-14T12:58:49.254Z] E0214 04:58:49.253990   29952 watch.go:116] watchAllDir unable to walk dir `/data/projects/radar_tinder/dataconnect`: lstat /data/projects/radar_tinder/dataconnect: no such file or directory
E0214 04:58:49.254077   29952 watch.go:40] Failed to load config from "/data/projects/radar_tinder/dataconnect": could not find dataconnect.yaml in `/data/projects/radar_tinder/dataconnect`
 {"metadata":{"emulator":{"name":"dataconnect"},"message":"E0214 04:58:49.253990   29952 watch.go:116] watchAllDir unable to walk dir `/data/projects/radar_tinder/dataconnect`: lstat /data/projects/radar_tinder/dataconnect: no such file or directory\nE0214 04:58:49.254077   29952 watch.go:40] Failed to load config from \"/data/projects/radar_tinder/dataconnect\": could not find dataconnect.yaml in `/data/projects/radar_tinder/dataconnect`\n"}}
[debug] [2026-02-14T12:58:59.259Z] E0214 04:58:59.259251   29952 watch.go:40] Failed to load config from "/data/projects/radar_tinder/dataconnect": could not find dataconnect.yaml in `/data/projects/radar_tinder/dataconnect`
 {"metadata":{"emulator":{"name":"dataconnect"},"message":"E0214 04:58:59.259251   29952 watch.go:40] Failed to load config from \"/data/projects/radar_tinder/dataconnect\": could not find dataconnect.yaml in `/data/projects/radar_tinder/dataconnect`\n"}}
[debug] [2026-02-14T12:59:09.253Z] E0214 04:59:09.253162   29952 watch.go:40] Failed to load config from "/data/projects/radar_tinder/dataconnect": could not find dataconnect.yaml in `/data/projects/radar_tinder/dataconnect`
 {"metadata":{"emulator":{"name":"dataconnect"},"message":"E0214 04:59:09.253162   29952 watch.go:40] Failed to load config from \"/data/projects/radar_tinder/dataconnect\": could not find dataconnect.yaml in `/data/projects/radar_tinder/dataconnect`\n"}}
[debug] [2026-02-14T12:59:19.253Z] E0214 04:59:19.253461   29952 watch.go:40] Failed to load config from "/data/projects/radar_tinder/dataconnect": could not find dataconnect.yaml in `/data/projects/radar_tinder/dataconnect`
 {"metadata":{"emulator":{"name":"dataconnect"},"message":"E0214 04:59:19.253461   29952 watch.go:40] Failed to load config from \"/data/projects/radar_tinder/dataconnect\": could not find dataconnect.yaml in `/data/projects/radar_tinder/dataconnect`\n"}}
[debug] [2026-02-14T12:59:29.260Z] E0214 04:59:29.260051   29952 watch.go:40] Failed to load config from "/data/projects/radar_tinder/dataconnect": could not find dataconnect.yaml in `/data/projects/radar_tinder/dataconnect`
 {"metadata":{"emulator":{"name":"dataconnect"},"message":"E0214 04:59:29.260051   29952 watch.go:40] Failed to load config from \"/data/projects/radar_tinder/dataconnect\": could not find dataconnect.yaml in `/data/projects/radar_tinder/dataconnect`\n"}}
[debug] [2026-02-14T12:59:39.259Z] E0214 04:59:39.259159   29952 watch.go:40] Failed to load config from "/data/projects/radar_tinder/dataconnect": could not find dataconnect.yaml in `/data/projects/radar_tinder/dataconnect`
 {"metadata":{"emulator":{"name":"dataconnect"},"message":"E0214 04:59:39.259159   29952 watch.go:40] Failed to load config from \"/data/projects/radar_tinder/dataconnect\": could not find dataconnect.yaml in `/data/projects/radar_tinder/dataconnect`\n"}}
[debug] [2026-02-14T12:59:49.253Z] E0214 04:59:49.253289   29952 watch.go:116] watchAllDir unable to walk dir `/data/projects/radar_tinder/dataconnect`: lstat /data/projects/radar_tinder/dataconnect: no such file or directory
E0214 04:59:49.253384   29952 watch.go:40] Failed to load config from "/data/projects/radar_tinder/dataconnect": could not find dataconnect.yaml in `/data/projects/radar_tinder/dataconnect`
 {"metadata":{"emulator":{"name":"dataconnect"},"message":"E0214 04:59:49.253289   29952 watch.go:116] watchAllDir unable to walk dir `/data/projects/radar_tinder/dataconnect`: lstat /data/projects/radar_tinder/dataconnect: no such file or directory\nE0214 04:59:49.253384   29952 watch.go:40] Failed to load config from \"/data/projects/radar_tinder/dataconnect\": could not find dataconnect.yaml in `/data/projects/radar_tinder/dataconnect`\n"}}
[debug] [2026-02-14T12:59:59.250Z] E0214 04:59:59.250489   29952 watch.go:40] Failed to load config from "/data/projects/radar_tinder/dataconnect": could not find dataconnect.yaml in `/data/projects/radar_tinder/dataconnect`
 {"metadata":{"emulator":{"name":"dataconnect"},"message":"E0214 04:59:59.250489   29952 watch.go:40] Failed to load config from \"/data/projects/radar_tinder/dataconnect\": could not find dataconnect.yaml in `/data/projects/radar_tinder/dataconnect`\n"}}
[debug] [2026-02-14T13:00:09.250Z] E0214 05:00:09.250279   29952 watch.go:40] Failed to load config from "/data/projects/radar_tinder/dataconnect": could not find dataconnect.yaml in `/data/projects/radar_tinder/dataconnect`
 {"metadata":{"emulator":{"name":"dataconnect"},"message":"E0214 05:00:09.250279   29952 watch.go:40] Failed to load config from \"/data/projects/radar_tinder/dataconnect\": could not find dataconnect.yaml in `/data/projects/radar_tinder/dataconnect`\n"}}
[debug] [2026-02-14T13:00:19.253Z] E0214 05:00:19.253617   29952 watch.go:40] Failed to load config from "/data/projects/radar_tinder/dataconnect": could not find dataconnect.yaml in `/data/projects/radar_tinder/dataconnect`
 {"metadata":{"emulator":{"name":"dataconnect"},"message":"E0214 05:00:19.253617   29952 watch.go:40] Failed to load config from \"/data/projects/radar_tinder/dataconnect\": could not find dataconnect.yaml in `/data/projects/radar_tinder/dataconnect`\n"}}
[debug] [2026-02-14T13:00:29.260Z] E0214 05:00:29.259951   29952 watch.go:40] Failed to load config from "/data/projects/radar_tinder/dataconnect": could not find dataconnect.yaml in `/data/projects/radar_tinder/dataconnect`
 {"metadata":{"emulator":{"name":"dataconnect"},"message":"E0214 05:00:29.259951   29952 watch.go:40] Failed to load config from \"/data/projects/radar_tinder/dataconnect\": could not find dataconnect.yaml in `/data/projects/radar_tinder/dataconnect`\n"}}
[debug] [2026-02-14T13:00:39.259Z] E0214 05:00:39.259084   29952 watch.go:40] Failed to load config from "/data/projects/radar_tinder/dataconnect": could not find dataconnect.yaml in `/data/projects/radar_tinder/dataconnect`
 {"metadata":{"emulator":{"name":"dataconnect"},"message":"E0214 05:00:39.259084   29952 watch.go:40] Failed to load config from \"/data/projects/radar_tinder/dataconnect\": could not find dataconnect.yaml in `/data/projects/radar_tinder/dataconnect`\n"}}
[debug] [2026-02-14T13:00:49.253Z] E0214 05:00:49.253141   29952 watch.go:116] watchAllDir unable to walk dir `/data/projects/radar_tinder/dataconnect`: lstat /data/projects/radar_tinder/dataconnect: no such file or directory
E0214 05:00:49.253227   29952 watch.go:40] Failed to load config from "/data/projects/radar_tinder/dataconnect": could not find dataconnect.yaml in `/data/projects/radar_tinder/dataconnect`
 {"metadata":{"emulator":{"name":"dataconnect"},"message":"E0214 05:00:49.253141   29952 watch.go:116] watchAllDir unable to walk dir `/data/projects/radar_tinder/dataconnect`: lstat /data/projects/radar_tinder/dataconnect: no such file or directory\nE0214 05:00:49.253227   29952 watch.go:40] Failed to load config from \"/data/projects/radar_tinder/dataconnect\": could not find dataconnect.yaml in `/data/projects/radar_tinder/dataconnect`\n"}}
[debug] [2026-02-14T13:00:59.259Z] E0214 05:00:59.258713   29952 watch.go:40] Failed to load config from "/data/projects/radar_tinder/dataconnect": could not find dataconnect.yaml in `/data/projects/radar_tinder/dataconnect`
 {"metadata":{"emulator":{"name":"dataconnect"},"message":"E0214 05:00:59.258713   29952 watch.go:40] Failed to load config from \"/data/projects/radar_tinder/dataconnect\": could not find dataconnect.yaml in `/data/projects/radar_tinder/dataconnect`\n"}}
[debug] [2026-02-14T13:01:09.260Z] E0214 05:01:09.260169   29952 watch.go:40] Failed to load config from "/data/projects/radar_tinder/dataconnect": could not find dataconnect.yaml in `/data/projects/radar_tinder/dataconnect`
 {"metadata":{"emulator":{"name":"dataconnect"},"message":"E0214 05:01:09.260169   29952 watch.go:40] Failed to load config from \"/data/projects/radar_tinder/dataconnect\": could not find dataconnect.yaml in `/data/projects/radar_tinder/dataconnect`\n"}}
[debug] [2026-02-14T13:01:19.253Z] E0214 05:01:19.252807   29952 watch.go:40] Failed to load config from "/data/projects/radar_tinder/dataconnect": could not find dataconnect.yaml in `/data/projects/radar_tinder/dataconnect`
 {"metadata":{"emulator":{"name":"dataconnect"},"message":"E0214 05:01:19.252807   29952 watch.go:40] Failed to load config from \"/data/projects/radar_tinder/dataconnect\": could not find dataconnect.yaml in `/data/projects/radar_tinder/dataconnect`\n"}}
[debug] [2026-02-14T13:01:29.256Z] E0214 05:01:29.256386   29952 watch.go:40] Failed to load config from "/data/projects/radar_tinder/dataconnect": could not find dataconnect.yaml in `/data/projects/radar_tinder/dataconnect`
 {"metadata":{"emulator":{"name":"dataconnect"},"message":"E0214 05:01:29.256386   29952 watch.go:40] Failed to load config from \"/data/projects/radar_tinder/dataconnect\": could not find dataconnect.yaml in `/data/projects/radar_tinder/dataconnect`\n"}}
[debug] [2026-02-14T13:01:39.259Z] E0214 05:01:39.259468   29952 watch.go:40] Failed to load config from "/data/projects/radar_tinder/dataconnect": could not find dataconnect.yaml in `/data/projects/radar_tinder/dataconnect`
 {"metadata":{"emulator":{"name":"dataconnect"},"message":"E0214 05:01:39.259468   29952 watch.go:40] Failed to load config from \"/data/projects/radar_tinder/dataconnect\": could not find dataconnect.yaml in `/data/projects/radar_tinder/dataconnect`\n"}}
[debug] [2026-02-14T13:01:49.253Z] E0214 05:01:49.253559   29952 watch.go:116] watchAllDir unable to walk dir `/data/projects/radar_tinder/dataconnect`: lstat /data/projects/radar_tinder/dataconnect: no such file or directory
E0214 05:01:49.253686   29952 watch.go:40] Failed to load config from "/data/projects/radar_tinder/dataconnect": could not find dataconnect.yaml in `/data/projects/radar_tinder/dataconnect`
 {"metadata":{"emulator":{"name":"dataconnect"},"message":"E0214 05:01:49.253559   29952 watch.go:116] watchAllDir unable to walk dir `/data/projects/radar_tinder/dataconnect`: lstat /data/projects/radar_tinder/dataconnect: no such file or directory\nE0214 05:01:49.253686   29952 watch.go:40] Failed to load config from \"/data/projects/radar_tinder/dataconnect\": could not find dataconnect.yaml in `/data/projects/radar_tinder/dataconnect`\n"}}
[debug] [2026-02-14T13:01:59.260Z] E0214 05:01:59.259782   29952 watch.go:40] Failed to load config from "/data/projects/radar_tinder/dataconnect": could not find dataconnect.yaml in `/data/projects/radar_tinder/dataconnect`
 {"metadata":{"emulator":{"name":"dataconnect"},"message":"E0214 05:01:59.259782   29952 watch.go:40] Failed to load config from \"/data/projects/radar_tinder/dataconnect\": could not find dataconnect.yaml in `/data/projects/radar_tinder/dataconnect`\n"}}
[debug] [2026-02-14T13:02:09.250Z] E0214 05:02:09.250138   29952 watch.go:40] Failed to load config from "/data/projects/radar_tinder/dataconnect": could not find dataconnect.yaml in `/data/projects/radar_tinder/dataconnect`
 {"metadata":{"emulator":{"name":"dataconnect"},"message":"E0214 05:02:09.250138   29952 watch.go:40] Failed to load config from \"/data/projects/radar_tinder/dataconnect\": could not find dataconnect.yaml in `/data/projects/radar_tinder/dataconnect`\n"}}
[debug] [2026-02-14T13:02:19.253Z] E0214 05:02:19.253709   29952 watch.go:40] Failed to load config from "/data/projects/radar_tinder/dataconnect": could not find dataconnect.yaml in `/data/projects/radar_tinder/dataconnect`
 {"metadata":{"emulator":{"name":"dataconnect"},"message":"E0214 05:02:19.253709   29952 watch.go:40] Failed to load config from \"/data/projects/radar_tinder/dataconnect\": could not find dataconnect.yaml in `/data/projects/radar_tinder/dataconnect`\n"}}
[debug] [2026-02-14T13:02:29.259Z] E0214 05:02:29.259726   29952 watch.go:40] Failed to load config from "/data/projects/radar_tinder/dataconnect": could not find dataconnect.yaml in `/data/projects/radar_tinder/dataconnect`
 {"metadata":{"emulator":{"name":"dataconnect"},"message":"E0214 05:02:29.259726   29952 watch.go:40] Failed to load config from \"/data/projects/radar_tinder/dataconnect\": could not find dataconnect.yaml in `/data/projects/radar_tinder/dataconnect`\n"}}
[debug] [2026-02-14T13:02:39.252Z] E0214 05:02:39.252587   29952 watch.go:40] Failed to load config from "/data/projects/radar_tinder/dataconnect": could not find dataconnect.yaml in `/data/projects/radar_tinder/dataconnect`
 {"metadata":{"emulator":{"name":"dataconnect"},"message":"E0214 05:02:39.252587   29952 watch.go:40] Failed to load config from \"/data/projects/radar_tinder/dataconnect\": could not find dataconnect.yaml in `/data/projects/radar_tinder/dataconnect`\n"}}
[debug] [2026-02-14T13:02:49.254Z] E0214 05:02:49.253728   29952 watch.go:116] watchAllDir unable to walk dir `/data/projects/radar_tinder/dataconnect`: lstat /data/projects/radar_tinder/dataconnect: no such file or directory
E0214 05:02:49.253780   29952 watch.go:40] Failed to load config from "/data/projects/radar_tinder/dataconnect": could not find dataconnect.yaml in `/data/projects/radar_tinder/dataconnect`
 {"metadata":{"emulator":{"name":"dataconnect"},"message":"E0214 05:02:49.253728   29952 watch.go:116] watchAllDir unable to walk dir `/data/projects/radar_tinder/dataconnect`: lstat /data/projects/radar_tinder/dataconnect: no such file or directory\nE0214 05:02:49.253780   29952 watch.go:40] Failed to load config from \"/data/projects/radar_tinder/dataconnect\": could not find dataconnect.yaml in `/data/projects/radar_tinder/dataconnect`\n"}}
[debug] [2026-02-14T13:02:59.258Z] E0214 05:02:59.257796   29952 watch.go:40] Failed to load config from "/data/projects/radar_tinder/dataconnect": could not find dataconnect.yaml in `/data/projects/radar_tinder/dataconnect`
 {"metadata":{"emulator":{"name":"dataconnect"},"message":"E0214 05:02:59.257796   29952 watch.go:40] Failed to load config from \"/data/projects/radar_tinder/dataconnect\": could not find dataconnect.yaml in `/data/projects/radar_tinder/dataconnect`\n"}}
[debug] [2026-02-14T13:03:09.259Z] E0214 05:03:09.259735   29952 watch.go:40] Failed to load config from "/data/projects/radar_tinder/dataconnect": could not find dataconnect.yaml in `/data/projects/radar_tinder/dataconnect`
 {"metadata":{"emulator":{"name":"dataconnect"},"message":"E0214 05:03:09.259735   29952 watch.go:40] Failed to load config from \"/data/projects/radar_tinder/dataconnect\": could not find dataconnect.yaml in `/data/projects/radar_tinder/dataconnect`\n"}}
[debug] [2026-02-14T13:03:19.253Z] E0214 05:03:19.253713   29952 watch.go:40] Failed to load config from "/data/projects/radar_tinder/dataconnect": could not find dataconnect.yaml in `/data/projects/radar_tinder/dataconnect`
 {"metadata":{"emulator":{"name":"dataconnect"},"message":"E0214 05:03:19.253713   29952 watch.go:40] Failed to load config from \"/data/projects/radar_tinder/dataconnect\": could not find dataconnect.yaml in `/data/projects/radar_tinder/dataconnect`\n"}}
[debug] [2026-02-14T13:03:29.260Z] E0214 05:03:29.259770   29952 watch.go:40] Failed to load config from "/data/projects/radar_tinder/dataconnect": could not find dataconnect.yaml in `/data/projects/radar_tinder/dataconnect`
 {"metadata":{"emulator":{"name":"dataconnect"},"message":"E0214 05:03:29.259770   29952 watch.go:40] Failed to load config from \"/data/projects/radar_tinder/dataconnect\": could not find dataconnect.yaml in `/data/projects/radar_tinder/dataconnect`\n"}}
[debug] [2026-02-14T13:03:39.259Z] E0214 05:03:39.259734   29952 watch.go:40] Failed to load config from "/data/projects/radar_tinder/dataconnect": could not find dataconnect.yaml in `/data/projects/radar_tinder/dataconnect`
 {"metadata":{"emulator":{"name":"dataconnect"},"message":"E0214 05:03:39.259734   29952 watch.go:40] Failed to load config from \"/data/projects/radar_tinder/dataconnect\": could not find dataconnect.yaml in `/data/projects/radar_tinder/dataconnect`\n"}}
[debug] [2026-02-14T13:03:49.254Z] E0214 05:03:49.253711   29952 watch.go:116] watchAllDir unable to walk dir `/data/projects/radar_tinder/dataconnect`: lstat /data/projects/radar_tinder/dataconnect: no such file or directory
E0214 05:03:49.253751   29952 watch.go:40] Failed to load config from "/data/projects/radar_tinder/dataconnect": could not find dataconnect.yaml in `/data/projects/radar_tinder/dataconnect`
 {"metadata":{"emulator":{"name":"dataconnect"},"message":"E0214 05:03:49.253711   29952 watch.go:116] watchAllDir unable to walk dir `/data/projects/radar_tinder/dataconnect`: lstat /data/projects/radar_tinder/dataconnect: no such file or directory\nE0214 05:03:49.253751   29952 watch.go:40] Failed to load config from \"/data/projects/radar_tinder/dataconnect\": could not find dataconnect.yaml in `/data/projects/radar_tinder/dataconnect`\n"}}
[debug] [2026-02-14T13:03:59.259Z] E0214 05:03:59.259708   29952 watch.go:40] Failed to load config from "/data/projects/radar_tinder/dataconnect": could not find dataconnect.yaml in `/data/projects/radar_tinder/dataconnect`
 {"metadata":{"emulator":{"name":"dataconnect"},"message":"E0214 05:03:59.259708   29952 watch.go:40] Failed to load config from \"/data/projects/radar_tinder/dataconnect\": could not find dataconnect.yaml in `/data/projects/radar_tinder/dataconnect`\n"}}
[debug] [2026-02-14T13:04:09.254Z] E0214 05:04:09.254423   29952 watch.go:40] Failed to load config from "/data/projects/radar_tinder/dataconnect": could not find dataconnect.yaml in `/data/projects/radar_tinder/dataconnect`
 {"metadata":{"emulator":{"name":"dataconnect"},"message":"E0214 05:04:09.254423   29952 watch.go:40] Failed to load config from \"/data/projects/radar_tinder/dataconnect\": could not find dataconnect.yaml in `/data/projects/radar_tinder/dataconnect`\n"}}
[debug] [2026-02-14T13:04:19.253Z] E0214 05:04:19.253455   29952 watch.go:40] Failed to load config from "/data/projects/radar_tinder/dataconnect": could not find dataconnect.yaml in `/data/projects/radar_tinder/dataconnect`
 {"metadata":{"emulator":{"name":"dataconnect"},"message":"E0214 05:04:19.253455   29952 watch.go:40] Failed to load config from \"/data/projects/radar_tinder/dataconnect\": could not find dataconnect.yaml in `/data/projects/radar_tinder/dataconnect`\n"}}
[debug] [2026-02-14T13:04:29.250Z] E0214 05:04:29.250045   29952 watch.go:40] Failed to load config from "/data/projects/radar_tinder/dataconnect": could not find dataconnect.yaml in `/data/projects/radar_tinder/dataconnect`
 {"metadata":{"emulator":{"name":"dataconnect"},"message":"E0214 05:04:29.250045   29952 watch.go:40] Failed to load config from \"/data/projects/radar_tinder/dataconnect\": could not find dataconnect.yaml in `/data/projects/radar_tinder/dataconnect`\n"}}
[debug] [2026-02-14T13:04:39.258Z] E0214 05:04:39.258737   29952 watch.go:40] Failed to load config from "/data/projects/radar_tinder/dataconnect": could not find dataconnect.yaml in `/data/projects/radar_tinder/dataconnect`
 {"metadata":{"emulator":{"name":"dataconnect"},"message":"E0214 05:04:39.258737   29952 watch.go:40] Failed to load config from \"/data/projects/radar_tinder/dataconnect\": could not find dataconnect.yaml in `/data/projects/radar_tinder/dataconnect`\n"}}
[debug] [2026-02-14T13:04:49.254Z] E0214 05:04:49.253871   29952 watch.go:116] watchAllDir unable to walk dir `/data/projects/radar_tinder/dataconnect`: lstat /data/projects/radar_tinder/dataconnect: no such file or directory
E0214 05:04:49.254005   29952 watch.go:40] Failed to load config from "/data/projects/radar_tinder/dataconnect": could not find dataconnect.yaml in `/data/projects/radar_tinder/dataconnect`
 {"metadata":{"emulator":{"name":"dataconnect"},"message":"E0214 05:04:49.253871   29952 watch.go:116] watchAllDir unable to walk dir `/data/projects/radar_tinder/dataconnect`: lstat /data/projects/radar_tinder/dataconnect: no such file or directory\nE0214 05:04:49.254005   29952 watch.go:40] Failed to load config from \"/data/projects/radar_tinder/dataconnect\": could not find dataconnect.yaml in `/data/projects/radar_tinder/dataconnect`\n"}}
[debug] [2026-02-14T13:04:59.259Z] E0214 05:04:59.258771   29952 watch.go:40] Failed to load config from "/data/projects/radar_tinder/dataconnect": could not find dataconnect.yaml in `/data/projects/radar_tinder/dataconnect`
 {"metadata":{"emulator":{"name":"dataconnect"},"message":"E0214 05:04:59.258771   29952 watch.go:40] Failed to load config from \"/data/projects/radar_tinder/dataconnect\": could not find dataconnect.yaml in `/data/projects/radar_tinder/dataconnect`\n"}}
[debug] [2026-02-14T13:05:09.250Z] E0214 05:05:09.250150   29952 watch.go:40] Failed to load config from "/data/projects/radar_tinder/dataconnect": could not find dataconnect.yaml in `/data/projects/radar_tinder/dataconnect`
 {"metadata":{"emulator":{"name":"dataconnect"},"message":"E0214 05:05:09.250150   29952 watch.go:40] Failed to load config from \"/data/projects/radar_tinder/dataconnect\": could not find dataconnect.yaml in `/data/projects/radar_tinder/dataconnect`\n"}}
[debug] [2026-02-14T13:05:19.253Z] E0214 05:05:19.253352   29952 watch.go:40] Failed to load config from "/data/projects/radar_tinder/dataconnect": could not find dataconnect.yaml in `/data/projects/radar_tinder/dataconnect`
 {"metadata":{"emulator":{"name":"dataconnect"},"message":"E0214 05:05:19.253352   29952 watch.go:40] Failed to load config from \"/data/projects/radar_tinder/dataconnect\": could not find dataconnect.yaml in `/data/projects/radar_tinder/dataconnect`\n"}}
[debug] [2026-02-14T13:05:29.258Z] E0214 05:05:29.257792   29952 watch.go:40] Failed to load config from "/data/projects/radar_tinder/dataconnect": could not find dataconnect.yaml in `/data/projects/radar_tinder/dataconnect`
 {"metadata":{"emulator":{"name":"dataconnect"},"message":"E0214 05:05:29.257792   29952 watch.go:40] Failed to load config from \"/data/projects/radar_tinder/dataconnect\": could not find dataconnect.yaml in `/data/projects/radar_tinder/dataconnect`\n"}}
[debug] [2026-02-14T13:05:39.256Z] E0214 05:05:39.255824   29952 watch.go:40] Failed to load config from "/data/projects/radar_tinder/dataconnect": could not find dataconnect.yaml in `/data/projects/radar_tinder/dataconnect`
 {"metadata":{"emulator":{"name":"dataconnect"},"message":"E0214 05:05:39.255824   29952 watch.go:40] Failed to load config from \"/data/projects/radar_tinder/dataconnect\": could not find dataconnect.yaml in `/data/projects/radar_tinder/dataconnect`\n"}}
[debug] [2026-02-14T13:05:49.254Z] E0214 05:05:49.253775   29952 watch.go:116] watchAllDir unable to walk dir `/data/projects/radar_tinder/dataconnect`: lstat /data/projects/radar_tinder/dataconnect: no such file or directory
E0214 05:05:49.253827   29952 watch.go:40] Failed to load config from "/data/projects/radar_tinder/dataconnect": could not find dataconnect.yaml in `/data/projects/radar_tinder/dataconnect`
 {"metadata":{"emulator":{"name":"dataconnect"},"message":"E0214 05:05:49.253775   29952 watch.go:116] watchAllDir unable to walk dir `/data/projects/radar_tinder/dataconnect`: lstat /data/projects/radar_tinder/dataconnect: no such file or directory\nE0214 05:05:49.253827   29952 watch.go:40] Failed to load config from \"/data/projects/radar_tinder/dataconnect\": could not find dataconnect.yaml in `/data/projects/radar_tinder/dataconnect`\n"}}
[debug] [2026-02-14T13:05:59.259Z] E0214 05:05:59.258980   29952 watch.go:40] Failed to load config from "/data/projects/radar_tinder/dataconnect": could not find dataconnect.yaml in `/data/projects/radar_tinder/dataconnect`
 {"metadata":{"emulator":{"name":"dataconnect"},"message":"E0214 05:05:59.258980   29952 watch.go:40] Failed to load config from \"/data/projects/radar_tinder/dataconnect\": could not find dataconnect.yaml in `/data/projects/radar_tinder/dataconnect`\n"}}
[debug] [2026-02-14T13:06:09.259Z] E0214 05:06:09.258763   29952 watch.go:40] Failed to load config from "/data/projects/radar_tinder/dataconnect": could not find dataconnect.yaml in `/data/projects/radar_tinder/dataconnect`
 {"metadata":{"emulator":{"name":"dataconnect"},"message":"E0214 05:06:09.258763   29952 watch.go:40] Failed to load config from \"/data/projects/radar_tinder/dataconnect\": could not find dataconnect.yaml in `/data/projects/radar_tinder/dataconnect`\n"}}
[debug] [2026-02-14T13:06:19.254Z] E0214 05:06:19.253818   29952 watch.go:40] Failed to load config from "/data/projects/radar_tinder/dataconnect": could not find dataconnect.yaml in `/data/projects/radar_tinder/dataconnect`
 {"metadata":{"emulator":{"name":"dataconnect"},"message":"E0214 05:06:19.253818   29952 watch.go:40] Failed to load config from \"/data/projects/radar_tinder/dataconnect\": could not find dataconnect.yaml in `/data/projects/radar_tinder/dataconnect`\n"}}
[debug] [2026-02-14T13:06:29.250Z] E0214 05:06:29.250148   29952 watch.go:40] Failed to load config from "/data/projects/radar_tinder/dataconnect": could not find dataconnect.yaml in `/data/projects/radar_tinder/dataconnect`
 {"metadata":{"emulator":{"name":"dataconnect"},"message":"E0214 05:06:29.250148   29952 watch.go:40] Failed to load config from \"/data/projects/radar_tinder/dataconnect\": could not find dataconnect.yaml in `/data/projects/radar_tinder/dataconnect`\n"}}
[debug] [2026-02-14T13:06:39.250Z] E0214 05:06:39.249980   29952 watch.go:40] Failed to load config from "/data/projects/radar_tinder/dataconnect": could not find dataconnect.yaml in `/data/projects/radar_tinder/dataconnect`
 {"metadata":{"emulator":{"name":"dataconnect"},"message":"E0214 05:06:39.249980   29952 watch.go:40] Failed to load config from \"/data/projects/radar_tinder/dataconnect\": could not find dataconnect.yaml in `/data/projects/radar_tinder/dataconnect`\n"}}
[debug] [2026-02-14T13:06:49.254Z] E0214 05:06:49.253761   29952 watch.go:116] watchAllDir unable to walk dir `/data/projects/radar_tinder/dataconnect`: lstat /data/projects/radar_tinder/dataconnect: no such file or directory
E0214 05:06:49.253856   29952 watch.go:40] Failed to load config from "/data/projects/radar_tinder/dataconnect": could not find dataconnect.yaml in `/data/projects/radar_tinder/dataconnect`
 {"metadata":{"emulator":{"name":"dataconnect"},"message":"E0214 05:06:49.253761   29952 watch.go:116] watchAllDir unable to walk dir `/data/projects/radar_tinder/dataconnect`: lstat /data/projects/radar_tinder/dataconnect: no such file or directory\nE0214 05:06:49.253856   29952 watch.go:40] Failed to load config from \"/data/projects/radar_tinder/dataconnect\": could not find dataconnect.yaml in `/data/projects/radar_tinder/dataconnect`\n"}}
[debug] [2026-02-14T13:06:59.259Z] E0214 05:06:59.259762   29952 watch.go:40] Failed to load config from "/data/projects/radar_tinder/dataconnect": could not find dataconnect.yaml in `/data/projects/radar_tinder/dataconnect`
 {"metadata":{"emulator":{"name":"dataconnect"},"message":"E0214 05:06:59.259762   29952 watch.go:40] Failed to load config from \"/data/projects/radar_tinder/dataconnect\": could not find dataconnect.yaml in `/data/projects/radar_tinder/dataconnect`\n"}}
[debug] [2026-02-14T13:07:09.255Z] E0214 05:07:09.255416   29952 watch.go:40] Failed to load config from "/data/projects/radar_tinder/dataconnect": could not find dataconnect.yaml in `/data/projects/radar_tinder/dataconnect`
 {"metadata":{"emulator":{"name":"dataconnect"},"message":"E0214 05:07:09.255416   29952 watch.go:40] Failed to load config from \"/data/projects/radar_tinder/dataconnect\": could not find dataconnect.yaml in `/data/projects/radar_tinder/dataconnect`\n"}}
[debug] [2026-02-14T13:07:19.254Z] E0214 05:07:19.253613   29952 watch.go:40] Failed to load config from "/data/projects/radar_tinder/dataconnect": could not find dataconnect.yaml in `/data/projects/radar_tinder/dataconnect`
 {"metadata":{"emulator":{"name":"dataconnect"},"message":"E0214 05:07:19.253613   29952 watch.go:40] Failed to load config from \"/data/projects/radar_tinder/dataconnect\": could not find dataconnect.yaml in `/data/projects/radar_tinder/dataconnect`\n"}}
[debug] [2026-02-14T13:07:29.259Z] E0214 05:07:29.259759   29952 watch.go:40] Failed to load config from "/data/projects/radar_tinder/dataconnect": could not find dataconnect.yaml in `/data/projects/radar_tinder/dataconnect`
 {"metadata":{"emulator":{"name":"dataconnect"},"message":"E0214 05:07:29.259759   29952 watch.go:40] Failed to load config from \"/data/projects/radar_tinder/dataconnect\": could not find dataconnect.yaml in `/data/projects/radar_tinder/dataconnect`\n"}}
[debug] [2026-02-14T13:07:39.260Z] E0214 05:07:39.259858   29952 watch.go:40] Failed to load config from "/data/projects/radar_tinder/dataconnect": could not find dataconnect.yaml in `/data/projects/radar_tinder/dataconnect`
 {"metadata":{"emulator":{"name":"dataconnect"},"message":"E0214 05:07:39.259858   29952 watch.go:40] Failed to load config from \"/data/projects/radar_tinder/dataconnect\": could not find dataconnect.yaml in `/data/projects/radar_tinder/dataconnect`\n"}}
[debug] [2026-02-14T13:07:49.254Z] E0214 05:07:49.253719   29952 watch.go:40] Failed to load config from "/data/projects/radar_tinder/dataconnect": could not find dataconnect.yaml in `/data/projects/radar_tinder/dataconnect`
E0214 05:07:49.253706   29952 watch.go:116] watchAllDir unable to walk dir `/data/projects/radar_tinder/dataconnect`: lstat /data/projects/radar_tinder/dataconnect: no such file or directory
 {"metadata":{"emulator":{"name":"dataconnect"},"message":"E0214 05:07:49.253719   29952 watch.go:40] Failed to load config from \"/data/projects/radar_tinder/dataconnect\": could not find dataconnect.yaml in `/data/projects/radar_tinder/dataconnect`\nE0214 05:07:49.253706   29952 watch.go:116] watchAllDir unable to walk dir `/data/projects/radar_tinder/dataconnect`: lstat /data/projects/radar_tinder/dataconnect: no such file or directory\n"}}
[debug] [2026-02-14T13:07:59.259Z] E0214 05:07:59.259705   29952 watch.go:40] Failed to load config from "/data/projects/radar_tinder/dataconnect": could not find dataconnect.yaml in `/data/projects/radar_tinder/dataconnect`
 {"metadata":{"emulator":{"name":"dataconnect"},"message":"E0214 05:07:59.259705   29952 watch.go:40] Failed to load config from \"/data/projects/radar_tinder/dataconnect\": could not find dataconnect.yaml in `/data/projects/radar_tinder/dataconnect`\n"}}
[debug] [2026-02-14T13:08:09.260Z] E0214 05:08:09.259827   29952 watch.go:40] Failed to load config from "/data/projects/radar_tinder/dataconnect": could not find dataconnect.yaml in `/data/projects/radar_tinder/dataconnect`
 {"metadata":{"emulator":{"name":"dataconnect"},"message":"E0214 05:08:09.259827   29952 watch.go:40] Failed to load config from \"/data/projects/radar_tinder/dataconnect\": could not find dataconnect.yaml in `/data/projects/radar_tinder/dataconnect`\n"}}
[debug] [2026-02-14T13:08:19.254Z] E0214 05:08:19.253770   29952 watch.go:40] Failed to load config from "/data/projects/radar_tinder/dataconnect": could not find dataconnect.yaml in `/data/projects/radar_tinder/dataconnect`
 {"metadata":{"emulator":{"name":"dataconnect"},"message":"E0214 05:08:19.253770   29952 watch.go:40] Failed to load config from \"/data/projects/radar_tinder/dataconnect\": could not find dataconnect.yaml in `/data/projects/radar_tinder/dataconnect`\n"}}
[debug] [2026-02-14T13:08:29.260Z] E0214 05:08:29.259731   29952 watch.go:40] Failed to load config from "/data/projects/radar_tinder/dataconnect": could not find dataconnect.yaml in `/data/projects/radar_tinder/dataconnect`
 {"metadata":{"emulator":{"name":"dataconnect"},"message":"E0214 05:08:29.259731   29952 watch.go:40] Failed to load config from \"/data/projects/radar_tinder/dataconnect\": could not find dataconnect.yaml in `/data/projects/radar_tinder/dataconnect`\n"}}
[debug] [2026-02-14T13:08:39.250Z] E0214 05:08:39.250552   29952 watch.go:40] Failed to load config from "/data/projects/radar_tinder/dataconnect": could not find dataconnect.yaml in `/data/projects/radar_tinder/dataconnect`
 {"metadata":{"emulator":{"name":"dataconnect"},"message":"E0214 05:08:39.250552   29952 watch.go:40] Failed to load config from \"/data/projects/radar_tinder/dataconnect\": could not find dataconnect.yaml in `/data/projects/radar_tinder/dataconnect`\n"}}
[debug] [2026-02-14T13:08:49.254Z] E0214 05:08:49.253726   29952 watch.go:116] watchAllDir unable to walk dir `/data/projects/radar_tinder/dataconnect`: lstat /data/projects/radar_tinder/dataconnect: no such file or directory
E0214 05:08:49.253884   29952 watch.go:40] Failed to load config from "/data/projects/radar_tinder/dataconnect": could not find dataconnect.yaml in `/data/projects/radar_tinder/dataconnect`
 {"metadata":{"emulator":{"name":"dataconnect"},"message":"E0214 05:08:49.253726   29952 watch.go:116] watchAllDir unable to walk dir `/data/projects/radar_tinder/dataconnect`: lstat /data/projects/radar_tinder/dataconnect: no such file or directory\nE0214 05:08:49.253884   29952 watch.go:40] Failed to load config from \"/data/projects/radar_tinder/dataconnect\": could not find dataconnect.yaml in `/data/projects/radar_tinder/dataconnect`\n"}}
[debug] [2026-02-14T13:08:59.260Z] E0214 05:08:59.260169   29952 watch.go:40] Failed to load config from "/data/projects/radar_tinder/dataconnect": could not find dataconnect.yaml in `/data/projects/radar_tinder/dataconnect`
 {"metadata":{"emulator":{"name":"dataconnect"},"message":"E0214 05:08:59.260169   29952 watch.go:40] Failed to load config from \"/data/projects/radar_tinder/dataconnect\": could not find dataconnect.yaml in `/data/projects/radar_tinder/dataconnect`\n"}}
[debug] [2026-02-14T13:09:09.258Z] E0214 05:09:09.258712   29952 watch.go:40] Failed to load config from "/data/projects/radar_tinder/dataconnect": could not find dataconnect.yaml in `/data/projects/radar_tinder/dataconnect`
 {"metadata":{"emulator":{"name":"dataconnect"},"message":"E0214 05:09:09.258712   29952 watch.go:40] Failed to load config from \"/data/projects/radar_tinder/dataconnect\": could not find dataconnect.yaml in `/data/projects/radar_tinder/dataconnect`\n"}}
[debug] [2026-02-14T13:09:19.250Z] E0214 05:09:19.250133   29952 watch.go:40] Failed to load config from "/data/projects/radar_tinder/dataconnect": could not find dataconnect.yaml in `/data/projects/radar_tinder/dataconnect`
 {"metadata":{"emulator":{"name":"dataconnect"},"message":"E0214 05:09:19.250133   29952 watch.go:40] Failed to load config from \"/data/projects/radar_tinder/dataconnect\": could not find dataconnect.yaml in `/data/projects/radar_tinder/dataconnect`\n"}}
[debug] [2026-02-14T13:09:29.259Z] E0214 05:09:29.259183   29952 watch.go:40] Failed to load config from "/data/projects/radar_tinder/dataconnect": could not find dataconnect.yaml in `/data/projects/radar_tinder/dataconnect`
 {"metadata":{"emulator":{"name":"dataconnect"},"message":"E0214 05:09:29.259183   29952 watch.go:40] Failed to load config from \"/data/projects/radar_tinder/dataconnect\": could not find dataconnect.yaml in `/data/projects/radar_tinder/dataconnect`\n"}}
[debug] [2026-02-14T13:09:39.259Z] E0214 05:09:39.259255   29952 watch.go:40] Failed to load config from "/data/projects/radar_tinder/dataconnect": could not find dataconnect.yaml in `/data/projects/radar_tinder/dataconnect`
 {"metadata":{"emulator":{"name":"dataconnect"},"message":"E0214 05:09:39.259255   29952 watch.go:40] Failed to load config from \"/data/projects/radar_tinder/dataconnect\": could not find dataconnect.yaml in `/data/projects/radar_tinder/dataconnect`\n"}}
[debug] [2026-02-14T13:09:49.253Z] E0214 05:09:49.252788   29952 watch.go:116] watchAllDir unable to walk dir `/data/projects/radar_tinder/dataconnect`: lstat /data/projects/radar_tinder/dataconnect: no such file or directory
E0214 05:09:49.252869   29952 watch.go:40] Failed to load config from "/data/projects/radar_tinder/dataconnect": could not find dataconnect.yaml in `/data/projects/radar_tinder/dataconnect`
 {"metadata":{"emulator":{"name":"dataconnect"},"message":"E0214 05:09:49.252788   29952 watch.go:116] watchAllDir unable to walk dir `/data/projects/radar_tinder/dataconnect`: lstat /data/projects/radar_tinder/dataconnect: no such file or directory\nE0214 05:09:49.252869   29952 watch.go:40] Failed to load config from \"/data/projects/radar_tinder/dataconnect\": could not find dataconnect.yaml in `/data/projects/radar_tinder/dataconnect`\n"}}
[debug] [2026-02-14T13:09:59.254Z] E0214 05:09:59.253924   29952 watch.go:40] Failed to load config from "/data/projects/radar_tinder/dataconnect": could not find dataconnect.yaml in `/data/projects/radar_tinder/dataconnect`
 {"metadata":{"emulator":{"name":"dataconnect"},"message":"E0214 05:09:59.253924   29952 watch.go:40] Failed to load config from \"/data/projects/radar_tinder/dataconnect\": could not find dataconnect.yaml in `/data/projects/radar_tinder/dataconnect`\n"}}
[debug] [2026-02-14T13:10:09.258Z] E0214 05:10:09.258732   29952 watch.go:40] Failed to load config from "/data/projects/radar_tinder/dataconnect": could not find dataconnect.yaml in `/data/projects/radar_tinder/dataconnect`
 {"metadata":{"emulator":{"name":"dataconnect"},"message":"E0214 05:10:09.258732   29952 watch.go:40] Failed to load config from \"/data/projects/radar_tinder/dataconnect\": could not find dataconnect.yaml in `/data/projects/radar_tinder/dataconnect`\n"}}
[debug] [2026-02-14T13:10:19.253Z] E0214 05:10:19.253744   29952 watch.go:40] Failed to load config from "/data/projects/radar_tinder/dataconnect": could not find dataconnect.yaml in `/data/projects/radar_tinder/dataconnect`
 {"metadata":{"emulator":{"name":"dataconnect"},"message":"E0214 05:10:19.253744   29952 watch.go:40] Failed to load config from \"/data/projects/radar_tinder/dataconnect\": could not find dataconnect.yaml in `/data/projects/radar_tinder/dataconnect`\n"}}
[debug] [2026-02-14T13:10:29.259Z] E0214 05:10:29.259797   29952 watch.go:40] Failed to load config from "/data/projects/radar_tinder/dataconnect": could not find dataconnect.yaml in `/data/projects/radar_tinder/dataconnect`
 {"metadata":{"emulator":{"name":"dataconnect"},"message":"E0214 05:10:29.259797   29952 watch.go:40] Failed to load config from \"/data/projects/radar_tinder/dataconnect\": could not find dataconnect.yaml in `/data/projects/radar_tinder/dataconnect`\n"}}
[debug] [2026-02-14T13:10:39.260Z] E0214 05:10:39.259865   29952 watch.go:40] Failed to load config from "/data/projects/radar_tinder/dataconnect": could not find dataconnect.yaml in `/data/projects/radar_tinder/dataconnect`
 {"metadata":{"emulator":{"name":"dataconnect"},"message":"E0214 05:10:39.259865   29952 watch.go:40] Failed to load config from \"/data/projects/radar_tinder/dataconnect\": could not find dataconnect.yaml in `/data/projects/radar_tinder/dataconnect`\n"}}
[debug] [2026-02-14T13:10:49.254Z] E0214 05:10:49.253724   29952 watch.go:116] watchAllDir unable to walk dir `/data/projects/radar_tinder/dataconnect`: lstat /data/projects/radar_tinder/dataconnect: no such file or directory
E0214 05:10:49.253871   29952 watch.go:40] Failed to load config from "/data/projects/radar_tinder/dataconnect": could not find dataconnect.yaml in `/data/projects/radar_tinder/dataconnect`
 {"metadata":{"emulator":{"name":"dataconnect"},"message":"E0214 05:10:49.253724   29952 watch.go:116] watchAllDir unable to walk dir `/data/projects/radar_tinder/dataconnect`: lstat /data/projects/radar_tinder/dataconnect: no such file or directory\nE0214 05:10:49.253871   29952 watch.go:40] Failed to load config from \"/data/projects/radar_tinder/dataconnect\": could not find dataconnect.yaml in `/data/projects/radar_tinder/dataconnect`\n"}}
[debug] [2026-02-14T13:10:59.250Z] E0214 05:10:59.249957   29952 watch.go:40] Failed to load config from "/data/projects/radar_tinder/dataconnect": could not find dataconnect.yaml in `/data/projects/radar_tinder/dataconnect`
 {"metadata":{"emulator":{"name":"dataconnect"},"message":"E0214 05:10:59.249957   29952 watch.go:40] Failed to load config from \"/data/projects/radar_tinder/dataconnect\": could not find dataconnect.yaml in `/data/projects/radar_tinder/dataconnect`\n"}}
[debug] [2026-02-14T13:11:09.258Z] E0214 05:11:09.258709   29952 watch.go:40] Failed to load config from "/data/projects/radar_tinder/dataconnect": could not find dataconnect.yaml in `/data/projects/radar_tinder/dataconnect`
 {"metadata":{"emulator":{"name":"dataconnect"},"message":"E0214 05:11:09.258709   29952 watch.go:40] Failed to load config from \"/data/projects/radar_tinder/dataconnect\": could not find dataconnect.yaml in `/data/projects/radar_tinder/dataconnect`\n"}}
[debug] [2026-02-14T13:11:19.254Z] E0214 05:11:19.253785   29952 watch.go:40] Failed to load config from "/data/projects/radar_tinder/dataconnect": could not find dataconnect.yaml in `/data/projects/radar_tinder/dataconnect`
 {"metadata":{"emulator":{"name":"dataconnect"},"message":"E0214 05:11:19.253785   29952 watch.go:40] Failed to load config from \"/data/projects/radar_tinder/dataconnect\": could not find dataconnect.yaml in `/data/projects/radar_tinder/dataconnect`\n"}}
[debug] [2026-02-14T13:11:29.259Z] E0214 05:11:29.259727   29952 watch.go:40] Failed to load config from "/data/projects/radar_tinder/dataconnect": could not find dataconnect.yaml in `/data/projects/radar_tinder/dataconnect`
 {"metadata":{"emulator":{"name":"dataconnect"},"message":"E0214 05:11:29.259727   29952 watch.go:40] Failed to load config from \"/data/projects/radar_tinder/dataconnect\": could not find dataconnect.yaml in `/data/projects/radar_tinder/dataconnect`\n"}}
[debug] [2026-02-14T13:11:39.260Z] E0214 05:11:39.259751   29952 watch.go:40] Failed to load config from "/data/projects/radar_tinder/dataconnect": could not find dataconnect.yaml in `/data/projects/radar_tinder/dataconnect`
 {"metadata":{"emulator":{"name":"dataconnect"},"message":"E0214 05:11:39.259751   29952 watch.go:40] Failed to load config from \"/data/projects/radar_tinder/dataconnect\": could not find dataconnect.yaml in `/data/projects/radar_tinder/dataconnect`\n"}}
[debug] [2026-02-14T13:11:49.253Z] E0214 05:11:49.253730   29952 watch.go:116] watchAllDir unable to walk dir `/data/projects/radar_tinder/dataconnect`: lstat /data/projects/radar_tinder/dataconnect: no such file or directory
E0214 05:11:49.253790   29952 watch.go:40] Failed to load config from "/data/projects/radar_tinder/dataconnect": could not find dataconnect.yaml in `/data/projects/radar_tinder/dataconnect`
 {"metadata":{"emulator":{"name":"dataconnect"},"message":"E0214 05:11:49.253730   29952 watch.go:116] watchAllDir unable to walk dir `/data/projects/radar_tinder/dataconnect`: lstat /data/projects/radar_tinder/dataconnect: no such file or directory\nE0214 05:11:49.253790   29952 watch.go:40] Failed to load config from \"/data/projects/radar_tinder/dataconnect\": could not find dataconnect.yaml in `/data/projects/radar_tinder/dataconnect`\n"}}
[debug] [2026-02-14T13:11:59.259Z] E0214 05:11:59.259709   29952 watch.go:40] Failed to load config from "/data/projects/radar_tinder/dataconnect": could not find dataconnect.yaml in `/data/projects/radar_tinder/dataconnect`
 {"metadata":{"emulator":{"name":"dataconnect"},"message":"E0214 05:11:59.259709   29952 watch.go:40] Failed to load config from \"/data/projects/radar_tinder/dataconnect\": could not find dataconnect.yaml in `/data/projects/radar_tinder/dataconnect`\n"}}
[debug] [2026-02-14T13:12:09.259Z] E0214 05:12:09.259710   29952 watch.go:40] Failed to load config from "/data/projects/radar_tinder/dataconnect": could not find dataconnect.yaml in `/data/projects/radar_tinder/dataconnect`
 {"metadata":{"emulator":{"name":"dataconnect"},"message":"E0214 05:12:09.259710   29952 watch.go:40] Failed to load config from \"/data/projects/radar_tinder/dataconnect\": could not find dataconnect.yaml in `/data/projects/radar_tinder/dataconnect`\n"}}
[debug] [2026-02-14T13:12:19.264Z] E0214 05:12:19.253731   29952 watch.go:40] Failed to load config from "/data/projects/radar_tinder/dataconnect": could not find dataconnect.yaml in `/data/projects/radar_tinder/dataconnect`
 {"metadata":{"emulator":{"name":"dataconnect"},"message":"E0214 05:12:19.253731   29952 watch.go:40] Failed to load config from \"/data/projects/radar_tinder/dataconnect\": could not find dataconnect.yaml in `/data/projects/radar_tinder/dataconnect`\n"}}
[debug] [2026-02-14T13:12:29.259Z] E0214 05:12:29.259760   29952 watch.go:40] Failed to load config from "/data/projects/radar_tinder/dataconnect": could not find dataconnect.yaml in `/data/projects/radar_tinder/dataconnect`
 {"metadata":{"emulator":{"name":"dataconnect"},"message":"E0214 05:12:29.259760   29952 watch.go:40] Failed to load config from \"/data/projects/radar_tinder/dataconnect\": could not find dataconnect.yaml in `/data/projects/radar_tinder/dataconnect`\n"}}
[debug] [2026-02-14T13:12:39.255Z] E0214 05:12:39.255674   29952 watch.go:40] Failed to load config from "/data/projects/radar_tinder/dataconnect": could not find dataconnect.yaml in `/data/projects/radar_tinder/dataconnect`
 {"metadata":{"emulator":{"name":"dataconnect"},"message":"E0214 05:12:39.255674   29952 watch.go:40] Failed to load config from \"/data/projects/radar_tinder/dataconnect\": could not find dataconnect.yaml in `/data/projects/radar_tinder/dataconnect`\n"}}
[debug] [2026-02-14T13:12:49.252Z] E0214 05:12:49.252715   29952 watch.go:116] watchAllDir unable to walk dir `/data/projects/radar_tinder/dataconnect`: lstat /data/projects/radar_tinder/dataconnect: no such file or directory
E0214 05:12:49.252741   29952 watch.go:40] Failed to load config from "/data/projects/radar_tinder/dataconnect": could not find dataconnect.yaml in `/data/projects/radar_tinder/dataconnect`
 {"metadata":{"emulator":{"name":"dataconnect"},"message":"E0214 05:12:49.252715   29952 watch.go:116] watchAllDir unable to walk dir `/data/projects/radar_tinder/dataconnect`: lstat /data/projects/radar_tinder/dataconnect: no such file or directory\nE0214 05:12:49.252741   29952 watch.go:40] Failed to load config from \"/data/projects/radar_tinder/dataconnect\": could not find dataconnect.yaml in `/data/projects/radar_tinder/dataconnect`\n"}}
[debug] [2026-02-14T13:12:59.250Z] E0214 05:12:59.250246   29952 watch.go:40] Failed to load config from "/data/projects/radar_tinder/dataconnect": could not find dataconnect.yaml in `/data/projects/radar_tinder/dataconnect`
 {"metadata":{"emulator":{"name":"dataconnect"},"message":"E0214 05:12:59.250246   29952 watch.go:40] Failed to load config from \"/data/projects/radar_tinder/dataconnect\": could not find dataconnect.yaml in `/data/projects/radar_tinder/dataconnect`\n"}}
[debug] [2026-02-14T13:13:09.250Z] E0214 05:13:09.250019   29952 watch.go:40] Failed to load config from "/data/projects/radar_tinder/dataconnect": could not find dataconnect.yaml in `/data/projects/radar_tinder/dataconnect`
 {"metadata":{"emulator":{"name":"dataconnect"},"message":"E0214 05:13:09.250019   29952 watch.go:40] Failed to load config from \"/data/projects/radar_tinder/dataconnect\": could not find dataconnect.yaml in `/data/projects/radar_tinder/dataconnect`\n"}}
[debug] [2026-02-14T13:13:19.253Z] E0214 05:13:19.253720   29952 watch.go:40] Failed to load config from "/data/projects/radar_tinder/dataconnect": could not find dataconnect.yaml in `/data/projects/radar_tinder/dataconnect`
 {"metadata":{"emulator":{"name":"dataconnect"},"message":"E0214 05:13:19.253720   29952 watch.go:40] Failed to load config from \"/data/projects/radar_tinder/dataconnect\": could not find dataconnect.yaml in `/data/projects/radar_tinder/dataconnect`\n"}}
[debug] [2026-02-14T13:13:29.259Z] E0214 05:13:29.259753   29952 watch.go:40] Failed to load config from "/data/projects/radar_tinder/dataconnect": could not find dataconnect.yaml in `/data/projects/radar_tinder/dataconnect`
 {"metadata":{"emulator":{"name":"dataconnect"},"message":"E0214 05:13:29.259753   29952 watch.go:40] Failed to load config from \"/data/projects/radar_tinder/dataconnect\": could not find dataconnect.yaml in `/data/projects/radar_tinder/dataconnect`\n"}}
[debug] [2026-02-14T13:13:39.259Z] E0214 05:13:39.259734   29952 watch.go:40] Failed to load config from "/data/projects/radar_tinder/dataconnect": could not find dataconnect.yaml in `/data/projects/radar_tinder/dataconnect`
 {"metadata":{"emulator":{"name":"dataconnect"},"message":"E0214 05:13:39.259734   29952 watch.go:40] Failed to load config from \"/data/projects/radar_tinder/dataconnect\": could not find dataconnect.yaml in `/data/projects/radar_tinder/dataconnect`\n"}}
[debug] [2026-02-14T13:13:49.254Z] E0214 05:13:49.253793   29952 watch.go:116] watchAllDir unable to walk dir `/data/projects/radar_tinder/dataconnect`: lstat /data/projects/radar_tinder/dataconnect: no such file or directory
E0214 05:13:49.253862   29952 watch.go:40] Failed to load config from "/data/projects/radar_tinder/dataconnect": could not find dataconnect.yaml in `/data/projects/radar_tinder/dataconnect`
 {"metadata":{"emulator":{"name":"dataconnect"},"message":"E0214 05:13:49.253793   29952 watch.go:116] watchAllDir unable to walk dir `/data/projects/radar_tinder/dataconnect`: lstat /data/projects/radar_tinder/dataconnect: no such file or directory\nE0214 05:13:49.253862   29952 watch.go:40] Failed to load config from \"/data/projects/radar_tinder/dataconnect\": could not find dataconnect.yaml in `/data/projects/radar_tinder/dataconnect`\n"}}
[debug] [2026-02-14T13:13:59.259Z] E0214 05:13:59.259017   29952 watch.go:40] Failed to load config from "/data/projects/radar_tinder/dataconnect": could not find dataconnect.yaml in `/data/projects/radar_tinder/dataconnect`
 {"metadata":{"emulator":{"name":"dataconnect"},"message":"E0214 05:13:59.259017   29952 watch.go:40] Failed to load config from \"/data/projects/radar_tinder/dataconnect\": could not find dataconnect.yaml in `/data/projects/radar_tinder/dataconnect`\n"}}
[debug] [2026-02-14T13:14:09.259Z] E0214 05:14:09.258725   29952 watch.go:40] Failed to load config from "/data/projects/radar_tinder/dataconnect": could not find dataconnect.yaml in `/data/projects/radar_tinder/dataconnect`
 {"metadata":{"emulator":{"name":"dataconnect"},"message":"E0214 05:14:09.258725   29952 watch.go:40] Failed to load config from \"/data/projects/radar_tinder/dataconnect\": could not find dataconnect.yaml in `/data/projects/radar_tinder/dataconnect`\n"}}
[debug] [2026-02-14T13:14:19.253Z] E0214 05:14:19.253735   29952 watch.go:40] Failed to load config from "/data/projects/radar_tinder/dataconnect": could not find dataconnect.yaml in `/data/projects/radar_tinder/dataconnect`
 {"metadata":{"emulator":{"name":"dataconnect"},"message":"E0214 05:14:19.253735   29952 watch.go:40] Failed to load config from \"/data/projects/radar_tinder/dataconnect\": could not find dataconnect.yaml in `/data/projects/radar_tinder/dataconnect`\n"}}
[debug] [2026-02-14T13:14:29.260Z] E0214 05:14:29.259840   29952 watch.go:40] Failed to load config from "/data/projects/radar_tinder/dataconnect": could not find dataconnect.yaml in `/data/projects/radar_tinder/dataconnect`
 {"metadata":{"emulator":{"name":"dataconnect"},"message":"E0214 05:14:29.259840   29952 watch.go:40] Failed to load config from \"/data/projects/radar_tinder/dataconnect\": could not find dataconnect.yaml in `/data/projects/radar_tinder/dataconnect`\n"}}
[debug] [2026-02-14T13:14:39.250Z] E0214 05:14:39.249997   29952 watch.go:40] Failed to load config from "/data/projects/radar_tinder/dataconnect": could not find dataconnect.yaml in `/data/projects/radar_tinder/dataconnect`
 {"metadata":{"emulator":{"name":"dataconnect"},"message":"E0214 05:14:39.249997   29952 watch.go:40] Failed to load config from \"/data/projects/radar_tinder/dataconnect\": could not find dataconnect.yaml in `/data/projects/radar_tinder/dataconnect`\n"}}
[debug] [2026-02-14T13:14:49.254Z] E0214 05:14:49.254006   29952 watch.go:116] watchAllDir unable to walk dir `/data/projects/radar_tinder/dataconnect`: lstat /data/projects/radar_tinder/dataconnect: no such file or directory
E0214 05:14:49.254048   29952 watch.go:40] Failed to load config from "/data/projects/radar_tinder/dataconnect": could not find dataconnect.yaml in `/data/projects/radar_tinder/dataconnect`
 {"metadata":{"emulator":{"name":"dataconnect"},"message":"E0214 05:14:49.254006   29952 watch.go:116] watchAllDir unable to walk dir `/data/projects/radar_tinder/dataconnect`: lstat /data/projects/radar_tinder/dataconnect: no such file or directory\nE0214 05:14:49.254048   29952 watch.go:40] Failed to load config from \"/data/projects/radar_tinder/dataconnect\": could not find dataconnect.yaml in `/data/projects/radar_tinder/dataconnect`\n"}}
[debug] [2026-02-14T13:14:59.250Z] E0214 05:14:59.250553   29952 watch.go:40] Failed to load config from "/data/projects/radar_tinder/dataconnect": could not find dataconnect.yaml in `/data/projects/radar_tinder/dataconnect`
 {"metadata":{"emulator":{"name":"dataconnect"},"message":"E0214 05:14:59.250553   29952 watch.go:40] Failed to load config from \"/data/projects/radar_tinder/dataconnect\": could not find dataconnect.yaml in `/data/projects/radar_tinder/dataconnect`\n"}}
[debug] [2026-02-14T13:15:09.250Z] E0214 05:15:09.250328   29952 watch.go:40] Failed to load config from "/data/projects/radar_tinder/dataconnect": could not find dataconnect.yaml in `/data/projects/radar_tinder/dataconnect`
 {"metadata":{"emulator":{"name":"dataconnect"},"message":"E0214 05:15:09.250328   29952 watch.go:40] Failed to load config from \"/data/projects/radar_tinder/dataconnect\": could not find dataconnect.yaml in `/data/projects/radar_tinder/dataconnect`\n"}}
[debug] [2026-02-14T13:15:19.252Z] E0214 05:15:19.252739   29952 watch.go:40] Failed to load config from "/data/projects/radar_tinder/dataconnect": could not find dataconnect.yaml in `/data/projects/radar_tinder/dataconnect`
 {"metadata":{"emulator":{"name":"dataconnect"},"message":"E0214 05:15:19.252739   29952 watch.go:40] Failed to load config from \"/data/projects/radar_tinder/dataconnect\": could not find dataconnect.yaml in `/data/projects/radar_tinder/dataconnect`\n"}}
[debug] [2026-02-14T13:15:29.259Z] E0214 05:15:29.259752   29952 watch.go:40] Failed to load config from "/data/projects/radar_tinder/dataconnect": could not find dataconnect.yaml in `/data/projects/radar_tinder/dataconnect`
 {"metadata":{"emulator":{"name":"dataconnect"},"message":"E0214 05:15:29.259752   29952 watch.go:40] Failed to load config from \"/data/projects/radar_tinder/dataconnect\": could not find dataconnect.yaml in `/data/projects/radar_tinder/dataconnect`\n"}}
[debug] [2026-02-14T13:15:39.259Z] E0214 05:15:39.259731   29952 watch.go:40] Failed to load config from "/data/projects/radar_tinder/dataconnect": could not find dataconnect.yaml in `/data/projects/radar_tinder/dataconnect`
 {"metadata":{"emulator":{"name":"dataconnect"},"message":"E0214 05:15:39.259731   29952 watch.go:40] Failed to load config from \"/data/projects/radar_tinder/dataconnect\": could not find dataconnect.yaml in `/data/projects/radar_tinder/dataconnect`\n"}}
[debug] [2026-02-14T13:15:49.251Z] E0214 05:15:49.250688   29952 watch.go:116] watchAllDir unable to walk dir `/data/projects/radar_tinder/dataconnect`: lstat /data/projects/radar_tinder/dataconnect: no such file or directory
E0214 05:15:49.250753   29952 watch.go:40] Failed to load config from "/data/projects/radar_tinder/dataconnect": could not find dataconnect.yaml in `/data/projects/radar_tinder/dataconnect`
 {"metadata":{"emulator":{"name":"dataconnect"},"message":"E0214 05:15:49.250688   29952 watch.go:116] watchAllDir unable to walk dir `/data/projects/radar_tinder/dataconnect`: lstat /data/projects/radar_tinder/dataconnect: no such file or directory\nE0214 05:15:49.250753   29952 watch.go:40] Failed to load config from \"/data/projects/radar_tinder/dataconnect\": could not find dataconnect.yaml in `/data/projects/radar_tinder/dataconnect`\n"}}
[debug] [2026-02-14T13:15:59.259Z] E0214 05:15:59.259736   29952 watch.go:40] Failed to load config from "/data/projects/radar_tinder/dataconnect": could not find dataconnect.yaml in `/data/projects/radar_tinder/dataconnect`
 {"metadata":{"emulator":{"name":"dataconnect"},"message":"E0214 05:15:59.259736   29952 watch.go:40] Failed to load config from \"/data/projects/radar_tinder/dataconnect\": could not find dataconnect.yaml in `/data/projects/radar_tinder/dataconnect`\n"}}
[debug] [2026-02-14T13:16:09.259Z] E0214 05:16:09.259741   29952 watch.go:40] Failed to load config from "/data/projects/radar_tinder/dataconnect": could not find dataconnect.yaml in `/data/projects/radar_tinder/dataconnect`
 {"metadata":{"emulator":{"name":"dataconnect"},"message":"E0214 05:16:09.259741   29952 watch.go:40] Failed to load config from \"/data/projects/radar_tinder/dataconnect\": could not find dataconnect.yaml in `/data/projects/radar_tinder/dataconnect`\n"}}
[debug] [2026-02-14T13:16:19.254Z] E0214 05:16:19.253852   29952 watch.go:40] Failed to load config from "/data/projects/radar_tinder/dataconnect": could not find dataconnect.yaml in `/data/projects/radar_tinder/dataconnect`
 {"metadata":{"emulator":{"name":"dataconnect"},"message":"E0214 05:16:19.253852   29952 watch.go:40] Failed to load config from \"/data/projects/radar_tinder/dataconnect\": could not find dataconnect.yaml in `/data/projects/radar_tinder/dataconnect`\n"}}
[debug] [2026-02-14T13:16:29.259Z] E0214 05:16:29.259097   29952 watch.go:40] Failed to load config from "/data/projects/radar_tinder/dataconnect": could not find dataconnect.yaml in `/data/projects/radar_tinder/dataconnect`
 {"metadata":{"emulator":{"name":"dataconnect"},"message":"E0214 05:16:29.259097   29952 watch.go:40] Failed to load config from \"/data/projects/radar_tinder/dataconnect\": could not find dataconnect.yaml in `/data/projects/radar_tinder/dataconnect`\n"}}
[debug] [2026-02-14T13:16:39.259Z] E0214 05:16:39.259195   29952 watch.go:40] Failed to load config from "/data/projects/radar_tinder/dataconnect": could not find dataconnect.yaml in `/data/projects/radar_tinder/dataconnect`
 {"metadata":{"emulator":{"name":"dataconnect"},"message":"E0214 05:16:39.259195   29952 watch.go:40] Failed to load config from \"/data/projects/radar_tinder/dataconnect\": could not find dataconnect.yaml in `/data/projects/radar_tinder/dataconnect`\n"}}
[debug] [2026-02-14T13:16:49.250Z] E0214 05:16:49.250553   29952 watch.go:116] watchAllDir unable to walk dir `/data/projects/radar_tinder/dataconnect`: lstat /data/projects/radar_tinder/dataconnect: no such file or directory
E0214 05:16:49.250602   29952 watch.go:40] Failed to load config from "/data/projects/radar_tinder/dataconnect": could not find dataconnect.yaml in `/data/projects/radar_tinder/dataconnect`
 {"metadata":{"emulator":{"name":"dataconnect"},"message":"E0214 05:16:49.250553   29952 watch.go:116] watchAllDir unable to walk dir `/data/projects/radar_tinder/dataconnect`: lstat /data/projects/radar_tinder/dataconnect: no such file or directory\nE0214 05:16:49.250602   29952 watch.go:40] Failed to load config from \"/data/projects/radar_tinder/dataconnect\": could not find dataconnect.yaml in `/data/projects/radar_tinder/dataconnect`\n"}}
[debug] [2026-02-14T13:16:59.259Z] E0214 05:16:59.258794   29952 watch.go:40] Failed to load config from "/data/projects/radar_tinder/dataconnect": could not find dataconnect.yaml in `/data/projects/radar_tinder/dataconnect`
 {"metadata":{"emulator":{"name":"dataconnect"},"message":"E0214 05:16:59.258794   29952 watch.go:40] Failed to load config from \"/data/projects/radar_tinder/dataconnect\": could not find dataconnect.yaml in `/data/projects/radar_tinder/dataconnect`\n"}}
[debug] [2026-02-14T13:17:09.260Z] E0214 05:17:09.259841   29952 watch.go:40] Failed to load config from "/data/projects/radar_tinder/dataconnect": could not find dataconnect.yaml in `/data/projects/radar_tinder/dataconnect`
 {"metadata":{"emulator":{"name":"dataconnect"},"message":"E0214 05:17:09.259841   29952 watch.go:40] Failed to load config from \"/data/projects/radar_tinder/dataconnect\": could not find dataconnect.yaml in `/data/projects/radar_tinder/dataconnect`\n"}}
[debug] [2026-02-14T13:17:19.253Z] E0214 05:17:19.253735   29952 watch.go:40] Failed to load config from "/data/projects/radar_tinder/dataconnect": could not find dataconnect.yaml in `/data/projects/radar_tinder/dataconnect`
 {"metadata":{"emulator":{"name":"dataconnect"},"message":"E0214 05:17:19.253735   29952 watch.go:40] Failed to load config from \"/data/projects/radar_tinder/dataconnect\": could not find dataconnect.yaml in `/data/projects/radar_tinder/dataconnect`\n"}}
[debug] [2026-02-14T13:17:29.257Z] E0214 05:17:29.250792   29952 watch.go:40] Failed to load config from "/data/projects/radar_tinder/dataconnect": could not find dataconnect.yaml in `/data/projects/radar_tinder/dataconnect`
 {"metadata":{"emulator":{"name":"dataconnect"},"message":"E0214 05:17:29.250792   29952 watch.go:40] Failed to load config from \"/data/projects/radar_tinder/dataconnect\": could not find dataconnect.yaml in `/data/projects/radar_tinder/dataconnect`\n"}}
[debug] [2026-02-14T13:17:39.260Z] E0214 05:17:39.258796   29952 watch.go:40] Failed to load config from "/data/projects/radar_tinder/dataconnect": could not find dataconnect.yaml in `/data/projects/radar_tinder/dataconnect`
 {"metadata":{"emulator":{"name":"dataconnect"},"message":"E0214 05:17:39.258796   29952 watch.go:40] Failed to load config from \"/data/projects/radar_tinder/dataconnect\": could not find dataconnect.yaml in `/data/projects/radar_tinder/dataconnect`\n"}}
[debug] [2026-02-14T13:17:49.254Z] E0214 05:17:49.253850   29952 watch.go:116] watchAllDir unable to walk dir `/data/projects/radar_tinder/dataconnect`: lstat /data/projects/radar_tinder/dataconnect: no such file or directory
E0214 05:17:49.253903   29952 watch.go:40] Failed to load config from "/data/projects/radar_tinder/dataconnect": could not find dataconnect.yaml in `/data/projects/radar_tinder/dataconnect`
 {"metadata":{"emulator":{"name":"dataconnect"},"message":"E0214 05:17:49.253850   29952 watch.go:116] watchAllDir unable to walk dir `/data/projects/radar_tinder/dataconnect`: lstat /data/projects/radar_tinder/dataconnect: no such file or directory\nE0214 05:17:49.253903   29952 watch.go:40] Failed to load config from \"/data/projects/radar_tinder/dataconnect\": could not find dataconnect.yaml in `/data/projects/radar_tinder/dataconnect`\n"}}
[debug] [2026-02-14T13:17:59.258Z] E0214 05:17:59.258762   29952 watch.go:40] Failed to load config from "/data/projects/radar_tinder/dataconnect": could not find dataconnect.yaml in `/data/projects/radar_tinder/dataconnect`
 {"metadata":{"emulator":{"name":"dataconnect"},"message":"E0214 05:17:59.258762   29952 watch.go:40] Failed to load config from \"/data/projects/radar_tinder/dataconnect\": could not find dataconnect.yaml in `/data/projects/radar_tinder/dataconnect`\n"}}
[debug] [2026-02-14T13:18:09.259Z] E0214 05:18:09.259740   29952 watch.go:40] Failed to load config from "/data/projects/radar_tinder/dataconnect": could not find dataconnect.yaml in `/data/projects/radar_tinder/dataconnect`
 {"metadata":{"emulator":{"name":"dataconnect"},"message":"E0214 05:18:09.259740   29952 watch.go:40] Failed to load config from \"/data/projects/radar_tinder/dataconnect\": could not find dataconnect.yaml in `/data/projects/radar_tinder/dataconnect`\n"}}
[debug] [2026-02-14T13:18:19.254Z] E0214 05:18:19.253762   29952 watch.go:40] Failed to load config from "/data/projects/radar_tinder/dataconnect": could not find dataconnect.yaml in `/data/projects/radar_tinder/dataconnect`
 {"metadata":{"emulator":{"name":"dataconnect"},"message":"E0214 05:18:19.253762   29952 watch.go:40] Failed to load config from \"/data/projects/radar_tinder/dataconnect\": could not find dataconnect.yaml in `/data/projects/radar_tinder/dataconnect`\n"}}
[debug] [2026-02-14T13:18:29.254Z] E0214 05:18:29.253940   29952 watch.go:40] Failed to load config from "/data/projects/radar_tinder/dataconnect": could not find dataconnect.yaml in `/data/projects/radar_tinder/dataconnect`
 {"metadata":{"emulator":{"name":"dataconnect"},"message":"E0214 05:18:29.253940   29952 watch.go:40] Failed to load config from \"/data/projects/radar_tinder/dataconnect\": could not find dataconnect.yaml in `/data/projects/radar_tinder/dataconnect`\n"}}
[debug] [2026-02-14T13:18:39.259Z] E0214 05:18:39.259055   29952 watch.go:40] Failed to load config from "/data/projects/radar_tinder/dataconnect": could not find dataconnect.yaml in `/data/projects/radar_tinder/dataconnect`
 {"metadata":{"emulator":{"name":"dataconnect"},"message":"E0214 05:18:39.259055   29952 watch.go:40] Failed to load config from \"/data/projects/radar_tinder/dataconnect\": could not find dataconnect.yaml in `/data/projects/radar_tinder/dataconnect`\n"}}
[debug] [2026-02-14T13:18:49.253Z] E0214 05:18:49.253126   29952 watch.go:116] watchAllDir unable to walk dir `/data/projects/radar_tinder/dataconnect`: lstat /data/projects/radar_tinder/dataconnect: no such file or directory
E0214 05:18:49.253238   29952 watch.go:40] Failed to load config from "/data/projects/radar_tinder/dataconnect": could not find dataconnect.yaml in `/data/projects/radar_tinder/dataconnect`
 {"metadata":{"emulator":{"name":"dataconnect"},"message":"E0214 05:18:49.253126   29952 watch.go:116] watchAllDir unable to walk dir `/data/projects/radar_tinder/dataconnect`: lstat /data/projects/radar_tinder/dataconnect: no such file or directory\nE0214 05:18:49.253238   29952 watch.go:40] Failed to load config from \"/data/projects/radar_tinder/dataconnect\": could not find dataconnect.yaml in `/data/projects/radar_tinder/dataconnect`\n"}}
[debug] [2026-02-14T13:18:59.259Z] E0214 05:18:59.258766   29952 watch.go:40] Failed to load config from "/data/projects/radar_tinder/dataconnect": could not find dataconnect.yaml in `/data/projects/radar_tinder/dataconnect`
 {"metadata":{"emulator":{"name":"dataconnect"},"message":"E0214 05:18:59.258766   29952 watch.go:40] Failed to load config from \"/data/projects/radar_tinder/dataconnect\": could not find dataconnect.yaml in `/data/projects/radar_tinder/dataconnect`\n"}}
[debug] [2026-02-14T13:19:09.260Z] E0214 05:19:09.259746   29952 watch.go:40] Failed to load config from "/data/projects/radar_tinder/dataconnect": could not find dataconnect.yaml in `/data/projects/radar_tinder/dataconnect`
 {"metadata":{"emulator":{"name":"dataconnect"},"message":"E0214 05:19:09.259746   29952 watch.go:40] Failed to load config from \"/data/projects/radar_tinder/dataconnect\": could not find dataconnect.yaml in `/data/projects/radar_tinder/dataconnect`\n"}}
[debug] [2026-02-14T13:19:19.250Z] E0214 05:19:19.250372   29952 watch.go:40] Failed to load config from "/data/projects/radar_tinder/dataconnect": could not find dataconnect.yaml in `/data/projects/radar_tinder/dataconnect`
 {"metadata":{"emulator":{"name":"dataconnect"},"message":"E0214 05:19:19.250372   29952 watch.go:40] Failed to load config from \"/data/projects/radar_tinder/dataconnect\": could not find dataconnect.yaml in `/data/projects/radar_tinder/dataconnect`\n"}}
[debug] [2026-02-14T13:19:29.258Z] E0214 05:19:29.258720   29952 watch.go:40] Failed to load config from "/data/projects/radar_tinder/dataconnect": could not find dataconnect.yaml in `/data/projects/radar_tinder/dataconnect`
 {"metadata":{"emulator":{"name":"dataconnect"},"message":"E0214 05:19:29.258720   29952 watch.go:40] Failed to load config from \"/data/projects/radar_tinder/dataconnect\": could not find dataconnect.yaml in `/data/projects/radar_tinder/dataconnect`\n"}}
[debug] [2026-02-14T13:19:39.250Z] E0214 05:19:39.250082   29952 watch.go:40] Failed to load config from "/data/projects/radar_tinder/dataconnect": could not find dataconnect.yaml in `/data/projects/radar_tinder/dataconnect`
 {"metadata":{"emulator":{"name":"dataconnect"},"message":"E0214 05:19:39.250082   29952 watch.go:40] Failed to load config from \"/data/projects/radar_tinder/dataconnect\": could not find dataconnect.yaml in `/data/projects/radar_tinder/dataconnect`\n"}}
[debug] [2026-02-14T13:19:49.251Z] E0214 05:19:49.251375   29952 watch.go:116] watchAllDir unable to walk dir `/data/projects/radar_tinder/dataconnect`: lstat /data/projects/radar_tinder/dataconnect: no such file or directory
E0214 05:19:49.251443   29952 watch.go:40] Failed to load config from "/data/projects/radar_tinder/dataconnect": could not find dataconnect.yaml in `/data/projects/radar_tinder/dataconnect`
 {"metadata":{"emulator":{"name":"dataconnect"},"message":"E0214 05:19:49.251375   29952 watch.go:116] watchAllDir unable to walk dir `/data/projects/radar_tinder/dataconnect`: lstat /data/projects/radar_tinder/dataconnect: no such file or directory\nE0214 05:19:49.251443   29952 watch.go:40] Failed to load config from \"/data/projects/radar_tinder/dataconnect\": could not find dataconnect.yaml in `/data/projects/radar_tinder/dataconnect`\n"}}
[debug] [2026-02-14T13:19:59.259Z] E0214 05:19:59.258769   29952 watch.go:40] Failed to load config from "/data/projects/radar_tinder/dataconnect": could not find dataconnect.yaml in `/data/projects/radar_tinder/dataconnect`
 {"metadata":{"emulator":{"name":"dataconnect"},"message":"E0214 05:19:59.258769   29952 watch.go:40] Failed to load config from \"/data/projects/radar_tinder/dataconnect\": could not find dataconnect.yaml in `/data/projects/radar_tinder/dataconnect`\n"}}
[debug] [2026-02-14T13:20:09.258Z] E0214 05:20:09.258446   29952 watch.go:40] Failed to load config from "/data/projects/radar_tinder/dataconnect": could not find dataconnect.yaml in `/data/projects/radar_tinder/dataconnect`
 {"metadata":{"emulator":{"name":"dataconnect"},"message":"E0214 05:20:09.258446   29952 watch.go:40] Failed to load config from \"/data/projects/radar_tinder/dataconnect\": could not find dataconnect.yaml in `/data/projects/radar_tinder/dataconnect`\n"}}
[debug] [2026-02-14T13:20:19.250Z] E0214 05:20:19.250429   29952 watch.go:40] Failed to load config from "/data/projects/radar_tinder/dataconnect": could not find dataconnect.yaml in `/data/projects/radar_tinder/dataconnect`
 {"metadata":{"emulator":{"name":"dataconnect"},"message":"E0214 05:20:19.250429   29952 watch.go:40] Failed to load config from \"/data/projects/radar_tinder/dataconnect\": could not find dataconnect.yaml in `/data/projects/radar_tinder/dataconnect`\n"}}
[debug] [2026-02-14T13:20:29.259Z] E0214 05:20:29.259485   29952 watch.go:40] Failed to load config from "/data/projects/radar_tinder/dataconnect": could not find dataconnect.yaml in `/data/projects/radar_tinder/dataconnect`
 {"metadata":{"emulator":{"name":"dataconnect"},"message":"E0214 05:20:29.259485   29952 watch.go:40] Failed to load config from \"/data/projects/radar_tinder/dataconnect\": could not find dataconnect.yaml in `/data/projects/radar_tinder/dataconnect`\n"}}
[debug] [2026-02-14T13:20:39.258Z] E0214 05:20:39.258741   29952 watch.go:40] Failed to load config from "/data/projects/radar_tinder/dataconnect": could not find dataconnect.yaml in `/data/projects/radar_tinder/dataconnect`
 {"metadata":{"emulator":{"name":"dataconnect"},"message":"E0214 05:20:39.258741   29952 watch.go:40] Failed to load config from \"/data/projects/radar_tinder/dataconnect\": could not find dataconnect.yaml in `/data/projects/radar_tinder/dataconnect`\n"}}
[info] [Firebase Plugin] Stopping Data Connect toolkit
[debug] [2026-02-14T13:30:13.432Z] [Firebase Plugin] Activating Firebase extension.
[info] [Firebase Plugin] Unable to check firebase-tools installation: TypeError: fetch failed
[debug] [2026-02-14T13:30:18.317Z] [Firebase Plugin] requireAuthWrapper
[debug] [2026-02-14T13:30:18.319Z] > command requires scopes: ["email","openid","https://www.googleapis.com/auth/cloudplatformprojects.readonly","https://www.googleapis.com/auth/firebase","https://www.googleapis.com/auth/cloud-platform"]
[debug] [2026-02-14T13:30:18.320Z] > authorizing via signed-in user (ahmetsahinersf@gmail.com)
[debug] [2026-02-14T13:30:18.326Z] Checked if tokens are valid: false, expires at: 1771074349205
[debug] [2026-02-14T13:30:18.327Z] Checked if tokens are valid: false, expires at: 1771074349205
[debug] [2026-02-14T13:30:18.327Z] > refreshing access token with scopes: []
[debug] [2026-02-14T13:30:18.329Z] >>> [apiv2][query] POST https://www.googleapis.com/oauth2/v3/token [none]
[debug] [2026-02-14T13:30:18.330Z] >>> [apiv2][body] POST https://www.googleapis.com/oauth2/v3/token [omitted]
[debug] [2026-02-14T13:30:18.343Z] [Firebase Plugin] VSCode notification server listening on port 40001
[info] [Firebase Plugin] Starting Data Connect toolkit (version 3.1.1) on port 50001
[debug] [2026-02-14T13:30:18.861Z] 'fdc build' failed with error: Unable to build your Data Connect schema and connectors (exit code 1): E0214 05:30:18.859267  156889 cmd.go:43] Error loading data connect config: could not find dataconnect.yaml in `/data/projects/radar_tinder/dataconnect`
 {"metadata":{"emulator":{"name":"dataconnect"},"message":"'fdc build' failed with error: Unable to build your Data Connect schema and connectors (exit code 1): E0214 05:30:18.859267  156889 cmd.go:43] Error loading data connect config: could not find dataconnect.yaml in `/data/projects/radar_tinder/dataconnect`\n"}}
[debug] [2026-02-14T13:30:18.862Z] Ignoring unsupported arg: auto_download {"metadata":{"emulator":{"name":"dataconnect"},"message":"Ignoring unsupported arg: auto_download"}}
[debug] [2026-02-14T13:30:18.863Z] Ignoring unsupported arg: port {"metadata":{"emulator":{"name":"dataconnect"},"message":"Ignoring unsupported arg: port"}}
[debug] [2026-02-14T13:30:18.864Z] Starting Data Connect Emulator with command {"binary":"/home/asahiner/.cache/firebase/emulators/dataconnect-emulator-3.1.1","args":["--logtostderr","-v=2","dev","--listen=localhost:50001","--config_dir=/data/projects/radar_tinder/dataconnect","--enable_output_schema_extensions=true","--enable_output_generated_sdk=true"],"optionalArgs":["listen","config_dir","enable_output_schema_extensions","enable_output_generated_sdk"],"joinArgs":true,"shell":false,"port":9399} {"metadata":{"emulator":{"name":"dataconnect"},"message":"Starting Data Connect Emulator with command {\"binary\":\"/home/asahiner/.cache/firebase/emulators/dataconnect-emulator-3.1.1\",\"args\":[\"--logtostderr\",\"-v=2\",\"dev\",\"--listen=localhost:50001\",\"--config_dir=/data/projects/radar_tinder/dataconnect\",\"--enable_output_schema_extensions=true\",\"--enable_output_generated_sdk=true\"],\"optionalArgs\":[\"listen\",\"config_dir\",\"enable_output_schema_extensions\",\"enable_output_generated_sdk\"],\"joinArgs\":true,\"shell\":false,\"port\":9399}"}}
[info] i  dataconnect: Data Connect Emulator logging to dataconnect-debug.log {"metadata":{"emulator":{"name":"dataconnect"},"message":"Data Connect Emulator logging to dataconnect-debug.log"}}
[debug] [2026-02-14T13:30:18.929Z] E0214 05:30:18.900784  156899 dev.go:83] Failed to load initial config from "/data/projects/radar_tinder/dataconnect": could not find dataconnect.yaml in `/data/projects/radar_tinder/dataconnect`
E0214 05:30:18.901445  156899 watch.go:116] watchAllDir unable to walk dir `/data/projects/radar_tinder/dataconnect`: lstat /data/projects/radar_tinder/dataconnect: no such file or directory
I0214 05:30:18.902609  156899 dev.go:104] Listening on address (HTTP + gRPC): 127.0.0.1:50001
 {"metadata":{"emulator":{"name":"dataconnect"},"message":"E0214 05:30:18.900784  156899 dev.go:83] Failed to load initial config from \"/data/projects/radar_tinder/dataconnect\": could not find dataconnect.yaml in `/data/projects/radar_tinder/dataconnect`\nE0214 05:30:18.901445  156899 watch.go:116] watchAllDir unable to walk dir `/data/projects/radar_tinder/dataconnect`: lstat /data/projects/radar_tinder/dataconnect: no such file or directory\nI0214 05:30:18.902609  156899 dev.go:104] Listening on address (HTTP + gRPC): 127.0.0.1:50001\n"}}
[error] [Firebase Plugin] error:  {"path":"/data/projects/radar_tinder/dataconnect/dataconnect.yaml","error":{"name":"FirebaseError","children":[],"exit":1,"message":"Could not find \"dataconnect.yaml\" in \"/data/projects/radar_tinder/dataconnect\"","original":{"errno":-2,"code":"ENOENT","syscall":"open","path":"/data/projects/radar_tinder/dataconnect/dataconnect.yaml"},"status":500},"range":[{"line":0,"character":0},{"line":0,"character":0}]}
[debug] [2026-02-14T13:30:24.917Z] <<< [apiv2][status] POST https://www.googleapis.com/oauth2/v3/token 200
[debug] [2026-02-14T13:30:24.917Z] <<< [apiv2][body] POST https://www.googleapis.com/oauth2/v3/token [omitted]
[debug] [2026-02-14T13:30:24.933Z] [Firebase Plugin] User found:  ahmetsahinersf@gmail.com
[info] [Firebase Plugin] (Core:Project) New user detected, fetching projects
[debug] [2026-02-14T13:30:24.933Z] Checked if tokens are valid: true, expires at: 1771079423918
[debug] [2026-02-14T13:30:24.934Z] >>> [apiv2][query] GET https://firebase.googleapis.com/v1beta1/projects pageSize=1000
[debug] [2026-02-14T13:30:26.889Z] <<< [apiv2][status] GET https://firebase.googleapis.com/v1beta1/projects 200
[debug] [2026-02-14T13:30:26.890Z] <<< [apiv2][body] GET https://firebase.googleapis.com/v1beta1/projects [omitted]
[debug] [2026-02-14T13:30:29.028Z] E0214 05:30:28.909739  156899 watch.go:40] Failed to load config from "/data/projects/radar_tinder/dataconnect": could not find dataconnect.yaml in `/data/projects/radar_tinder/dataconnect`
 {"metadata":{"emulator":{"name":"dataconnect"},"message":"E0214 05:30:28.909739  156899 watch.go:40] Failed to load config from \"/data/projects/radar_tinder/dataconnect\": could not find dataconnect.yaml in `/data/projects/radar_tinder/dataconnect`\n"}}
[debug] [2026-02-14T13:30:38.905Z] E0214 05:30:38.904771  156899 watch.go:40] Failed to load config from "/data/projects/radar_tinder/dataconnect": could not find dataconnect.yaml in `/data/projects/radar_tinder/dataconnect`
 {"metadata":{"emulator":{"name":"dataconnect"},"message":"E0214 05:30:38.904771  156899 watch.go:40] Failed to load config from \"/data/projects/radar_tinder/dataconnect\": could not find dataconnect.yaml in `/data/projects/radar_tinder/dataconnect`\n"}}
[debug] [2026-02-14T13:30:48.902Z] E0214 05:30:48.901817  156899 watch.go:40] Failed to load config from "/data/projects/radar_tinder/dataconnect": could not find dataconnect.yaml in `/data/projects/radar_tinder/dataconnect`
 {"metadata":{"emulator":{"name":"dataconnect"},"message":"E0214 05:30:48.901817  156899 watch.go:40] Failed to load config from \"/data/projects/radar_tinder/dataconnect\": could not find dataconnect.yaml in `/data/projects/radar_tinder/dataconnect`\n"}}
[debug] [2026-02-14T13:30:58.911Z] E0214 05:30:58.910763  156899 watch.go:40] Failed to load config from "/data/projects/radar_tinder/dataconnect": could not find dataconnect.yaml in `/data/projects/radar_tinder/dataconnect`
 {"metadata":{"emulator":{"name":"dataconnect"},"message":"E0214 05:30:58.910763  156899 watch.go:40] Failed to load config from \"/data/projects/radar_tinder/dataconnect\": could not find dataconnect.yaml in `/data/projects/radar_tinder/dataconnect`\n"}}
[debug] [2026-02-14T13:31:08.910Z] E0214 05:31:08.910721  156899 watch.go:40] Failed to load config from "/data/projects/radar_tinder/dataconnect": could not find dataconnect.yaml in `/data/projects/radar_tinder/dataconnect`
 {"metadata":{"emulator":{"name":"dataconnect"},"message":"E0214 05:31:08.910721  156899 watch.go:40] Failed to load config from \"/data/projects/radar_tinder/dataconnect\": could not find dataconnect.yaml in `/data/projects/radar_tinder/dataconnect`\n"}}
[debug] [2026-02-14T13:31:18.901Z] E0214 05:31:18.901708  156899 watch.go:116] watchAllDir unable to walk dir `/data/projects/radar_tinder/dataconnect`: lstat /data/projects/radar_tinder/dataconnect: no such file or directory
E0214 05:31:18.901766  156899 watch.go:40] Failed to load config from "/data/projects/radar_tinder/dataconnect": could not find dataconnect.yaml in `/data/projects/radar_tinder/dataconnect`
 {"metadata":{"emulator":{"name":"dataconnect"},"message":"E0214 05:31:18.901708  156899 watch.go:116] watchAllDir unable to walk dir `/data/projects/radar_tinder/dataconnect`: lstat /data/projects/radar_tinder/dataconnect: no such file or directory\nE0214 05:31:18.901766  156899 watch.go:40] Failed to load config from \"/data/projects/radar_tinder/dataconnect\": could not find dataconnect.yaml in `/data/projects/radar_tinder/dataconnect`\n"}}
[debug] [2026-02-14T13:31:28.910Z] E0214 05:31:28.910715  156899 watch.go:40] Failed to load config from "/data/projects/radar_tinder/dataconnect": could not find dataconnect.yaml in `/data/projects/radar_tinder/dataconnect`
 {"metadata":{"emulator":{"name":"dataconnect"},"message":"E0214 05:31:28.910715  156899 watch.go:40] Failed to load config from \"/data/projects/radar_tinder/dataconnect\": could not find dataconnect.yaml in `/data/projects/radar_tinder/dataconnect`\n"}}
[debug] [2026-02-14T13:31:38.913Z] E0214 05:31:38.910705  156899 watch.go:40] Failed to load config from "/data/projects/radar_tinder/dataconnect": could not find dataconnect.yaml in `/data/projects/radar_tinder/dataconnect`
 {"metadata":{"emulator":{"name":"dataconnect"},"message":"E0214 05:31:38.910705  156899 watch.go:40] Failed to load config from \"/data/projects/radar_tinder/dataconnect\": could not find dataconnect.yaml in `/data/projects/radar_tinder/dataconnect`\n"}}
[debug] [2026-02-14T13:31:48.902Z] E0214 05:31:48.901765  156899 watch.go:40] Failed to load config from "/data/projects/radar_tinder/dataconnect": could not find dataconnect.yaml in `/data/projects/radar_tinder/dataconnect`
 {"metadata":{"emulator":{"name":"dataconnect"},"message":"E0214 05:31:48.901765  156899 watch.go:40] Failed to load config from \"/data/projects/radar_tinder/dataconnect\": could not find dataconnect.yaml in `/data/projects/radar_tinder/dataconnect`\n"}}
[debug] [2026-02-14T13:31:58.911Z] E0214 05:31:58.910745  156899 watch.go:40] Failed to load config from "/data/projects/radar_tinder/dataconnect": could not find dataconnect.yaml in `/data/projects/radar_tinder/dataconnect`
 {"metadata":{"emulator":{"name":"dataconnect"},"message":"E0214 05:31:58.910745  156899 watch.go:40] Failed to load config from \"/data/projects/radar_tinder/dataconnect\": could not find dataconnect.yaml in `/data/projects/radar_tinder/dataconnect`\n"}}
[debug] [2026-02-14T13:32:08.911Z] E0214 05:32:08.910827  156899 watch.go:40] Failed to load config from "/data/projects/radar_tinder/dataconnect": could not find dataconnect.yaml in `/data/projects/radar_tinder/dataconnect`
 {"metadata":{"emulator":{"name":"dataconnect"},"message":"E0214 05:32:08.910827  156899 watch.go:40] Failed to load config from \"/data/projects/radar_tinder/dataconnect\": could not find dataconnect.yaml in `/data/projects/radar_tinder/dataconnect`\n"}}
[debug] [2026-02-14T13:32:18.902Z] E0214 05:32:18.901869  156899 watch.go:116] watchAllDir unable to walk dir `/data/projects/radar_tinder/dataconnect`: lstat /data/projects/radar_tinder/dataconnect: no such file or directory
E0214 05:32:18.901951  156899 watch.go:40] Failed to load config from "/data/projects/radar_tinder/dataconnect": could not find dataconnect.yaml in `/data/projects/radar_tinder/dataconnect`
 {"metadata":{"emulator":{"name":"dataconnect"},"message":"E0214 05:32:18.901869  156899 watch.go:116] watchAllDir unable to walk dir `/data/projects/radar_tinder/dataconnect`: lstat /data/projects/radar_tinder/dataconnect: no such file or directory\nE0214 05:32:18.901951  156899 watch.go:40] Failed to load config from \"/data/projects/radar_tinder/dataconnect\": could not find dataconnect.yaml in `/data/projects/radar_tinder/dataconnect`\n"}}
[debug] [2026-02-14T13:32:28.902Z] E0214 05:32:28.901814  156899 watch.go:40] Failed to load config from "/data/projects/radar_tinder/dataconnect": could not find dataconnect.yaml in `/data/projects/radar_tinder/dataconnect`
 {"metadata":{"emulator":{"name":"dataconnect"},"message":"E0214 05:32:28.901814  156899 watch.go:40] Failed to load config from \"/data/projects/radar_tinder/dataconnect\": could not find dataconnect.yaml in `/data/projects/radar_tinder/dataconnect`\n"}}
[debug] [2026-02-14T13:32:38.902Z] E0214 05:32:38.901669  156899 watch.go:40] Failed to load config from "/data/projects/radar_tinder/dataconnect": could not find dataconnect.yaml in `/data/projects/radar_tinder/dataconnect`
 {"metadata":{"emulator":{"name":"dataconnect"},"message":"E0214 05:32:38.901669  156899 watch.go:40] Failed to load config from \"/data/projects/radar_tinder/dataconnect\": could not find dataconnect.yaml in `/data/projects/radar_tinder/dataconnect`\n"}}
[debug] [2026-02-14T13:32:48.901Z] E0214 05:32:48.901748  156899 watch.go:40] Failed to load config from "/data/projects/radar_tinder/dataconnect": could not find dataconnect.yaml in `/data/projects/radar_tinder/dataconnect`
 {"metadata":{"emulator":{"name":"dataconnect"},"message":"E0214 05:32:48.901748  156899 watch.go:40] Failed to load config from \"/data/projects/radar_tinder/dataconnect\": could not find dataconnect.yaml in `/data/projects/radar_tinder/dataconnect`\n"}}
[debug] [2026-02-14T13:32:58.905Z] E0214 05:32:58.905153  156899 watch.go:40] Failed to load config from "/data/projects/radar_tinder/dataconnect": could not find dataconnect.yaml in `/data/projects/radar_tinder/dataconnect`
 {"metadata":{"emulator":{"name":"dataconnect"},"message":"E0214 05:32:58.905153  156899 watch.go:40] Failed to load config from \"/data/projects/radar_tinder/dataconnect\": could not find dataconnect.yaml in `/data/projects/radar_tinder/dataconnect`\n"}}
[debug] [2026-02-14T13:33:08.911Z] E0214 05:33:08.911200  156899 watch.go:40] Failed to load config from "/data/projects/radar_tinder/dataconnect": could not find dataconnect.yaml in `/data/projects/radar_tinder/dataconnect`
 {"metadata":{"emulator":{"name":"dataconnect"},"message":"E0214 05:33:08.911200  156899 watch.go:40] Failed to load config from \"/data/projects/radar_tinder/dataconnect\": could not find dataconnect.yaml in `/data/projects/radar_tinder/dataconnect`\n"}}
[debug] [2026-02-14T13:33:18.902Z] E0214 05:33:18.901618  156899 watch.go:116] watchAllDir unable to walk dir `/data/projects/radar_tinder/dataconnect`: lstat /data/projects/radar_tinder/dataconnect: no such file or directory
E0214 05:33:18.901739  156899 watch.go:40] Failed to load config from "/data/projects/radar_tinder/dataconnect": could not find dataconnect.yaml in `/data/projects/radar_tinder/dataconnect`
 {"metadata":{"emulator":{"name":"dataconnect"},"message":"E0214 05:33:18.901618  156899 watch.go:116] watchAllDir unable to walk dir `/data/projects/radar_tinder/dataconnect`: lstat /data/projects/radar_tinder/dataconnect: no such file or directory\nE0214 05:33:18.901739  156899 watch.go:40] Failed to load config from \"/data/projects/radar_tinder/dataconnect\": could not find dataconnect.yaml in `/data/projects/radar_tinder/dataconnect`\n"}}
[debug] [2026-02-14T13:33:28.907Z] E0214 05:33:28.907630  156899 watch.go:40] Failed to load config from "/data/projects/radar_tinder/dataconnect": could not find dataconnect.yaml in `/data/projects/radar_tinder/dataconnect`
 {"metadata":{"emulator":{"name":"dataconnect"},"message":"E0214 05:33:28.907630  156899 watch.go:40] Failed to load config from \"/data/projects/radar_tinder/dataconnect\": could not find dataconnect.yaml in `/data/projects/radar_tinder/dataconnect`\n"}}
[debug] [2026-02-14T13:33:38.910Z] E0214 05:33:38.910724  156899 watch.go:40] Failed to load config from "/data/projects/radar_tinder/dataconnect": could not find dataconnect.yaml in `/data/projects/radar_tinder/dataconnect`
 {"metadata":{"emulator":{"name":"dataconnect"},"message":"E0214 05:33:38.910724  156899 watch.go:40] Failed to load config from \"/data/projects/radar_tinder/dataconnect\": could not find dataconnect.yaml in `/data/projects/radar_tinder/dataconnect`\n"}}
[debug] [2026-02-14T13:33:48.902Z] E0214 05:33:48.902426  156899 watch.go:40] Failed to load config from "/data/projects/radar_tinder/dataconnect": could not find dataconnect.yaml in `/data/projects/radar_tinder/dataconnect`
 {"metadata":{"emulator":{"name":"dataconnect"},"message":"E0214 05:33:48.902426  156899 watch.go:40] Failed to load config from \"/data/projects/radar_tinder/dataconnect\": could not find dataconnect.yaml in `/data/projects/radar_tinder/dataconnect`\n"}}
[debug] [2026-02-14T13:33:58.909Z] E0214 05:33:58.908924  156899 watch.go:40] Failed to load config from "/data/projects/radar_tinder/dataconnect": could not find dataconnect.yaml in `/data/projects/radar_tinder/dataconnect`
 {"metadata":{"emulator":{"name":"dataconnect"},"message":"E0214 05:33:58.908924  156899 watch.go:40] Failed to load config from \"/data/projects/radar_tinder/dataconnect\": could not find dataconnect.yaml in `/data/projects/radar_tinder/dataconnect`\n"}}
[debug] [2026-02-14T13:34:08.910Z] E0214 05:34:08.910321  156899 watch.go:40] Failed to load config from "/data/projects/radar_tinder/dataconnect": could not find dataconnect.yaml in `/data/projects/radar_tinder/dataconnect`
 {"metadata":{"emulator":{"name":"dataconnect"},"message":"E0214 05:34:08.910321  156899 watch.go:40] Failed to load config from \"/data/projects/radar_tinder/dataconnect\": could not find dataconnect.yaml in `/data/projects/radar_tinder/dataconnect`\n"}}
[debug] [2026-02-14T13:34:18.901Z] E0214 05:34:18.901715  156899 watch.go:116] watchAllDir unable to walk dir `/data/projects/radar_tinder/dataconnect`: lstat /data/projects/radar_tinder/dataconnect: no such file or directory
E0214 05:34:18.901757  156899 watch.go:40] Failed to load config from "/data/projects/radar_tinder/dataconnect": could not find dataconnect.yaml in `/data/projects/radar_tinder/dataconnect`
 {"metadata":{"emulator":{"name":"dataconnect"},"message":"E0214 05:34:18.901715  156899 watch.go:116] watchAllDir unable to walk dir `/data/projects/radar_tinder/dataconnect`: lstat /data/projects/radar_tinder/dataconnect: no such file or directory\nE0214 05:34:18.901757  156899 watch.go:40] Failed to load config from \"/data/projects/radar_tinder/dataconnect\": could not find dataconnect.yaml in `/data/projects/radar_tinder/dataconnect`\n"}}
[debug] [2026-02-14T13:34:28.911Z] E0214 05:34:28.910889  156899 watch.go:40] Failed to load config from "/data/projects/radar_tinder/dataconnect": could not find dataconnect.yaml in `/data/projects/radar_tinder/dataconnect`
 {"metadata":{"emulator":{"name":"dataconnect"},"message":"E0214 05:34:28.910889  156899 watch.go:40] Failed to load config from \"/data/projects/radar_tinder/dataconnect\": could not find dataconnect.yaml in `/data/projects/radar_tinder/dataconnect`\n"}}
[debug] [2026-02-14T13:34:38.902Z] E0214 05:34:38.902146  156899 watch.go:40] Failed to load config from "/data/projects/radar_tinder/dataconnect": could not find dataconnect.yaml in `/data/projects/radar_tinder/dataconnect`
 {"metadata":{"emulator":{"name":"dataconnect"},"message":"E0214 05:34:38.902146  156899 watch.go:40] Failed to load config from \"/data/projects/radar_tinder/dataconnect\": could not find dataconnect.yaml in `/data/projects/radar_tinder/dataconnect`\n"}}
[debug] [2026-02-14T13:34:48.902Z] E0214 05:34:48.901800  156899 watch.go:40] Failed to load config from "/data/projects/radar_tinder/dataconnect": could not find dataconnect.yaml in `/data/projects/radar_tinder/dataconnect`
 {"metadata":{"emulator":{"name":"dataconnect"},"message":"E0214 05:34:48.901800  156899 watch.go:40] Failed to load config from \"/data/projects/radar_tinder/dataconnect\": could not find dataconnect.yaml in `/data/projects/radar_tinder/dataconnect`\n"}}
[debug] [2026-02-14T13:34:58.910Z] E0214 05:34:58.909834  156899 watch.go:40] Failed to load config from "/data/projects/radar_tinder/dataconnect": could not find dataconnect.yaml in `/data/projects/radar_tinder/dataconnect`
 {"metadata":{"emulator":{"name":"dataconnect"},"message":"E0214 05:34:58.909834  156899 watch.go:40] Failed to load config from \"/data/projects/radar_tinder/dataconnect\": could not find dataconnect.yaml in `/data/projects/radar_tinder/dataconnect`\n"}}
[debug] [2026-02-14T13:35:08.910Z] E0214 05:35:08.910732  156899 watch.go:40] Failed to load config from "/data/projects/radar_tinder/dataconnect": could not find dataconnect.yaml in `/data/projects/radar_tinder/dataconnect`
 {"metadata":{"emulator":{"name":"dataconnect"},"message":"E0214 05:35:08.910732  156899 watch.go:40] Failed to load config from \"/data/projects/radar_tinder/dataconnect\": could not find dataconnect.yaml in `/data/projects/radar_tinder/dataconnect`\n"}}
[debug] [2026-02-14T13:35:18.901Z] E0214 05:35:18.901724  156899 watch.go:116] watchAllDir unable to walk dir `/data/projects/radar_tinder/dataconnect`: lstat /data/projects/radar_tinder/dataconnect: no such file or directory
E0214 05:35:18.901789  156899 watch.go:40] Failed to load config from "/data/projects/radar_tinder/dataconnect": could not find dataconnect.yaml in `/data/projects/radar_tinder/dataconnect`
 {"metadata":{"emulator":{"name":"dataconnect"},"message":"E0214 05:35:18.901724  156899 watch.go:116] watchAllDir unable to walk dir `/data/projects/radar_tinder/dataconnect`: lstat /data/projects/radar_tinder/dataconnect: no such file or directory\nE0214 05:35:18.901789  156899 watch.go:40] Failed to load config from \"/data/projects/radar_tinder/dataconnect\": could not find dataconnect.yaml in `/data/projects/radar_tinder/dataconnect`\n"}}
[debug] [2026-02-14T13:35:28.910Z] E0214 05:35:28.910728  156899 watch.go:40] Failed to load config from "/data/projects/radar_tinder/dataconnect": could not find dataconnect.yaml in `/data/projects/radar_tinder/dataconnect`
 {"metadata":{"emulator":{"name":"dataconnect"},"message":"E0214 05:35:28.910728  156899 watch.go:40] Failed to load config from \"/data/projects/radar_tinder/dataconnect\": could not find dataconnect.yaml in `/data/projects/radar_tinder/dataconnect`\n"}}
[debug] [2026-02-14T13:35:38.911Z] E0214 05:35:38.910755  156899 watch.go:40] Failed to load config from "/data/projects/radar_tinder/dataconnect": could not find dataconnect.yaml in `/data/projects/radar_tinder/dataconnect`
 {"metadata":{"emulator":{"name":"dataconnect"},"message":"E0214 05:35:38.910755  156899 watch.go:40] Failed to load config from \"/data/projects/radar_tinder/dataconnect\": could not find dataconnect.yaml in `/data/projects/radar_tinder/dataconnect`\n"}}
[debug] [2026-02-14T13:35:48.901Z] E0214 05:35:48.901712  156899 watch.go:40] Failed to load config from "/data/projects/radar_tinder/dataconnect": could not find dataconnect.yaml in `/data/projects/radar_tinder/dataconnect`
 {"metadata":{"emulator":{"name":"dataconnect"},"message":"E0214 05:35:48.901712  156899 watch.go:40] Failed to load config from \"/data/projects/radar_tinder/dataconnect\": could not find dataconnect.yaml in `/data/projects/radar_tinder/dataconnect`\n"}}
[debug] [2026-02-14T13:35:58.911Z] E0214 05:35:58.910866  156899 watch.go:40] Failed to load config from "/data/projects/radar_tinder/dataconnect": could not find dataconnect.yaml in `/data/projects/radar_tinder/dataconnect`
 {"metadata":{"emulator":{"name":"dataconnect"},"message":"E0214 05:35:58.910866  156899 watch.go:40] Failed to load config from \"/data/projects/radar_tinder/dataconnect\": could not find dataconnect.yaml in `/data/projects/radar_tinder/dataconnect`\n"}}
[debug] [2026-02-14T13:36:08.911Z] E0214 05:36:08.910958  156899 watch.go:40] Failed to load config from "/data/projects/radar_tinder/dataconnect": could not find dataconnect.yaml in `/data/projects/radar_tinder/dataconnect`
 {"metadata":{"emulator":{"name":"dataconnect"},"message":"E0214 05:36:08.910958  156899 watch.go:40] Failed to load config from \"/data/projects/radar_tinder/dataconnect\": could not find dataconnect.yaml in `/data/projects/radar_tinder/dataconnect`\n"}}
[debug] [2026-02-14T13:36:18.901Z] E0214 05:36:18.901699  156899 watch.go:116] watchAllDir unable to walk dir `/data/projects/radar_tinder/dataconnect`: lstat /data/projects/radar_tinder/dataconnect: no such file or directory
E0214 05:36:18.901755  156899 watch.go:40] Failed to load config from "/data/projects/radar_tinder/dataconnect": could not find dataconnect.yaml in `/data/projects/radar_tinder/dataconnect`
 {"metadata":{"emulator":{"name":"dataconnect"},"message":"E0214 05:36:18.901699  156899 watch.go:116] watchAllDir unable to walk dir `/data/projects/radar_tinder/dataconnect`: lstat /data/projects/radar_tinder/dataconnect: no such file or directory\nE0214 05:36:18.901755  156899 watch.go:40] Failed to load config from \"/data/projects/radar_tinder/dataconnect\": could not find dataconnect.yaml in `/data/projects/radar_tinder/dataconnect`\n"}}
[debug] [2026-02-14T13:36:28.910Z] E0214 05:36:28.910740  156899 watch.go:40] Failed to load config from "/data/projects/radar_tinder/dataconnect": could not find dataconnect.yaml in `/data/projects/radar_tinder/dataconnect`
 {"metadata":{"emulator":{"name":"dataconnect"},"message":"E0214 05:36:28.910740  156899 watch.go:40] Failed to load config from \"/data/projects/radar_tinder/dataconnect\": could not find dataconnect.yaml in `/data/projects/radar_tinder/dataconnect`\n"}}
[debug] [2026-02-14T13:36:38.911Z] E0214 05:36:38.910750  156899 watch.go:40] Failed to load config from "/data/projects/radar_tinder/dataconnect": could not find dataconnect.yaml in `/data/projects/radar_tinder/dataconnect`
 {"metadata":{"emulator":{"name":"dataconnect"},"message":"E0214 05:36:38.910750  156899 watch.go:40] Failed to load config from \"/data/projects/radar_tinder/dataconnect\": could not find dataconnect.yaml in `/data/projects/radar_tinder/dataconnect`\n"}}
[debug] [2026-02-14T13:36:48.903Z] E0214 05:36:48.901730  156899 watch.go:40] Failed to load config from "/data/projects/radar_tinder/dataconnect": could not find dataconnect.yaml in `/data/projects/radar_tinder/dataconnect`
 {"metadata":{"emulator":{"name":"dataconnect"},"message":"E0214 05:36:48.901730  156899 watch.go:40] Failed to load config from \"/data/projects/radar_tinder/dataconnect\": could not find dataconnect.yaml in `/data/projects/radar_tinder/dataconnect`\n"}}
[debug] [2026-02-14T13:36:58.901Z] E0214 05:36:58.901639  156899 watch.go:40] Failed to load config from "/data/projects/radar_tinder/dataconnect": could not find dataconnect.yaml in `/data/projects/radar_tinder/dataconnect`
 {"metadata":{"emulator":{"name":"dataconnect"},"message":"E0214 05:36:58.901639  156899 watch.go:40] Failed to load config from \"/data/projects/radar_tinder/dataconnect\": could not find dataconnect.yaml in `/data/projects/radar_tinder/dataconnect`\n"}}
[debug] [2026-02-14T13:37:08.911Z] E0214 05:37:08.910782  156899 watch.go:40] Failed to load config from "/data/projects/radar_tinder/dataconnect": could not find dataconnect.yaml in `/data/projects/radar_tinder/dataconnect`
 {"metadata":{"emulator":{"name":"dataconnect"},"message":"E0214 05:37:08.910782  156899 watch.go:40] Failed to load config from \"/data/projects/radar_tinder/dataconnect\": could not find dataconnect.yaml in `/data/projects/radar_tinder/dataconnect`\n"}}
[debug] [2026-02-14T13:37:18.902Z] E0214 05:37:18.901725  156899 watch.go:116] watchAllDir unable to walk dir `/data/projects/radar_tinder/dataconnect`: lstat /data/projects/radar_tinder/dataconnect: no such file or directory
E0214 05:37:18.901806  156899 watch.go:40] Failed to load config from "/data/projects/radar_tinder/dataconnect": could not find dataconnect.yaml in `/data/projects/radar_tinder/dataconnect`
 {"metadata":{"emulator":{"name":"dataconnect"},"message":"E0214 05:37:18.901725  156899 watch.go:116] watchAllDir unable to walk dir `/data/projects/radar_tinder/dataconnect`: lstat /data/projects/radar_tinder/dataconnect: no such file or directory\nE0214 05:37:18.901806  156899 watch.go:40] Failed to load config from \"/data/projects/radar_tinder/dataconnect\": could not find dataconnect.yaml in `/data/projects/radar_tinder/dataconnect`\n"}}
[debug] [2026-02-14T13:37:28.910Z] E0214 05:37:28.910747  156899 watch.go:40] Failed to load config from "/data/projects/radar_tinder/dataconnect": could not find dataconnect.yaml in `/data/projects/radar_tinder/dataconnect`
 {"metadata":{"emulator":{"name":"dataconnect"},"message":"E0214 05:37:28.910747  156899 watch.go:40] Failed to load config from \"/data/projects/radar_tinder/dataconnect\": could not find dataconnect.yaml in `/data/projects/radar_tinder/dataconnect`\n"}}
[debug] [2026-02-14T13:37:38.911Z] E0214 05:37:38.910754  156899 watch.go:40] Failed to load config from "/data/projects/radar_tinder/dataconnect": could not find dataconnect.yaml in `/data/projects/radar_tinder/dataconnect`
 {"metadata":{"emulator":{"name":"dataconnect"},"message":"E0214 05:37:38.910754  156899 watch.go:40] Failed to load config from \"/data/projects/radar_tinder/dataconnect\": could not find dataconnect.yaml in `/data/projects/radar_tinder/dataconnect`\n"}}
[debug] [2026-02-14T13:37:48.902Z] E0214 05:37:48.901764  156899 watch.go:40] Failed to load config from "/data/projects/radar_tinder/dataconnect": could not find dataconnect.yaml in `/data/projects/radar_tinder/dataconnect`
 {"metadata":{"emulator":{"name":"dataconnect"},"message":"E0214 05:37:48.901764  156899 watch.go:40] Failed to load config from \"/data/projects/radar_tinder/dataconnect\": could not find dataconnect.yaml in `/data/projects/radar_tinder/dataconnect`\n"}}
[debug] [2026-02-14T13:37:58.910Z] E0214 05:37:58.910724  156899 watch.go:40] Failed to load config from "/data/projects/radar_tinder/dataconnect": could not find dataconnect.yaml in `/data/projects/radar_tinder/dataconnect`
 {"metadata":{"emulator":{"name":"dataconnect"},"message":"E0214 05:37:58.910724  156899 watch.go:40] Failed to load config from \"/data/projects/radar_tinder/dataconnect\": could not find dataconnect.yaml in `/data/projects/radar_tinder/dataconnect`\n"}}
[debug] [2026-02-14T13:38:08.913Z] E0214 05:38:08.910715  156899 watch.go:40] Failed to load config from "/data/projects/radar_tinder/dataconnect": could not find dataconnect.yaml in `/data/projects/radar_tinder/dataconnect`
 {"metadata":{"emulator":{"name":"dataconnect"},"message":"E0214 05:38:08.910715  156899 watch.go:40] Failed to load config from \"/data/projects/radar_tinder/dataconnect\": could not find dataconnect.yaml in `/data/projects/radar_tinder/dataconnect`\n"}}
[debug] [2026-02-14T13:38:18.904Z] E0214 05:38:18.901743  156899 watch.go:116] watchAllDir unable to walk dir `/data/projects/radar_tinder/dataconnect`: lstat /data/projects/radar_tinder/dataconnect: no such file or directory
E0214 05:38:18.901805  156899 watch.go:40] Failed to load config from "/data/projects/radar_tinder/dataconnect": could not find dataconnect.yaml in `/data/projects/radar_tinder/dataconnect`
 {"metadata":{"emulator":{"name":"dataconnect"},"message":"E0214 05:38:18.901743  156899 watch.go:116] watchAllDir unable to walk dir `/data/projects/radar_tinder/dataconnect`: lstat /data/projects/radar_tinder/dataconnect: no such file or directory\nE0214 05:38:18.901805  156899 watch.go:40] Failed to load config from \"/data/projects/radar_tinder/dataconnect\": could not find dataconnect.yaml in `/data/projects/radar_tinder/dataconnect`\n"}}
[debug] [2026-02-14T13:38:28.911Z] E0214 05:38:28.910907  156899 watch.go:40] Failed to load config from "/data/projects/radar_tinder/dataconnect": could not find dataconnect.yaml in `/data/projects/radar_tinder/dataconnect`
 {"metadata":{"emulator":{"name":"dataconnect"},"message":"E0214 05:38:28.910907  156899 watch.go:40] Failed to load config from \"/data/projects/radar_tinder/dataconnect\": could not find dataconnect.yaml in `/data/projects/radar_tinder/dataconnect`\n"}}
[debug] [2026-02-14T13:38:38.908Z] E0214 05:38:38.908735  156899 watch.go:40] Failed to load config from "/data/projects/radar_tinder/dataconnect": could not find dataconnect.yaml in `/data/projects/radar_tinder/dataconnect`
 {"metadata":{"emulator":{"name":"dataconnect"},"message":"E0214 05:38:38.908735  156899 watch.go:40] Failed to load config from \"/data/projects/radar_tinder/dataconnect\": could not find dataconnect.yaml in `/data/projects/radar_tinder/dataconnect`\n"}}
[debug] [2026-02-14T13:38:48.902Z] E0214 05:38:48.901869  156899 watch.go:40] Failed to load config from "/data/projects/radar_tinder/dataconnect": could not find dataconnect.yaml in `/data/projects/radar_tinder/dataconnect`
 {"metadata":{"emulator":{"name":"dataconnect"},"message":"E0214 05:38:48.901869  156899 watch.go:40] Failed to load config from \"/data/projects/radar_tinder/dataconnect\": could not find dataconnect.yaml in `/data/projects/radar_tinder/dataconnect`\n"}}
[debug] [2026-02-14T13:38:58.902Z] E0214 05:38:58.902159  156899 watch.go:40] Failed to load config from "/data/projects/radar_tinder/dataconnect": could not find dataconnect.yaml in `/data/projects/radar_tinder/dataconnect`
 {"metadata":{"emulator":{"name":"dataconnect"},"message":"E0214 05:38:58.902159  156899 watch.go:40] Failed to load config from \"/data/projects/radar_tinder/dataconnect\": could not find dataconnect.yaml in `/data/projects/radar_tinder/dataconnect`\n"}}
[debug] [2026-02-14T13:39:08.902Z] E0214 05:39:08.901756  156899 watch.go:40] Failed to load config from "/data/projects/radar_tinder/dataconnect": could not find dataconnect.yaml in `/data/projects/radar_tinder/dataconnect`
 {"metadata":{"emulator":{"name":"dataconnect"},"message":"E0214 05:39:08.901756  156899 watch.go:40] Failed to load config from \"/data/projects/radar_tinder/dataconnect\": could not find dataconnect.yaml in `/data/projects/radar_tinder/dataconnect`\n"}}
[debug] [2026-02-14T13:39:18.901Z] E0214 05:39:18.901771  156899 watch.go:40] Failed to load config from "/data/projects/radar_tinder/dataconnect": could not find dataconnect.yaml in `/data/projects/radar_tinder/dataconnect`
E0214 05:39:18.901750  156899 watch.go:116] watchAllDir unable to walk dir `/data/projects/radar_tinder/dataconnect`: lstat /data/projects/radar_tinder/dataconnect: no such file or directory
 {"metadata":{"emulator":{"name":"dataconnect"},"message":"E0214 05:39:18.901771  156899 watch.go:40] Failed to load config from \"/data/projects/radar_tinder/dataconnect\": could not find dataconnect.yaml in `/data/projects/radar_tinder/dataconnect`\nE0214 05:39:18.901750  156899 watch.go:116] watchAllDir unable to walk dir `/data/projects/radar_tinder/dataconnect`: lstat /data/projects/radar_tinder/dataconnect: no such file or directory\n"}}
[debug] [2026-02-14T13:39:28.911Z] E0214 05:39:28.910894  156899 watch.go:40] Failed to load config from "/data/projects/radar_tinder/dataconnect": could not find dataconnect.yaml in `/data/projects/radar_tinder/dataconnect`
 {"metadata":{"emulator":{"name":"dataconnect"},"message":"E0214 05:39:28.910894  156899 watch.go:40] Failed to load config from \"/data/projects/radar_tinder/dataconnect\": could not find dataconnect.yaml in `/data/projects/radar_tinder/dataconnect`\n"}}
[debug] [2026-02-14T13:39:38.911Z] E0214 05:39:38.910957  156899 watch.go:40] Failed to load config from "/data/projects/radar_tinder/dataconnect": could not find dataconnect.yaml in `/data/projects/radar_tinder/dataconnect`
 {"metadata":{"emulator":{"name":"dataconnect"},"message":"E0214 05:39:38.910957  156899 watch.go:40] Failed to load config from \"/data/projects/radar_tinder/dataconnect\": could not find dataconnect.yaml in `/data/projects/radar_tinder/dataconnect`\n"}}
[debug] [2026-02-14T13:39:48.902Z] E0214 05:39:48.902052  156899 watch.go:40] Failed to load config from "/data/projects/radar_tinder/dataconnect": could not find dataconnect.yaml in `/data/projects/radar_tinder/dataconnect`
 {"metadata":{"emulator":{"name":"dataconnect"},"message":"E0214 05:39:48.902052  156899 watch.go:40] Failed to load config from \"/data/projects/radar_tinder/dataconnect\": could not find dataconnect.yaml in `/data/projects/radar_tinder/dataconnect`\n"}}
[debug] [2026-02-14T13:39:58.911Z] E0214 05:39:58.910708  156899 watch.go:40] Failed to load config from "/data/projects/radar_tinder/dataconnect": could not find dataconnect.yaml in `/data/projects/radar_tinder/dataconnect`
 {"metadata":{"emulator":{"name":"dataconnect"},"message":"E0214 05:39:58.910708  156899 watch.go:40] Failed to load config from \"/data/projects/radar_tinder/dataconnect\": could not find dataconnect.yaml in `/data/projects/radar_tinder/dataconnect`\n"}}
[debug] [2026-02-14T13:40:08.910Z] E0214 05:40:08.910707  156899 watch.go:40] Failed to load config from "/data/projects/radar_tinder/dataconnect": could not find dataconnect.yaml in `/data/projects/radar_tinder/dataconnect`
 {"metadata":{"emulator":{"name":"dataconnect"},"message":"E0214 05:40:08.910707  156899 watch.go:40] Failed to load config from \"/data/projects/radar_tinder/dataconnect\": could not find dataconnect.yaml in `/data/projects/radar_tinder/dataconnect`\n"}}
[debug] [2026-02-14T13:40:18.901Z] E0214 05:40:18.901690  156899 watch.go:116] watchAllDir unable to walk dir `/data/projects/radar_tinder/dataconnect`: lstat /data/projects/radar_tinder/dataconnect: no such file or directory
E0214 05:40:18.901748  156899 watch.go:40] Failed to load config from "/data/projects/radar_tinder/dataconnect": could not find dataconnect.yaml in `/data/projects/radar_tinder/dataconnect`
 {"metadata":{"emulator":{"name":"dataconnect"},"message":"E0214 05:40:18.901690  156899 watch.go:116] watchAllDir unable to walk dir `/data/projects/radar_tinder/dataconnect`: lstat /data/projects/radar_tinder/dataconnect: no such file or directory\nE0214 05:40:18.901748  156899 watch.go:40] Failed to load config from \"/data/projects/radar_tinder/dataconnect\": could not find dataconnect.yaml in `/data/projects/radar_tinder/dataconnect`\n"}}
[debug] [2026-02-14T13:40:28.910Z] E0214 05:40:28.910711  156899 watch.go:40] Failed to load config from "/data/projects/radar_tinder/dataconnect": could not find dataconnect.yaml in `/data/projects/radar_tinder/dataconnect`
 {"metadata":{"emulator":{"name":"dataconnect"},"message":"E0214 05:40:28.910711  156899 watch.go:40] Failed to load config from \"/data/projects/radar_tinder/dataconnect\": could not find dataconnect.yaml in `/data/projects/radar_tinder/dataconnect`\n"}}
[debug] [2026-02-14T13:40:38.911Z] E0214 05:40:38.910754  156899 watch.go:40] Failed to load config from "/data/projects/radar_tinder/dataconnect": could not find dataconnect.yaml in `/data/projects/radar_tinder/dataconnect`
 {"metadata":{"emulator":{"name":"dataconnect"},"message":"E0214 05:40:38.910754  156899 watch.go:40] Failed to load config from \"/data/projects/radar_tinder/dataconnect\": could not find dataconnect.yaml in `/data/projects/radar_tinder/dataconnect`\n"}}
[debug] [2026-02-14T13:40:48.903Z] E0214 05:40:48.902754  156899 watch.go:40] Failed to load config from "/data/projects/radar_tinder/dataconnect": could not find dataconnect.yaml in `/data/projects/radar_tinder/dataconnect`
 {"metadata":{"emulator":{"name":"dataconnect"},"message":"E0214 05:40:48.902754  156899 watch.go:40] Failed to load config from \"/data/projects/radar_tinder/dataconnect\": could not find dataconnect.yaml in `/data/projects/radar_tinder/dataconnect`\n"}}
[debug] [2026-02-14T13:40:58.901Z] E0214 05:40:58.901687  156899 watch.go:40] Failed to load config from "/data/projects/radar_tinder/dataconnect": could not find dataconnect.yaml in `/data/projects/radar_tinder/dataconnect`
 {"metadata":{"emulator":{"name":"dataconnect"},"message":"E0214 05:40:58.901687  156899 watch.go:40] Failed to load config from \"/data/projects/radar_tinder/dataconnect\": could not find dataconnect.yaml in `/data/projects/radar_tinder/dataconnect`\n"}}
[debug] [2026-02-14T13:41:08.902Z] E0214 05:41:08.902126  156899 watch.go:40] Failed to load config from "/data/projects/radar_tinder/dataconnect": could not find dataconnect.yaml in `/data/projects/radar_tinder/dataconnect`
 {"metadata":{"emulator":{"name":"dataconnect"},"message":"E0214 05:41:08.902126  156899 watch.go:40] Failed to load config from \"/data/projects/radar_tinder/dataconnect\": could not find dataconnect.yaml in `/data/projects/radar_tinder/dataconnect`\n"}}
[debug] [2026-02-14T13:41:18.902Z] E0214 05:41:18.901701  156899 watch.go:116] watchAllDir unable to walk dir `/data/projects/radar_tinder/dataconnect`: lstat /data/projects/radar_tinder/dataconnect: no such file or directory
E0214 05:41:18.901771  156899 watch.go:40] Failed to load config from "/data/projects/radar_tinder/dataconnect": could not find dataconnect.yaml in `/data/projects/radar_tinder/dataconnect`
 {"metadata":{"emulator":{"name":"dataconnect"},"message":"E0214 05:41:18.901701  156899 watch.go:116] watchAllDir unable to walk dir `/data/projects/radar_tinder/dataconnect`: lstat /data/projects/radar_tinder/dataconnect: no such file or directory\nE0214 05:41:18.901771  156899 watch.go:40] Failed to load config from \"/data/projects/radar_tinder/dataconnect\": could not find dataconnect.yaml in `/data/projects/radar_tinder/dataconnect`\n"}}
[debug] [2026-02-14T13:41:28.911Z] E0214 05:41:28.911185  156899 watch.go:40] Failed to load config from "/data/projects/radar_tinder/dataconnect": could not find dataconnect.yaml in `/data/projects/radar_tinder/dataconnect`
 {"metadata":{"emulator":{"name":"dataconnect"},"message":"E0214 05:41:28.911185  156899 watch.go:40] Failed to load config from \"/data/projects/radar_tinder/dataconnect\": could not find dataconnect.yaml in `/data/projects/radar_tinder/dataconnect`\n"}}
[debug] [2026-02-14T13:41:38.911Z] E0214 05:41:38.911437  156899 watch.go:40] Failed to load config from "/data/projects/radar_tinder/dataconnect": could not find dataconnect.yaml in `/data/projects/radar_tinder/dataconnect`
 {"metadata":{"emulator":{"name":"dataconnect"},"message":"E0214 05:41:38.911437  156899 watch.go:40] Failed to load config from \"/data/projects/radar_tinder/dataconnect\": could not find dataconnect.yaml in `/data/projects/radar_tinder/dataconnect`\n"}}
[debug] [2026-02-14T13:41:48.902Z] E0214 05:41:48.902599  156899 watch.go:40] Failed to load config from "/data/projects/radar_tinder/dataconnect": could not find dataconnect.yaml in `/data/projects/radar_tinder/dataconnect`
 {"metadata":{"emulator":{"name":"dataconnect"},"message":"E0214 05:41:48.902599  156899 watch.go:40] Failed to load config from \"/data/projects/radar_tinder/dataconnect\": could not find dataconnect.yaml in `/data/projects/radar_tinder/dataconnect`\n"}}
[debug] [2026-02-14T13:41:58.910Z] E0214 05:41:58.909765  156899 watch.go:40] Failed to load config from "/data/projects/radar_tinder/dataconnect": could not find dataconnect.yaml in `/data/projects/radar_tinder/dataconnect`
 {"metadata":{"emulator":{"name":"dataconnect"},"message":"E0214 05:41:58.909765  156899 watch.go:40] Failed to load config from \"/data/projects/radar_tinder/dataconnect\": could not find dataconnect.yaml in `/data/projects/radar_tinder/dataconnect`\n"}}
[debug] [2026-02-14T13:42:08.910Z] E0214 05:42:08.910707  156899 watch.go:40] Failed to load config from "/data/projects/radar_tinder/dataconnect": could not find dataconnect.yaml in `/data/projects/radar_tinder/dataconnect`
 {"metadata":{"emulator":{"name":"dataconnect"},"message":"E0214 05:42:08.910707  156899 watch.go:40] Failed to load config from \"/data/projects/radar_tinder/dataconnect\": could not find dataconnect.yaml in `/data/projects/radar_tinder/dataconnect`\n"}}
[debug] [2026-02-14T13:42:18.902Z] E0214 05:42:18.901984  156899 watch.go:116] watchAllDir unable to walk dir `/data/projects/radar_tinder/dataconnect`: lstat /data/projects/radar_tinder/dataconnect: no such file or directory
E0214 05:42:18.902046  156899 watch.go:40] Failed to load config from "/data/projects/radar_tinder/dataconnect": could not find dataconnect.yaml in `/data/projects/radar_tinder/dataconnect`
 {"metadata":{"emulator":{"name":"dataconnect"},"message":"E0214 05:42:18.901984  156899 watch.go:116] watchAllDir unable to walk dir `/data/projects/radar_tinder/dataconnect`: lstat /data/projects/radar_tinder/dataconnect: no such file or directory\nE0214 05:42:18.902046  156899 watch.go:40] Failed to load config from \"/data/projects/radar_tinder/dataconnect\": could not find dataconnect.yaml in `/data/projects/radar_tinder/dataconnect`\n"}}
[debug] [2026-02-14T13:42:28.910Z] E0214 05:42:28.909435  156899 watch.go:40] Failed to load config from "/data/projects/radar_tinder/dataconnect": could not find dataconnect.yaml in `/data/projects/radar_tinder/dataconnect`
 {"metadata":{"emulator":{"name":"dataconnect"},"message":"E0214 05:42:28.909435  156899 watch.go:40] Failed to load config from \"/data/projects/radar_tinder/dataconnect\": could not find dataconnect.yaml in `/data/projects/radar_tinder/dataconnect`\n"}}
[debug] [2026-02-14T13:42:38.911Z] E0214 05:42:38.910818  156899 watch.go:40] Failed to load config from "/data/projects/radar_tinder/dataconnect": could not find dataconnect.yaml in `/data/projects/radar_tinder/dataconnect`
 {"metadata":{"emulator":{"name":"dataconnect"},"message":"E0214 05:42:38.910818  156899 watch.go:40] Failed to load config from \"/data/projects/radar_tinder/dataconnect\": could not find dataconnect.yaml in `/data/projects/radar_tinder/dataconnect`\n"}}
[debug] [2026-02-14T13:42:48.901Z] E0214 05:42:48.901749  156899 watch.go:40] Failed to load config from "/data/projects/radar_tinder/dataconnect": could not find dataconnect.yaml in `/data/projects/radar_tinder/dataconnect`
 {"metadata":{"emulator":{"name":"dataconnect"},"message":"E0214 05:42:48.901749  156899 watch.go:40] Failed to load config from \"/data/projects/radar_tinder/dataconnect\": could not find dataconnect.yaml in `/data/projects/radar_tinder/dataconnect`\n"}}
[debug] [2026-02-14T13:42:58.911Z] E0214 05:42:58.910730  156899 watch.go:40] Failed to load config from "/data/projects/radar_tinder/dataconnect": could not find dataconnect.yaml in `/data/projects/radar_tinder/dataconnect`
 {"metadata":{"emulator":{"name":"dataconnect"},"message":"E0214 05:42:58.910730  156899 watch.go:40] Failed to load config from \"/data/projects/radar_tinder/dataconnect\": could not find dataconnect.yaml in `/data/projects/radar_tinder/dataconnect`\n"}}
[debug] [2026-02-14T13:43:08.910Z] E0214 05:43:08.910708  156899 watch.go:40] Failed to load config from "/data/projects/radar_tinder/dataconnect": could not find dataconnect.yaml in `/data/projects/radar_tinder/dataconnect`
 {"metadata":{"emulator":{"name":"dataconnect"},"message":"E0214 05:43:08.910708  156899 watch.go:40] Failed to load config from \"/data/projects/radar_tinder/dataconnect\": could not find dataconnect.yaml in `/data/projects/radar_tinder/dataconnect`\n"}}
[debug] [2026-02-14T13:43:18.902Z] E0214 05:43:18.901764  156899 watch.go:116] watchAllDir unable to walk dir `/data/projects/radar_tinder/dataconnect`: lstat /data/projects/radar_tinder/dataconnect: no such file or directory
E0214 05:43:18.901849  156899 watch.go:40] Failed to load config from "/data/projects/radar_tinder/dataconnect": could not find dataconnect.yaml in `/data/projects/radar_tinder/dataconnect`
 {"metadata":{"emulator":{"name":"dataconnect"},"message":"E0214 05:43:18.901764  156899 watch.go:116] watchAllDir unable to walk dir `/data/projects/radar_tinder/dataconnect`: lstat /data/projects/radar_tinder/dataconnect: no such file or directory\nE0214 05:43:18.901849  156899 watch.go:40] Failed to load config from \"/data/projects/radar_tinder/dataconnect\": could not find dataconnect.yaml in `/data/projects/radar_tinder/dataconnect`\n"}}
[debug] [2026-02-14T13:43:28.902Z] E0214 05:43:28.901733  156899 watch.go:40] Failed to load config from "/data/projects/radar_tinder/dataconnect": could not find dataconnect.yaml in `/data/projects/radar_tinder/dataconnect`
 {"metadata":{"emulator":{"name":"dataconnect"},"message":"E0214 05:43:28.901733  156899 watch.go:40] Failed to load config from \"/data/projects/radar_tinder/dataconnect\": could not find dataconnect.yaml in `/data/projects/radar_tinder/dataconnect`\n"}}
[debug] [2026-02-14T13:43:38.911Z] E0214 05:43:38.911418  156899 watch.go:40] Failed to load config from "/data/projects/radar_tinder/dataconnect": could not find dataconnect.yaml in `/data/projects/radar_tinder/dataconnect`
 {"metadata":{"emulator":{"name":"dataconnect"},"message":"E0214 05:43:38.911418  156899 watch.go:40] Failed to load config from \"/data/projects/radar_tinder/dataconnect\": could not find dataconnect.yaml in `/data/projects/radar_tinder/dataconnect`\n"}}
[debug] [2026-02-14T13:43:48.902Z] E0214 05:43:48.901741  156899 watch.go:40] Failed to load config from "/data/projects/radar_tinder/dataconnect": could not find dataconnect.yaml in `/data/projects/radar_tinder/dataconnect`
 {"metadata":{"emulator":{"name":"dataconnect"},"message":"E0214 05:43:48.901741  156899 watch.go:40] Failed to load config from \"/data/projects/radar_tinder/dataconnect\": could not find dataconnect.yaml in `/data/projects/radar_tinder/dataconnect`\n"}}
[debug] [2026-02-14T13:43:58.909Z] E0214 05:43:58.909634  156899 watch.go:40] Failed to load config from "/data/projects/radar_tinder/dataconnect": could not find dataconnect.yaml in `/data/projects/radar_tinder/dataconnect`
 {"metadata":{"emulator":{"name":"dataconnect"},"message":"E0214 05:43:58.909634  156899 watch.go:40] Failed to load config from \"/data/projects/radar_tinder/dataconnect\": could not find dataconnect.yaml in `/data/projects/radar_tinder/dataconnect`\n"}}
[debug] [2026-02-14T13:44:08.902Z] E0214 05:44:08.902276  156899 watch.go:40] Failed to load config from "/data/projects/radar_tinder/dataconnect": could not find dataconnect.yaml in `/data/projects/radar_tinder/dataconnect`
 {"metadata":{"emulator":{"name":"dataconnect"},"message":"E0214 05:44:08.902276  156899 watch.go:40] Failed to load config from \"/data/projects/radar_tinder/dataconnect\": could not find dataconnect.yaml in `/data/projects/radar_tinder/dataconnect`\n"}}
[debug] [2026-02-14T13:44:18.902Z] E0214 05:44:18.902395  156899 watch.go:116] watchAllDir unable to walk dir `/data/projects/radar_tinder/dataconnect`: lstat /data/projects/radar_tinder/dataconnect: no such file or directory
E0214 05:44:18.902419  156899 watch.go:40] Failed to load config from "/data/projects/radar_tinder/dataconnect": could not find dataconnect.yaml in `/data/projects/radar_tinder/dataconnect`
 {"metadata":{"emulator":{"name":"dataconnect"},"message":"E0214 05:44:18.902395  156899 watch.go:116] watchAllDir unable to walk dir `/data/projects/radar_tinder/dataconnect`: lstat /data/projects/radar_tinder/dataconnect: no such file or directory\nE0214 05:44:18.902419  156899 watch.go:40] Failed to load config from \"/data/projects/radar_tinder/dataconnect\": could not find dataconnect.yaml in `/data/projects/radar_tinder/dataconnect`\n"}}
[debug] [2026-02-14T13:44:28.911Z] E0214 05:44:28.911542  156899 watch.go:40] Failed to load config from "/data/projects/radar_tinder/dataconnect": could not find dataconnect.yaml in `/data/projects/radar_tinder/dataconnect`
 {"metadata":{"emulator":{"name":"dataconnect"},"message":"E0214 05:44:28.911542  156899 watch.go:40] Failed to load config from \"/data/projects/radar_tinder/dataconnect\": could not find dataconnect.yaml in `/data/projects/radar_tinder/dataconnect`\n"}}
[debug] [2026-02-14T13:44:38.910Z] E0214 05:44:38.909791  156899 watch.go:40] Failed to load config from "/data/projects/radar_tinder/dataconnect": could not find dataconnect.yaml in `/data/projects/radar_tinder/dataconnect`
 {"metadata":{"emulator":{"name":"dataconnect"},"message":"E0214 05:44:38.909791  156899 watch.go:40] Failed to load config from \"/data/projects/radar_tinder/dataconnect\": could not find dataconnect.yaml in `/data/projects/radar_tinder/dataconnect`\n"}}
[debug] [2026-02-14T13:44:48.902Z] E0214 05:44:48.901825  156899 watch.go:40] Failed to load config from "/data/projects/radar_tinder/dataconnect": could not find dataconnect.yaml in `/data/projects/radar_tinder/dataconnect`
 {"metadata":{"emulator":{"name":"dataconnect"},"message":"E0214 05:44:48.901825  156899 watch.go:40] Failed to load config from \"/data/projects/radar_tinder/dataconnect\": could not find dataconnect.yaml in `/data/projects/radar_tinder/dataconnect`\n"}}
[debug] [2026-02-14T13:44:58.911Z] E0214 05:44:58.910956  156899 watch.go:40] Failed to load config from "/data/projects/radar_tinder/dataconnect": could not find dataconnect.yaml in `/data/projects/radar_tinder/dataconnect`
 {"metadata":{"emulator":{"name":"dataconnect"},"message":"E0214 05:44:58.910956  156899 watch.go:40] Failed to load config from \"/data/projects/radar_tinder/dataconnect\": could not find dataconnect.yaml in `/data/projects/radar_tinder/dataconnect`\n"}}
[debug] [2026-02-14T13:45:08.911Z] E0214 05:45:08.910759  156899 watch.go:40] Failed to load config from "/data/projects/radar_tinder/dataconnect": could not find dataconnect.yaml in `/data/projects/radar_tinder/dataconnect`
 {"metadata":{"emulator":{"name":"dataconnect"},"message":"E0214 05:45:08.910759  156899 watch.go:40] Failed to load config from \"/data/projects/radar_tinder/dataconnect\": could not find dataconnect.yaml in `/data/projects/radar_tinder/dataconnect`\n"}}
[debug] [2026-02-14T13:45:18.902Z] E0214 05:45:18.901786  156899 watch.go:116] watchAllDir unable to walk dir `/data/projects/radar_tinder/dataconnect`: lstat /data/projects/radar_tinder/dataconnect: no such file or directory
E0214 05:45:18.901880  156899 watch.go:40] Failed to load config from "/data/projects/radar_tinder/dataconnect": could not find dataconnect.yaml in `/data/projects/radar_tinder/dataconnect`
 {"metadata":{"emulator":{"name":"dataconnect"},"message":"E0214 05:45:18.901786  156899 watch.go:116] watchAllDir unable to walk dir `/data/projects/radar_tinder/dataconnect`: lstat /data/projects/radar_tinder/dataconnect: no such file or directory\nE0214 05:45:18.901880  156899 watch.go:40] Failed to load config from \"/data/projects/radar_tinder/dataconnect\": could not find dataconnect.yaml in `/data/projects/radar_tinder/dataconnect`\n"}}
[debug] [2026-02-14T13:45:28.902Z] E0214 05:45:28.902031  156899 watch.go:40] Failed to load config from "/data/projects/radar_tinder/dataconnect": could not find dataconnect.yaml in `/data/projects/radar_tinder/dataconnect`
 {"metadata":{"emulator":{"name":"dataconnect"},"message":"E0214 05:45:28.902031  156899 watch.go:40] Failed to load config from \"/data/projects/radar_tinder/dataconnect\": could not find dataconnect.yaml in `/data/projects/radar_tinder/dataconnect`\n"}}
[debug] [2026-02-14T13:45:38.901Z] E0214 05:45:38.901688  156899 watch.go:40] Failed to load config from "/data/projects/radar_tinder/dataconnect": could not find dataconnect.yaml in `/data/projects/radar_tinder/dataconnect`
 {"metadata":{"emulator":{"name":"dataconnect"},"message":"E0214 05:45:38.901688  156899 watch.go:40] Failed to load config from \"/data/projects/radar_tinder/dataconnect\": could not find dataconnect.yaml in `/data/projects/radar_tinder/dataconnect`\n"}}
[debug] [2026-02-14T13:45:48.902Z] E0214 05:45:48.901761  156899 watch.go:40] Failed to load config from "/data/projects/radar_tinder/dataconnect": could not find dataconnect.yaml in `/data/projects/radar_tinder/dataconnect`
 {"metadata":{"emulator":{"name":"dataconnect"},"message":"E0214 05:45:48.901761  156899 watch.go:40] Failed to load config from \"/data/projects/radar_tinder/dataconnect\": could not find dataconnect.yaml in `/data/projects/radar_tinder/dataconnect`\n"}}
[debug] [2026-02-14T13:45:58.911Z] E0214 05:45:58.910787  156899 watch.go:40] Failed to load config from "/data/projects/radar_tinder/dataconnect": could not find dataconnect.yaml in `/data/projects/radar_tinder/dataconnect`
 {"metadata":{"emulator":{"name":"dataconnect"},"message":"E0214 05:45:58.910787  156899 watch.go:40] Failed to load config from \"/data/projects/radar_tinder/dataconnect\": could not find dataconnect.yaml in `/data/projects/radar_tinder/dataconnect`\n"}}
[debug] [2026-02-14T13:46:08.911Z] E0214 05:46:08.910735  156899 watch.go:40] Failed to load config from "/data/projects/radar_tinder/dataconnect": could not find dataconnect.yaml in `/data/projects/radar_tinder/dataconnect`
 {"metadata":{"emulator":{"name":"dataconnect"},"message":"E0214 05:46:08.910735  156899 watch.go:40] Failed to load config from \"/data/projects/radar_tinder/dataconnect\": could not find dataconnect.yaml in `/data/projects/radar_tinder/dataconnect`\n"}}
[debug] [2026-02-14T13:46:18.901Z] E0214 05:46:18.901716  156899 watch.go:116] watchAllDir unable to walk dir `/data/projects/radar_tinder/dataconnect`: lstat /data/projects/radar_tinder/dataconnect: no such file or directory
E0214 05:46:18.901758  156899 watch.go:40] Failed to load config from "/data/projects/radar_tinder/dataconnect": could not find dataconnect.yaml in `/data/projects/radar_tinder/dataconnect`
 {"metadata":{"emulator":{"name":"dataconnect"},"message":"E0214 05:46:18.901716  156899 watch.go:116] watchAllDir unable to walk dir `/data/projects/radar_tinder/dataconnect`: lstat /data/projects/radar_tinder/dataconnect: no such file or directory\nE0214 05:46:18.901758  156899 watch.go:40] Failed to load config from \"/data/projects/radar_tinder/dataconnect\": could not find dataconnect.yaml in `/data/projects/radar_tinder/dataconnect`\n"}}
[debug] [2026-02-14T13:46:28.909Z] E0214 05:46:28.908861  156899 watch.go:40] Failed to load config from "/data/projects/radar_tinder/dataconnect": could not find dataconnect.yaml in `/data/projects/radar_tinder/dataconnect`
 {"metadata":{"emulator":{"name":"dataconnect"},"message":"E0214 05:46:28.908861  156899 watch.go:40] Failed to load config from \"/data/projects/radar_tinder/dataconnect\": could not find dataconnect.yaml in `/data/projects/radar_tinder/dataconnect`\n"}}
[debug] [2026-02-14T13:46:38.902Z] E0214 05:46:38.902290  156899 watch.go:40] Failed to load config from "/data/projects/radar_tinder/dataconnect": could not find dataconnect.yaml in `/data/projects/radar_tinder/dataconnect`
 {"metadata":{"emulator":{"name":"dataconnect"},"message":"E0214 05:46:38.902290  156899 watch.go:40] Failed to load config from \"/data/projects/radar_tinder/dataconnect\": could not find dataconnect.yaml in `/data/projects/radar_tinder/dataconnect`\n"}}
[debug] [2026-02-14T13:46:48.902Z] E0214 05:46:48.902460  156899 watch.go:40] Failed to load config from "/data/projects/radar_tinder/dataconnect": could not find dataconnect.yaml in `/data/projects/radar_tinder/dataconnect`
 {"metadata":{"emulator":{"name":"dataconnect"},"message":"E0214 05:46:48.902460  156899 watch.go:40] Failed to load config from \"/data/projects/radar_tinder/dataconnect\": could not find dataconnect.yaml in `/data/projects/radar_tinder/dataconnect`\n"}}
[debug] [2026-02-14T13:46:58.904Z] E0214 05:46:58.904075  156899 watch.go:40] Failed to load config from "/data/projects/radar_tinder/dataconnect": could not find dataconnect.yaml in `/data/projects/radar_tinder/dataconnect`
 {"metadata":{"emulator":{"name":"dataconnect"},"message":"E0214 05:46:58.904075  156899 watch.go:40] Failed to load config from \"/data/projects/radar_tinder/dataconnect\": could not find dataconnect.yaml in `/data/projects/radar_tinder/dataconnect`\n"}}
[debug] [2026-02-14T13:47:08.911Z] E0214 05:47:08.910727  156899 watch.go:40] Failed to load config from "/data/projects/radar_tinder/dataconnect": could not find dataconnect.yaml in `/data/projects/radar_tinder/dataconnect`
 {"metadata":{"emulator":{"name":"dataconnect"},"message":"E0214 05:47:08.910727  156899 watch.go:40] Failed to load config from \"/data/projects/radar_tinder/dataconnect\": could not find dataconnect.yaml in `/data/projects/radar_tinder/dataconnect`\n"}}
[debug] [2026-02-14T13:47:18.902Z] E0214 05:47:18.901852  156899 watch.go:116] watchAllDir unable to walk dir `/data/projects/radar_tinder/dataconnect`: lstat /data/projects/radar_tinder/dataconnect: no such file or directory
E0214 05:47:18.901942  156899 watch.go:40] Failed to load config from "/data/projects/radar_tinder/dataconnect": could not find dataconnect.yaml in `/data/projects/radar_tinder/dataconnect`
 {"metadata":{"emulator":{"name":"dataconnect"},"message":"E0214 05:47:18.901852  156899 watch.go:116] watchAllDir unable to walk dir `/data/projects/radar_tinder/dataconnect`: lstat /data/projects/radar_tinder/dataconnect: no such file or directory\nE0214 05:47:18.901942  156899 watch.go:40] Failed to load config from \"/data/projects/radar_tinder/dataconnect\": could not find dataconnect.yaml in `/data/projects/radar_tinder/dataconnect`\n"}}
[debug] [2026-02-14T13:47:28.911Z] E0214 05:47:28.911094  156899 watch.go:40] Failed to load config from "/data/projects/radar_tinder/dataconnect": could not find dataconnect.yaml in `/data/projects/radar_tinder/dataconnect`
 {"metadata":{"emulator":{"name":"dataconnect"},"message":"E0214 05:47:28.911094  156899 watch.go:40] Failed to load config from \"/data/projects/radar_tinder/dataconnect\": could not find dataconnect.yaml in `/data/projects/radar_tinder/dataconnect`\n"}}
[debug] [2026-02-14T13:47:38.902Z] E0214 05:47:38.901871  156899 watch.go:40] Failed to load config from "/data/projects/radar_tinder/dataconnect": could not find dataconnect.yaml in `/data/projects/radar_tinder/dataconnect`
 {"metadata":{"emulator":{"name":"dataconnect"},"message":"E0214 05:47:38.901871  156899 watch.go:40] Failed to load config from \"/data/projects/radar_tinder/dataconnect\": could not find dataconnect.yaml in `/data/projects/radar_tinder/dataconnect`\n"}}
[debug] [2026-02-14T13:47:48.901Z] E0214 05:47:48.901737  156899 watch.go:40] Failed to load config from "/data/projects/radar_tinder/dataconnect": could not find dataconnect.yaml in `/data/projects/radar_tinder/dataconnect`
 {"metadata":{"emulator":{"name":"dataconnect"},"message":"E0214 05:47:48.901737  156899 watch.go:40] Failed to load config from \"/data/projects/radar_tinder/dataconnect\": could not find dataconnect.yaml in `/data/projects/radar_tinder/dataconnect`\n"}}
[debug] [2026-02-14T13:47:58.911Z] E0214 05:47:58.910857  156899 watch.go:40] Failed to load config from "/data/projects/radar_tinder/dataconnect": could not find dataconnect.yaml in `/data/projects/radar_tinder/dataconnect`
 {"metadata":{"emulator":{"name":"dataconnect"},"message":"E0214 05:47:58.910857  156899 watch.go:40] Failed to load config from \"/data/projects/radar_tinder/dataconnect\": could not find dataconnect.yaml in `/data/projects/radar_tinder/dataconnect`\n"}}
[debug] [2026-02-14T13:48:08.910Z] E0214 05:48:08.910705  156899 watch.go:40] Failed to load config from "/data/projects/radar_tinder/dataconnect": could not find dataconnect.yaml in `/data/projects/radar_tinder/dataconnect`
 {"metadata":{"emulator":{"name":"dataconnect"},"message":"E0214 05:48:08.910705  156899 watch.go:40] Failed to load config from \"/data/projects/radar_tinder/dataconnect\": could not find dataconnect.yaml in `/data/projects/radar_tinder/dataconnect`\n"}}
[debug] [2026-02-14T13:48:18.901Z] E0214 05:48:18.901728  156899 watch.go:116] watchAllDir unable to walk dir `/data/projects/radar_tinder/dataconnect`: lstat /data/projects/radar_tinder/dataconnect: no such file or directory
E0214 05:48:18.901798  156899 watch.go:40] Failed to load config from "/data/projects/radar_tinder/dataconnect": could not find dataconnect.yaml in `/data/projects/radar_tinder/dataconnect`
 {"metadata":{"emulator":{"name":"dataconnect"},"message":"E0214 05:48:18.901728  156899 watch.go:116] watchAllDir unable to walk dir `/data/projects/radar_tinder/dataconnect`: lstat /data/projects/radar_tinder/dataconnect: no such file or directory\nE0214 05:48:18.901798  156899 watch.go:40] Failed to load config from \"/data/projects/radar_tinder/dataconnect\": could not find dataconnect.yaml in `/data/projects/radar_tinder/dataconnect`\n"}}
[debug] [2026-02-14T13:48:28.906Z] E0214 05:48:28.905470  156899 watch.go:40] Failed to load config from "/data/projects/radar_tinder/dataconnect": could not find dataconnect.yaml in `/data/projects/radar_tinder/dataconnect`
 {"metadata":{"emulator":{"name":"dataconnect"},"message":"E0214 05:48:28.905470  156899 watch.go:40] Failed to load config from \"/data/projects/radar_tinder/dataconnect\": could not find dataconnect.yaml in `/data/projects/radar_tinder/dataconnect`\n"}}
[debug] [2026-02-14T13:48:38.911Z] E0214 05:48:38.911461  156899 watch.go:40] Failed to load config from "/data/projects/radar_tinder/dataconnect": could not find dataconnect.yaml in `/data/projects/radar_tinder/dataconnect`
 {"metadata":{"emulator":{"name":"dataconnect"},"message":"E0214 05:48:38.911461  156899 watch.go:40] Failed to load config from \"/data/projects/radar_tinder/dataconnect\": could not find dataconnect.yaml in `/data/projects/radar_tinder/dataconnect`\n"}}
[debug] [2026-02-14T13:48:48.902Z] E0214 05:48:48.901842  156899 watch.go:40] Failed to load config from "/data/projects/radar_tinder/dataconnect": could not find dataconnect.yaml in `/data/projects/radar_tinder/dataconnect`
 {"metadata":{"emulator":{"name":"dataconnect"},"message":"E0214 05:48:48.901842  156899 watch.go:40] Failed to load config from \"/data/projects/radar_tinder/dataconnect\": could not find dataconnect.yaml in `/data/projects/radar_tinder/dataconnect`\n"}}
[debug] [2026-02-14T13:48:58.911Z] E0214 05:48:58.910966  156899 watch.go:40] Failed to load config from "/data/projects/radar_tinder/dataconnect": could not find dataconnect.yaml in `/data/projects/radar_tinder/dataconnect`
 {"metadata":{"emulator":{"name":"dataconnect"},"message":"E0214 05:48:58.910966  156899 watch.go:40] Failed to load config from \"/data/projects/radar_tinder/dataconnect\": could not find dataconnect.yaml in `/data/projects/radar_tinder/dataconnect`\n"}}
[debug] [2026-02-14T13:49:08.911Z] E0214 05:49:08.910766  156899 watch.go:40] Failed to load config from "/data/projects/radar_tinder/dataconnect": could not find dataconnect.yaml in `/data/projects/radar_tinder/dataconnect`
 {"metadata":{"emulator":{"name":"dataconnect"},"message":"E0214 05:49:08.910766  156899 watch.go:40] Failed to load config from \"/data/projects/radar_tinder/dataconnect\": could not find dataconnect.yaml in `/data/projects/radar_tinder/dataconnect`\n"}}
[debug] [2026-02-14T13:49:18.902Z] E0214 05:49:18.901733  156899 watch.go:116] watchAllDir unable to walk dir `/data/projects/radar_tinder/dataconnect`: lstat /data/projects/radar_tinder/dataconnect: no such file or directory
E0214 05:49:18.901846  156899 watch.go:40] Failed to load config from "/data/projects/radar_tinder/dataconnect": could not find dataconnect.yaml in `/data/projects/radar_tinder/dataconnect`
 {"metadata":{"emulator":{"name":"dataconnect"},"message":"E0214 05:49:18.901733  156899 watch.go:116] watchAllDir unable to walk dir `/data/projects/radar_tinder/dataconnect`: lstat /data/projects/radar_tinder/dataconnect: no such file or directory\nE0214 05:49:18.901846  156899 watch.go:40] Failed to load config from \"/data/projects/radar_tinder/dataconnect\": could not find dataconnect.yaml in `/data/projects/radar_tinder/dataconnect`\n"}}
[debug] [2026-02-14T13:49:28.910Z] E0214 05:49:28.910744  156899 watch.go:40] Failed to load config from "/data/projects/radar_tinder/dataconnect": could not find dataconnect.yaml in `/data/projects/radar_tinder/dataconnect`
 {"metadata":{"emulator":{"name":"dataconnect"},"message":"E0214 05:49:28.910744  156899 watch.go:40] Failed to load config from \"/data/projects/radar_tinder/dataconnect\": could not find dataconnect.yaml in `/data/projects/radar_tinder/dataconnect`\n"}}
[debug] [2026-02-14T13:49:38.917Z] E0214 05:49:38.910798  156899 watch.go:40] Failed to load config from "/data/projects/radar_tinder/dataconnect": could not find dataconnect.yaml in `/data/projects/radar_tinder/dataconnect`
 {"metadata":{"emulator":{"name":"dataconnect"},"message":"E0214 05:49:38.910798  156899 watch.go:40] Failed to load config from \"/data/projects/radar_tinder/dataconnect\": could not find dataconnect.yaml in `/data/projects/radar_tinder/dataconnect`\n"}}
[debug] [2026-02-14T13:49:48.902Z] E0214 05:49:48.901899  156899 watch.go:40] Failed to load config from "/data/projects/radar_tinder/dataconnect": could not find dataconnect.yaml in `/data/projects/radar_tinder/dataconnect`
 {"metadata":{"emulator":{"name":"dataconnect"},"message":"E0214 05:49:48.901899  156899 watch.go:40] Failed to load config from \"/data/projects/radar_tinder/dataconnect\": could not find dataconnect.yaml in `/data/projects/radar_tinder/dataconnect`\n"}}
[debug] [2026-02-14T13:49:58.902Z] E0214 05:49:58.901739  156899 watch.go:40] Failed to load config from "/data/projects/radar_tinder/dataconnect": could not find dataconnect.yaml in `/data/projects/radar_tinder/dataconnect`
 {"metadata":{"emulator":{"name":"dataconnect"},"message":"E0214 05:49:58.901739  156899 watch.go:40] Failed to load config from \"/data/projects/radar_tinder/dataconnect\": could not find dataconnect.yaml in `/data/projects/radar_tinder/dataconnect`\n"}}
[debug] [2026-02-14T13:50:08.911Z] E0214 05:50:08.911029  156899 watch.go:40] Failed to load config from "/data/projects/radar_tinder/dataconnect": could not find dataconnect.yaml in `/data/projects/radar_tinder/dataconnect`
 {"metadata":{"emulator":{"name":"dataconnect"},"message":"E0214 05:50:08.911029  156899 watch.go:40] Failed to load config from \"/data/projects/radar_tinder/dataconnect\": could not find dataconnect.yaml in `/data/projects/radar_tinder/dataconnect`\n"}}
[debug] [2026-02-14T13:50:18.902Z] E0214 05:50:18.902102  156899 watch.go:116] watchAllDir unable to walk dir `/data/projects/radar_tinder/dataconnect`: lstat /data/projects/radar_tinder/dataconnect: no such file or directory
 {"metadata":{"emulator":{"name":"dataconnect"},"message":"E0214 05:50:18.902102  156899 watch.go:116] watchAllDir unable to walk dir `/data/projects/radar_tinder/dataconnect`: lstat /data/projects/radar_tinder/dataconnect: no such file or directory\n"}}
[debug] [2026-02-14T13:50:18.903Z] E0214 05:50:18.902218  156899 watch.go:40] Failed to load config from "/data/projects/radar_tinder/dataconnect": could not find dataconnect.yaml in `/data/projects/radar_tinder/dataconnect`
 {"metadata":{"emulator":{"name":"dataconnect"},"message":"E0214 05:50:18.902218  156899 watch.go:40] Failed to load config from \"/data/projects/radar_tinder/dataconnect\": could not find dataconnect.yaml in `/data/projects/radar_tinder/dataconnect`\n"}}
[debug] [2026-02-14T13:50:28.911Z] E0214 05:50:28.910731  156899 watch.go:40] Failed to load config from "/data/projects/radar_tinder/dataconnect": could not find dataconnect.yaml in `/data/projects/radar_tinder/dataconnect`
 {"metadata":{"emulator":{"name":"dataconnect"},"message":"E0214 05:50:28.910731  156899 watch.go:40] Failed to load config from \"/data/projects/radar_tinder/dataconnect\": could not find dataconnect.yaml in `/data/projects/radar_tinder/dataconnect`\n"}}
[debug] [2026-02-14T13:50:38.910Z] E0214 05:50:38.910733  156899 watch.go:40] Failed to load config from "/data/projects/radar_tinder/dataconnect": could not find dataconnect.yaml in `/data/projects/radar_tinder/dataconnect`
 {"metadata":{"emulator":{"name":"dataconnect"},"message":"E0214 05:50:38.910733  156899 watch.go:40] Failed to load config from \"/data/projects/radar_tinder/dataconnect\": could not find dataconnect.yaml in `/data/projects/radar_tinder/dataconnect`\n"}}
[debug] [2026-02-14T13:50:48.902Z] E0214 05:50:48.901805  156899 watch.go:40] Failed to load config from "/data/projects/radar_tinder/dataconnect": could not find dataconnect.yaml in `/data/projects/radar_tinder/dataconnect`
 {"metadata":{"emulator":{"name":"dataconnect"},"message":"E0214 05:50:48.901805  156899 watch.go:40] Failed to load config from \"/data/projects/radar_tinder/dataconnect\": could not find dataconnect.yaml in `/data/projects/radar_tinder/dataconnect`\n"}}
[debug] [2026-02-14T13:50:58.911Z] E0214 05:50:58.910769  156899 watch.go:40] Failed to load config from "/data/projects/radar_tinder/dataconnect": could not find dataconnect.yaml in `/data/projects/radar_tinder/dataconnect`
 {"metadata":{"emulator":{"name":"dataconnect"},"message":"E0214 05:50:58.910769  156899 watch.go:40] Failed to load config from \"/data/projects/radar_tinder/dataconnect\": could not find dataconnect.yaml in `/data/projects/radar_tinder/dataconnect`\n"}}
[debug] [2026-02-14T13:51:08.911Z] E0214 05:51:08.910857  156899 watch.go:40] Failed to load config from "/data/projects/radar_tinder/dataconnect": could not find dataconnect.yaml in `/data/projects/radar_tinder/dataconnect`
 {"metadata":{"emulator":{"name":"dataconnect"},"message":"E0214 05:51:08.910857  156899 watch.go:40] Failed to load config from \"/data/projects/radar_tinder/dataconnect\": could not find dataconnect.yaml in `/data/projects/radar_tinder/dataconnect`\n"}}
[debug] [2026-02-14T13:51:18.902Z] E0214 05:51:18.901936  156899 watch.go:116] watchAllDir unable to walk dir `/data/projects/radar_tinder/dataconnect`: lstat /data/projects/radar_tinder/dataconnect: no such file or directory
E0214 05:51:18.902018  156899 watch.go:40] Failed to load config from "/data/projects/radar_tinder/dataconnect": could not find dataconnect.yaml in `/data/projects/radar_tinder/dataconnect`
 {"metadata":{"emulator":{"name":"dataconnect"},"message":"E0214 05:51:18.901936  156899 watch.go:116] watchAllDir unable to walk dir `/data/projects/radar_tinder/dataconnect`: lstat /data/projects/radar_tinder/dataconnect: no such file or directory\nE0214 05:51:18.902018  156899 watch.go:40] Failed to load config from \"/data/projects/radar_tinder/dataconnect\": could not find dataconnect.yaml in `/data/projects/radar_tinder/dataconnect`\n"}}
[debug] [2026-02-14T13:51:28.925Z] E0214 05:51:28.910740  156899 watch.go:40] Failed to load config from "/data/projects/radar_tinder/dataconnect": could not find dataconnect.yaml in `/data/projects/radar_tinder/dataconnect`
 {"metadata":{"emulator":{"name":"dataconnect"},"message":"E0214 05:51:28.910740  156899 watch.go:40] Failed to load config from \"/data/projects/radar_tinder/dataconnect\": could not find dataconnect.yaml in `/data/projects/radar_tinder/dataconnect`\n"}}
[debug] [2026-02-14T13:51:38.911Z] E0214 05:51:38.910743  156899 watch.go:40] Failed to load config from "/data/projects/radar_tinder/dataconnect": could not find dataconnect.yaml in `/data/projects/radar_tinder/dataconnect`
 {"metadata":{"emulator":{"name":"dataconnect"},"message":"E0214 05:51:38.910743  156899 watch.go:40] Failed to load config from \"/data/projects/radar_tinder/dataconnect\": could not find dataconnect.yaml in `/data/projects/radar_tinder/dataconnect`\n"}}
[debug] [2026-02-14T13:51:48.908Z] E0214 05:51:48.906115  156899 watch.go:40] Failed to load config from "/data/projects/radar_tinder/dataconnect": could not find dataconnect.yaml in `/data/projects/radar_tinder/dataconnect`
 {"metadata":{"emulator":{"name":"dataconnect"},"message":"E0214 05:51:48.906115  156899 watch.go:40] Failed to load config from \"/data/projects/radar_tinder/dataconnect\": could not find dataconnect.yaml in `/data/projects/radar_tinder/dataconnect`\n"}}
[debug] [2026-02-14T13:51:58.902Z] E0214 05:51:58.901874  156899 watch.go:40] Failed to load config from "/data/projects/radar_tinder/dataconnect": could not find dataconnect.yaml in `/data/projects/radar_tinder/dataconnect`
 {"metadata":{"emulator":{"name":"dataconnect"},"message":"E0214 05:51:58.901874  156899 watch.go:40] Failed to load config from \"/data/projects/radar_tinder/dataconnect\": could not find dataconnect.yaml in `/data/projects/radar_tinder/dataconnect`\n"}}
[debug] [2026-02-14T13:52:08.911Z] E0214 05:52:08.910752  156899 watch.go:40] Failed to load config from "/data/projects/radar_tinder/dataconnect": could not find dataconnect.yaml in `/data/projects/radar_tinder/dataconnect`
 {"metadata":{"emulator":{"name":"dataconnect"},"message":"E0214 05:52:08.910752  156899 watch.go:40] Failed to load config from \"/data/projects/radar_tinder/dataconnect\": could not find dataconnect.yaml in `/data/projects/radar_tinder/dataconnect`\n"}}
[debug] [2026-02-14T13:52:18.902Z] E0214 05:52:18.901876  156899 watch.go:116] watchAllDir unable to walk dir `/data/projects/radar_tinder/dataconnect`: lstat /data/projects/radar_tinder/dataconnect: no such file or directory
 {"metadata":{"emulator":{"name":"dataconnect"},"message":"E0214 05:52:18.901876  156899 watch.go:116] watchAllDir unable to walk dir `/data/projects/radar_tinder/dataconnect`: lstat /data/projects/radar_tinder/dataconnect: no such file or directory\n"}}
[debug] [2026-02-14T13:52:18.906Z] E0214 05:52:18.902008  156899 watch.go:40] Failed to load config from "/data/projects/radar_tinder/dataconnect": could not find dataconnect.yaml in `/data/projects/radar_tinder/dataconnect`
 {"metadata":{"emulator":{"name":"dataconnect"},"message":"E0214 05:52:18.902008  156899 watch.go:40] Failed to load config from \"/data/projects/radar_tinder/dataconnect\": could not find dataconnect.yaml in `/data/projects/radar_tinder/dataconnect`\n"}}
[debug] [2026-02-14T13:52:28.912Z] E0214 05:52:28.911835  156899 watch.go:40] Failed to load config from "/data/projects/radar_tinder/dataconnect": could not find dataconnect.yaml in `/data/projects/radar_tinder/dataconnect`
 {"metadata":{"emulator":{"name":"dataconnect"},"message":"E0214 05:52:28.911835  156899 watch.go:40] Failed to load config from \"/data/projects/radar_tinder/dataconnect\": could not find dataconnect.yaml in `/data/projects/radar_tinder/dataconnect`\n"}}
[debug] [2026-02-14T13:52:38.912Z] E0214 05:52:38.911920  156899 watch.go:40] Failed to load config from "/data/projects/radar_tinder/dataconnect": could not find dataconnect.yaml in `/data/projects/radar_tinder/dataconnect`
 {"metadata":{"emulator":{"name":"dataconnect"},"message":"E0214 05:52:38.911920  156899 watch.go:40] Failed to load config from \"/data/projects/radar_tinder/dataconnect\": could not find dataconnect.yaml in `/data/projects/radar_tinder/dataconnect`\n"}}
[debug] [2026-02-14T13:52:48.902Z] E0214 05:52:48.901784  156899 watch.go:40] Failed to load config from "/data/projects/radar_tinder/dataconnect": could not find dataconnect.yaml in `/data/projects/radar_tinder/dataconnect`
 {"metadata":{"emulator":{"name":"dataconnect"},"message":"E0214 05:52:48.901784  156899 watch.go:40] Failed to load config from \"/data/projects/radar_tinder/dataconnect\": could not find dataconnect.yaml in `/data/projects/radar_tinder/dataconnect`\n"}}
[debug] [2026-02-14T13:52:58.903Z] E0214 05:52:58.903114  156899 watch.go:40] Failed to load config from "/data/projects/radar_tinder/dataconnect": could not find dataconnect.yaml in `/data/projects/radar_tinder/dataconnect`
 {"metadata":{"emulator":{"name":"dataconnect"},"message":"E0214 05:52:58.903114  156899 watch.go:40] Failed to load config from \"/data/projects/radar_tinder/dataconnect\": could not find dataconnect.yaml in `/data/projects/radar_tinder/dataconnect`\n"}}
[debug] [2026-02-14T13:53:08.911Z] E0214 05:53:08.910870  156899 watch.go:40] Failed to load config from "/data/projects/radar_tinder/dataconnect": could not find dataconnect.yaml in `/data/projects/radar_tinder/dataconnect`
 {"metadata":{"emulator":{"name":"dataconnect"},"message":"E0214 05:53:08.910870  156899 watch.go:40] Failed to load config from \"/data/projects/radar_tinder/dataconnect\": could not find dataconnect.yaml in `/data/projects/radar_tinder/dataconnect`\n"}}
[debug] [2026-02-14T13:53:18.902Z] E0214 05:53:18.901774  156899 watch.go:116] watchAllDir unable to walk dir `/data/projects/radar_tinder/dataconnect`: lstat /data/projects/radar_tinder/dataconnect: no such file or directory
E0214 05:53:18.901889  156899 watch.go:40] Failed to load config from "/data/projects/radar_tinder/dataconnect": could not find dataconnect.yaml in `/data/projects/radar_tinder/dataconnect`
 {"metadata":{"emulator":{"name":"dataconnect"},"message":"E0214 05:53:18.901774  156899 watch.go:116] watchAllDir unable to walk dir `/data/projects/radar_tinder/dataconnect`: lstat /data/projects/radar_tinder/dataconnect: no such file or directory\nE0214 05:53:18.901889  156899 watch.go:40] Failed to load config from \"/data/projects/radar_tinder/dataconnect\": could not find dataconnect.yaml in `/data/projects/radar_tinder/dataconnect`\n"}}
[debug] [2026-02-14T13:53:28.911Z] E0214 05:53:28.910760  156899 watch.go:40] Failed to load config from "/data/projects/radar_tinder/dataconnect": could not find dataconnect.yaml in `/data/projects/radar_tinder/dataconnect`
 {"metadata":{"emulator":{"name":"dataconnect"},"message":"E0214 05:53:28.910760  156899 watch.go:40] Failed to load config from \"/data/projects/radar_tinder/dataconnect\": could not find dataconnect.yaml in `/data/projects/radar_tinder/dataconnect`\n"}}
[debug] [2026-02-14T13:53:38.911Z] E0214 05:53:38.910819  156899 watch.go:40] Failed to load config from "/data/projects/radar_tinder/dataconnect": could not find dataconnect.yaml in `/data/projects/radar_tinder/dataconnect`
 {"metadata":{"emulator":{"name":"dataconnect"},"message":"E0214 05:53:38.910819  156899 watch.go:40] Failed to load config from \"/data/projects/radar_tinder/dataconnect\": could not find dataconnect.yaml in `/data/projects/radar_tinder/dataconnect`\n"}}
[debug] [2026-02-14T13:53:48.902Z] E0214 05:53:48.901901  156899 watch.go:40] Failed to load config from "/data/projects/radar_tinder/dataconnect": could not find dataconnect.yaml in `/data/projects/radar_tinder/dataconnect`
 {"metadata":{"emulator":{"name":"dataconnect"},"message":"E0214 05:53:48.901901  156899 watch.go:40] Failed to load config from \"/data/projects/radar_tinder/dataconnect\": could not find dataconnect.yaml in `/data/projects/radar_tinder/dataconnect`\n"}}
[debug] [2026-02-14T13:53:58.902Z] E0214 05:53:58.901886  156899 watch.go:40] Failed to load config from "/data/projects/radar_tinder/dataconnect": could not find dataconnect.yaml in `/data/projects/radar_tinder/dataconnect`
 {"metadata":{"emulator":{"name":"dataconnect"},"message":"E0214 05:53:58.901886  156899 watch.go:40] Failed to load config from \"/data/projects/radar_tinder/dataconnect\": could not find dataconnect.yaml in `/data/projects/radar_tinder/dataconnect`\n"}}
[debug] [2026-02-14T13:54:08.901Z] E0214 05:54:08.901676  156899 watch.go:40] Failed to load config from "/data/projects/radar_tinder/dataconnect": could not find dataconnect.yaml in `/data/projects/radar_tinder/dataconnect`
 {"metadata":{"emulator":{"name":"dataconnect"},"message":"E0214 05:54:08.901676  156899 watch.go:40] Failed to load config from \"/data/projects/radar_tinder/dataconnect\": could not find dataconnect.yaml in `/data/projects/radar_tinder/dataconnect`\n"}}
[debug] [2026-02-14T13:54:18.902Z] E0214 05:54:18.901786  156899 watch.go:116] watchAllDir unable to walk dir `/data/projects/radar_tinder/dataconnect`: lstat /data/projects/radar_tinder/dataconnect: no such file or directory
E0214 05:54:18.901936  156899 watch.go:40] Failed to load config from "/data/projects/radar_tinder/dataconnect": could not find dataconnect.yaml in `/data/projects/radar_tinder/dataconnect`
 {"metadata":{"emulator":{"name":"dataconnect"},"message":"E0214 05:54:18.901786  156899 watch.go:116] watchAllDir unable to walk dir `/data/projects/radar_tinder/dataconnect`: lstat /data/projects/radar_tinder/dataconnect: no such file or directory\nE0214 05:54:18.901936  156899 watch.go:40] Failed to load config from \"/data/projects/radar_tinder/dataconnect\": could not find dataconnect.yaml in `/data/projects/radar_tinder/dataconnect`\n"}}
[debug] [2026-02-14T13:54:28.911Z] E0214 05:54:28.911035  156899 watch.go:40] Failed to load config from "/data/projects/radar_tinder/dataconnect": could not find dataconnect.yaml in `/data/projects/radar_tinder/dataconnect`
 {"metadata":{"emulator":{"name":"dataconnect"},"message":"E0214 05:54:28.911035  156899 watch.go:40] Failed to load config from \"/data/projects/radar_tinder/dataconnect\": could not find dataconnect.yaml in `/data/projects/radar_tinder/dataconnect`\n"}}
[debug] [2026-02-14T13:54:38.911Z] E0214 05:54:38.911077  156899 watch.go:40] Failed to load config from "/data/projects/radar_tinder/dataconnect": could not find dataconnect.yaml in `/data/projects/radar_tinder/dataconnect`
 {"metadata":{"emulator":{"name":"dataconnect"},"message":"E0214 05:54:38.911077  156899 watch.go:40] Failed to load config from \"/data/projects/radar_tinder/dataconnect\": could not find dataconnect.yaml in `/data/projects/radar_tinder/dataconnect`\n"}}
[debug] [2026-02-14T13:54:48.902Z] E0214 05:54:48.901791  156899 watch.go:40] Failed to load config from "/data/projects/radar_tinder/dataconnect": could not find dataconnect.yaml in `/data/projects/radar_tinder/dataconnect`
 {"metadata":{"emulator":{"name":"dataconnect"},"message":"E0214 05:54:48.901791  156899 watch.go:40] Failed to load config from \"/data/projects/radar_tinder/dataconnect\": could not find dataconnect.yaml in `/data/projects/radar_tinder/dataconnect`\n"}}
[debug] [2026-02-14T13:54:58.910Z] E0214 05:54:58.910716  156899 watch.go:40] Failed to load config from "/data/projects/radar_tinder/dataconnect": could not find dataconnect.yaml in `/data/projects/radar_tinder/dataconnect`
 {"metadata":{"emulator":{"name":"dataconnect"},"message":"E0214 05:54:58.910716  156899 watch.go:40] Failed to load config from \"/data/projects/radar_tinder/dataconnect\": could not find dataconnect.yaml in `/data/projects/radar_tinder/dataconnect`\n"}}
[debug] [2026-02-14T13:55:08.910Z] E0214 05:55:08.910744  156899 watch.go:40] Failed to load config from "/data/projects/radar_tinder/dataconnect": could not find dataconnect.yaml in `/data/projects/radar_tinder/dataconnect`
 {"metadata":{"emulator":{"name":"dataconnect"},"message":"E0214 05:55:08.910744  156899 watch.go:40] Failed to load config from \"/data/projects/radar_tinder/dataconnect\": could not find dataconnect.yaml in `/data/projects/radar_tinder/dataconnect`\n"}}
[debug] [2026-02-14T13:55:18.902Z] E0214 05:55:18.901747  156899 watch.go:116] watchAllDir unable to walk dir `/data/projects/radar_tinder/dataconnect`: lstat /data/projects/radar_tinder/dataconnect: no such file or directory
E0214 05:55:18.901797  156899 watch.go:40] Failed to load config from "/data/projects/radar_tinder/dataconnect": could not find dataconnect.yaml in `/data/projects/radar_tinder/dataconnect`
 {"metadata":{"emulator":{"name":"dataconnect"},"message":"E0214 05:55:18.901747  156899 watch.go:116] watchAllDir unable to walk dir `/data/projects/radar_tinder/dataconnect`: lstat /data/projects/radar_tinder/dataconnect: no such file or directory\nE0214 05:55:18.901797  156899 watch.go:40] Failed to load config from \"/data/projects/radar_tinder/dataconnect\": could not find dataconnect.yaml in `/data/projects/radar_tinder/dataconnect`\n"}}
[debug] [2026-02-14T13:55:28.911Z] E0214 05:55:28.910781  156899 watch.go:40] Failed to load config from "/data/projects/radar_tinder/dataconnect": could not find dataconnect.yaml in `/data/projects/radar_tinder/dataconnect`
 {"metadata":{"emulator":{"name":"dataconnect"},"message":"E0214 05:55:28.910781  156899 watch.go:40] Failed to load config from \"/data/projects/radar_tinder/dataconnect\": could not find dataconnect.yaml in `/data/projects/radar_tinder/dataconnect`\n"}}
[debug] [2026-02-14T13:55:38.910Z] E0214 05:55:38.910732  156899 watch.go:40] Failed to load config from "/data/projects/radar_tinder/dataconnect": could not find dataconnect.yaml in `/data/projects/radar_tinder/dataconnect`
 {"metadata":{"emulator":{"name":"dataconnect"},"message":"E0214 05:55:38.910732  156899 watch.go:40] Failed to load config from \"/data/projects/radar_tinder/dataconnect\": could not find dataconnect.yaml in `/data/projects/radar_tinder/dataconnect`\n"}}
[debug] [2026-02-14T13:55:48.902Z] E0214 05:55:48.901935  156899 watch.go:40] Failed to load config from "/data/projects/radar_tinder/dataconnect": could not find dataconnect.yaml in `/data/projects/radar_tinder/dataconnect`
 {"metadata":{"emulator":{"name":"dataconnect"},"message":"E0214 05:55:48.901935  156899 watch.go:40] Failed to load config from \"/data/projects/radar_tinder/dataconnect\": could not find dataconnect.yaml in `/data/projects/radar_tinder/dataconnect`\n"}}
[debug] [2026-02-14T13:55:58.908Z] E0214 05:55:58.908343  156899 watch.go:40] Failed to load config from "/data/projects/radar_tinder/dataconnect": could not find dataconnect.yaml in `/data/projects/radar_tinder/dataconnect`
 {"metadata":{"emulator":{"name":"dataconnect"},"message":"E0214 05:55:58.908343  156899 watch.go:40] Failed to load config from \"/data/projects/radar_tinder/dataconnect\": could not find dataconnect.yaml in `/data/projects/radar_tinder/dataconnect`\n"}}
[debug] [2026-02-14T13:56:08.902Z] E0214 05:56:08.901988  156899 watch.go:40] Failed to load config from "/data/projects/radar_tinder/dataconnect": could not find dataconnect.yaml in `/data/projects/radar_tinder/dataconnect`
 {"metadata":{"emulator":{"name":"dataconnect"},"message":"E0214 05:56:08.901988  156899 watch.go:40] Failed to load config from \"/data/projects/radar_tinder/dataconnect\": could not find dataconnect.yaml in `/data/projects/radar_tinder/dataconnect`\n"}}
[debug] [2026-02-14T13:56:18.902Z] E0214 05:56:18.901707  156899 watch.go:116] watchAllDir unable to walk dir `/data/projects/radar_tinder/dataconnect`: lstat /data/projects/radar_tinder/dataconnect: no such file or directory
E0214 05:56:18.901797  156899 watch.go:40] Failed to load config from "/data/projects/radar_tinder/dataconnect": could not find dataconnect.yaml in `/data/projects/radar_tinder/dataconnect`
 {"metadata":{"emulator":{"name":"dataconnect"},"message":"E0214 05:56:18.901707  156899 watch.go:116] watchAllDir unable to walk dir `/data/projects/radar_tinder/dataconnect`: lstat /data/projects/radar_tinder/dataconnect: no such file or directory\nE0214 05:56:18.901797  156899 watch.go:40] Failed to load config from \"/data/projects/radar_tinder/dataconnect\": could not find dataconnect.yaml in `/data/projects/radar_tinder/dataconnect`\n"}}
[debug] [2026-02-14T13:56:28.910Z] E0214 05:56:28.909848  156899 watch.go:40] Failed to load config from "/data/projects/radar_tinder/dataconnect": could not find dataconnect.yaml in `/data/projects/radar_tinder/dataconnect`
 {"metadata":{"emulator":{"name":"dataconnect"},"message":"E0214 05:56:28.909848  156899 watch.go:40] Failed to load config from \"/data/projects/radar_tinder/dataconnect\": could not find dataconnect.yaml in `/data/projects/radar_tinder/dataconnect`\n"}}
[debug] [2026-02-14T13:56:38.911Z] E0214 05:56:38.910726  156899 watch.go:40] Failed to load config from "/data/projects/radar_tinder/dataconnect": could not find dataconnect.yaml in `/data/projects/radar_tinder/dataconnect`
 {"metadata":{"emulator":{"name":"dataconnect"},"message":"E0214 05:56:38.910726  156899 watch.go:40] Failed to load config from \"/data/projects/radar_tinder/dataconnect\": could not find dataconnect.yaml in `/data/projects/radar_tinder/dataconnect`\n"}}
[debug] [2026-02-14T13:56:48.902Z] E0214 05:56:48.901807  156899 watch.go:40] Failed to load config from "/data/projects/radar_tinder/dataconnect": could not find dataconnect.yaml in `/data/projects/radar_tinder/dataconnect`
 {"metadata":{"emulator":{"name":"dataconnect"},"message":"E0214 05:56:48.901807  156899 watch.go:40] Failed to load config from \"/data/projects/radar_tinder/dataconnect\": could not find dataconnect.yaml in `/data/projects/radar_tinder/dataconnect`\n"}}
[debug] [2026-02-14T13:56:58.910Z] E0214 05:56:58.910756  156899 watch.go:40] Failed to load config from "/data/projects/radar_tinder/dataconnect": could not find dataconnect.yaml in `/data/projects/radar_tinder/dataconnect`
 {"metadata":{"emulator":{"name":"dataconnect"},"message":"E0214 05:56:58.910756  156899 watch.go:40] Failed to load config from \"/data/projects/radar_tinder/dataconnect\": could not find dataconnect.yaml in `/data/projects/radar_tinder/dataconnect`\n"}}
[debug] [2026-02-14T13:57:08.911Z] E0214 05:57:08.910732  156899 watch.go:40] Failed to load config from "/data/projects/radar_tinder/dataconnect": could not find dataconnect.yaml in `/data/projects/radar_tinder/dataconnect`
 {"metadata":{"emulator":{"name":"dataconnect"},"message":"E0214 05:57:08.910732  156899 watch.go:40] Failed to load config from \"/data/projects/radar_tinder/dataconnect\": could not find dataconnect.yaml in `/data/projects/radar_tinder/dataconnect`\n"}}
[debug] [2026-02-14T13:57:18.902Z] E0214 05:57:18.901775  156899 watch.go:116] watchAllDir unable to walk dir `/data/projects/radar_tinder/dataconnect`: lstat /data/projects/radar_tinder/dataconnect: no such file or directory
E0214 05:57:18.901868  156899 watch.go:40] Failed to load config from "/data/projects/radar_tinder/dataconnect": could not find dataconnect.yaml in `/data/projects/radar_tinder/dataconnect`
 {"metadata":{"emulator":{"name":"dataconnect"},"message":"E0214 05:57:18.901775  156899 watch.go:116] watchAllDir unable to walk dir `/data/projects/radar_tinder/dataconnect`: lstat /data/projects/radar_tinder/dataconnect: no such file or directory\nE0214 05:57:18.901868  156899 watch.go:40] Failed to load config from \"/data/projects/radar_tinder/dataconnect\": could not find dataconnect.yaml in `/data/projects/radar_tinder/dataconnect`\n"}}
[debug] [2026-02-14T13:57:28.911Z] E0214 05:57:28.910729  156899 watch.go:40] Failed to load config from "/data/projects/radar_tinder/dataconnect": could not find dataconnect.yaml in `/data/projects/radar_tinder/dataconnect`
 {"metadata":{"emulator":{"name":"dataconnect"},"message":"E0214 05:57:28.910729  156899 watch.go:40] Failed to load config from \"/data/projects/radar_tinder/dataconnect\": could not find dataconnect.yaml in `/data/projects/radar_tinder/dataconnect`\n"}}
[debug] [2026-02-14T13:57:38.910Z] E0214 05:57:38.910720  156899 watch.go:40] Failed to load config from "/data/projects/radar_tinder/dataconnect": could not find dataconnect.yaml in `/data/projects/radar_tinder/dataconnect`
 {"metadata":{"emulator":{"name":"dataconnect"},"message":"E0214 05:57:38.910720  156899 watch.go:40] Failed to load config from \"/data/projects/radar_tinder/dataconnect\": could not find dataconnect.yaml in `/data/projects/radar_tinder/dataconnect`\n"}}
[debug] [2026-02-14T13:57:48.902Z] E0214 05:57:48.901778  156899 watch.go:40] Failed to load config from "/data/projects/radar_tinder/dataconnect": could not find dataconnect.yaml in `/data/projects/radar_tinder/dataconnect`
 {"metadata":{"emulator":{"name":"dataconnect"},"message":"E0214 05:57:48.901778  156899 watch.go:40] Failed to load config from \"/data/projects/radar_tinder/dataconnect\": could not find dataconnect.yaml in `/data/projects/radar_tinder/dataconnect`\n"}}
[debug] [2026-02-14T13:57:58.924Z] E0214 05:57:58.910934  156899 watch.go:40] Failed to load config from "/data/projects/radar_tinder/dataconnect": could not find dataconnect.yaml in `/data/projects/radar_tinder/dataconnect`
 {"metadata":{"emulator":{"name":"dataconnect"},"message":"E0214 05:57:58.910934  156899 watch.go:40] Failed to load config from \"/data/projects/radar_tinder/dataconnect\": could not find dataconnect.yaml in `/data/projects/radar_tinder/dataconnect`\n"}}
[debug] [2026-02-14T13:58:08.911Z] E0214 05:58:08.910766  156899 watch.go:40] Failed to load config from "/data/projects/radar_tinder/dataconnect": could not find dataconnect.yaml in `/data/projects/radar_tinder/dataconnect`
 {"metadata":{"emulator":{"name":"dataconnect"},"message":"E0214 05:58:08.910766  156899 watch.go:40] Failed to load config from \"/data/projects/radar_tinder/dataconnect\": could not find dataconnect.yaml in `/data/projects/radar_tinder/dataconnect`\n"}}
[debug] [2026-02-14T13:58:18.902Z] E0214 05:58:18.901809  156899 watch.go:116] watchAllDir unable to walk dir `/data/projects/radar_tinder/dataconnect`: lstat /data/projects/radar_tinder/dataconnect: no such file or directory
E0214 05:58:18.901890  156899 watch.go:40] Failed to load config from "/data/projects/radar_tinder/dataconnect": could not find dataconnect.yaml in `/data/projects/radar_tinder/dataconnect`
 {"metadata":{"emulator":{"name":"dataconnect"},"message":"E0214 05:58:18.901809  156899 watch.go:116] watchAllDir unable to walk dir `/data/projects/radar_tinder/dataconnect`: lstat /data/projects/radar_tinder/dataconnect: no such file or directory\nE0214 05:58:18.901890  156899 watch.go:40] Failed to load config from \"/data/projects/radar_tinder/dataconnect\": could not find dataconnect.yaml in `/data/projects/radar_tinder/dataconnect`\n"}}
[debug] [2026-02-14T13:58:28.901Z] E0214 05:58:28.901688  156899 watch.go:40] Failed to load config from "/data/projects/radar_tinder/dataconnect": could not find dataconnect.yaml in `/data/projects/radar_tinder/dataconnect`
 {"metadata":{"emulator":{"name":"dataconnect"},"message":"E0214 05:58:28.901688  156899 watch.go:40] Failed to load config from \"/data/projects/radar_tinder/dataconnect\": could not find dataconnect.yaml in `/data/projects/radar_tinder/dataconnect`\n"}}
[debug] [2026-02-14T13:58:38.911Z] E0214 05:58:38.910750  156899 watch.go:40] Failed to load config from "/data/projects/radar_tinder/dataconnect": could not find dataconnect.yaml in `/data/projects/radar_tinder/dataconnect`
 {"metadata":{"emulator":{"name":"dataconnect"},"message":"E0214 05:58:38.910750  156899 watch.go:40] Failed to load config from \"/data/projects/radar_tinder/dataconnect\": could not find dataconnect.yaml in `/data/projects/radar_tinder/dataconnect`\n"}}
[debug] [2026-02-14T13:58:48.901Z] E0214 05:58:48.901739  156899 watch.go:40] Failed to load config from "/data/projects/radar_tinder/dataconnect": could not find dataconnect.yaml in `/data/projects/radar_tinder/dataconnect`
 {"metadata":{"emulator":{"name":"dataconnect"},"message":"E0214 05:58:48.901739  156899 watch.go:40] Failed to load config from \"/data/projects/radar_tinder/dataconnect\": could not find dataconnect.yaml in `/data/projects/radar_tinder/dataconnect`\n"}}
[debug] [2026-02-14T13:58:58.905Z] E0214 05:58:58.905242  156899 watch.go:40] Failed to load config from "/data/projects/radar_tinder/dataconnect": could not find dataconnect.yaml in `/data/projects/radar_tinder/dataconnect`
 {"metadata":{"emulator":{"name":"dataconnect"},"message":"E0214 05:58:58.905242  156899 watch.go:40] Failed to load config from \"/data/projects/radar_tinder/dataconnect\": could not find dataconnect.yaml in `/data/projects/radar_tinder/dataconnect`\n"}}
[debug] [2026-02-14T13:59:08.906Z] E0214 05:59:08.905712  156899 watch.go:40] Failed to load config from "/data/projects/radar_tinder/dataconnect": could not find dataconnect.yaml in `/data/projects/radar_tinder/dataconnect`
 {"metadata":{"emulator":{"name":"dataconnect"},"message":"E0214 05:59:08.905712  156899 watch.go:40] Failed to load config from \"/data/projects/radar_tinder/dataconnect\": could not find dataconnect.yaml in `/data/projects/radar_tinder/dataconnect`\n"}}
[debug] [2026-02-14T13:59:18.902Z] E0214 05:59:18.901766  156899 watch.go:116] watchAllDir unable to walk dir `/data/projects/radar_tinder/dataconnect`: lstat /data/projects/radar_tinder/dataconnect: no such file or directory
E0214 05:59:18.901868  156899 watch.go:40] Failed to load config from "/data/projects/radar_tinder/dataconnect": could not find dataconnect.yaml in `/data/projects/radar_tinder/dataconnect`
 {"metadata":{"emulator":{"name":"dataconnect"},"message":"E0214 05:59:18.901766  156899 watch.go:116] watchAllDir unable to walk dir `/data/projects/radar_tinder/dataconnect`: lstat /data/projects/radar_tinder/dataconnect: no such file or directory\nE0214 05:59:18.901868  156899 watch.go:40] Failed to load config from \"/data/projects/radar_tinder/dataconnect\": could not find dataconnect.yaml in `/data/projects/radar_tinder/dataconnect`\n"}}
[debug] [2026-02-14T13:59:28.903Z] E0214 05:59:28.903013  156899 watch.go:40] Failed to load config from "/data/projects/radar_tinder/dataconnect": could not find dataconnect.yaml in `/data/projects/radar_tinder/dataconnect`
 {"metadata":{"emulator":{"name":"dataconnect"},"message":"E0214 05:59:28.903013  156899 watch.go:40] Failed to load config from \"/data/projects/radar_tinder/dataconnect\": could not find dataconnect.yaml in `/data/projects/radar_tinder/dataconnect`\n"}}
[debug] [2026-02-14T13:59:38.911Z] E0214 05:59:38.910724  156899 watch.go:40] Failed to load config from "/data/projects/radar_tinder/dataconnect": could not find dataconnect.yaml in `/data/projects/radar_tinder/dataconnect`
 {"metadata":{"emulator":{"name":"dataconnect"},"message":"E0214 05:59:38.910724  156899 watch.go:40] Failed to load config from \"/data/projects/radar_tinder/dataconnect\": could not find dataconnect.yaml in `/data/projects/radar_tinder/dataconnect`\n"}}
[debug] [2026-02-14T13:59:48.901Z] E0214 05:59:48.901685  156899 watch.go:40] Failed to load config from "/data/projects/radar_tinder/dataconnect": could not find dataconnect.yaml in `/data/projects/radar_tinder/dataconnect`
 {"metadata":{"emulator":{"name":"dataconnect"},"message":"E0214 05:59:48.901685  156899 watch.go:40] Failed to load config from \"/data/projects/radar_tinder/dataconnect\": could not find dataconnect.yaml in `/data/projects/radar_tinder/dataconnect`\n"}}
[debug] [2026-02-14T13:59:58.911Z] E0214 05:59:58.910793  156899 watch.go:40] Failed to load config from "/data/projects/radar_tinder/dataconnect": could not find dataconnect.yaml in `/data/projects/radar_tinder/dataconnect`
 {"metadata":{"emulator":{"name":"dataconnect"},"message":"E0214 05:59:58.910793  156899 watch.go:40] Failed to load config from \"/data/projects/radar_tinder/dataconnect\": could not find dataconnect.yaml in `/data/projects/radar_tinder/dataconnect`\n"}}
[debug] [2026-02-14T14:00:08.903Z] E0214 06:00:08.903029  156899 watch.go:40] Failed to load config from "/data/projects/radar_tinder/dataconnect": could not find dataconnect.yaml in `/data/projects/radar_tinder/dataconnect`
 {"metadata":{"emulator":{"name":"dataconnect"},"message":"E0214 06:00:08.903029  156899 watch.go:40] Failed to load config from \"/data/projects/radar_tinder/dataconnect\": could not find dataconnect.yaml in `/data/projects/radar_tinder/dataconnect`\n"}}
[debug] [2026-02-14T14:00:18.901Z] E0214 06:00:18.901690  156899 watch.go:116] watchAllDir unable to walk dir `/data/projects/radar_tinder/dataconnect`: lstat /data/projects/radar_tinder/dataconnect: no such file or directory
E0214 06:00:18.901716  156899 watch.go:40] Failed to load config from "/data/projects/radar_tinder/dataconnect": could not find dataconnect.yaml in `/data/projects/radar_tinder/dataconnect`
 {"metadata":{"emulator":{"name":"dataconnect"},"message":"E0214 06:00:18.901690  156899 watch.go:116] watchAllDir unable to walk dir `/data/projects/radar_tinder/dataconnect`: lstat /data/projects/radar_tinder/dataconnect: no such file or directory\nE0214 06:00:18.901716  156899 watch.go:40] Failed to load config from \"/data/projects/radar_tinder/dataconnect\": could not find dataconnect.yaml in `/data/projects/radar_tinder/dataconnect`\n"}}
[debug] [2026-02-14T14:00:28.902Z] E0214 06:00:28.901880  156899 watch.go:40] Failed to load config from "/data/projects/radar_tinder/dataconnect": could not find dataconnect.yaml in `/data/projects/radar_tinder/dataconnect`
 {"metadata":{"emulator":{"name":"dataconnect"},"message":"E0214 06:00:28.901880  156899 watch.go:40] Failed to load config from \"/data/projects/radar_tinder/dataconnect\": could not find dataconnect.yaml in `/data/projects/radar_tinder/dataconnect`\n"}}
[debug] [2026-02-14T14:00:38.902Z] E0214 06:00:38.901785  156899 watch.go:40] Failed to load config from "/data/projects/radar_tinder/dataconnect": could not find dataconnect.yaml in `/data/projects/radar_tinder/dataconnect`
 {"metadata":{"emulator":{"name":"dataconnect"},"message":"E0214 06:00:38.901785  156899 watch.go:40] Failed to load config from \"/data/projects/radar_tinder/dataconnect\": could not find dataconnect.yaml in `/data/projects/radar_tinder/dataconnect`\n"}}
[debug] [2026-02-14T14:00:48.902Z] E0214 06:00:48.902070  156899 watch.go:40] Failed to load config from "/data/projects/radar_tinder/dataconnect": could not find dataconnect.yaml in `/data/projects/radar_tinder/dataconnect`
 {"metadata":{"emulator":{"name":"dataconnect"},"message":"E0214 06:00:48.902070  156899 watch.go:40] Failed to load config from \"/data/projects/radar_tinder/dataconnect\": could not find dataconnect.yaml in `/data/projects/radar_tinder/dataconnect`\n"}}
[debug] [2026-02-14T14:00:58.911Z] E0214 06:00:58.910775  156899 watch.go:40] Failed to load config from "/data/projects/radar_tinder/dataconnect": could not find dataconnect.yaml in `/data/projects/radar_tinder/dataconnect`
 {"metadata":{"emulator":{"name":"dataconnect"},"message":"E0214 06:00:58.910775  156899 watch.go:40] Failed to load config from \"/data/projects/radar_tinder/dataconnect\": could not find dataconnect.yaml in `/data/projects/radar_tinder/dataconnect`\n"}}
[debug] [2026-02-14T14:01:08.910Z] E0214 06:01:08.910570  156899 watch.go:40] Failed to load config from "/data/projects/radar_tinder/dataconnect": could not find dataconnect.yaml in `/data/projects/radar_tinder/dataconnect`
 {"metadata":{"emulator":{"name":"dataconnect"},"message":"E0214 06:01:08.910570  156899 watch.go:40] Failed to load config from \"/data/projects/radar_tinder/dataconnect\": could not find dataconnect.yaml in `/data/projects/radar_tinder/dataconnect`\n"}}
[debug] [2026-02-14T14:01:18.920Z] E0214 06:01:18.902626  156899 watch.go:116] watchAllDir unable to walk dir `/data/projects/radar_tinder/dataconnect`: lstat /data/projects/radar_tinder/dataconnect: no such file or directory
E0214 06:01:18.902752  156899 watch.go:40] Failed to load config from "/data/projects/radar_tinder/dataconnect": could not find dataconnect.yaml in `/data/projects/radar_tinder/dataconnect`
 {"metadata":{"emulator":{"name":"dataconnect"},"message":"E0214 06:01:18.902626  156899 watch.go:116] watchAllDir unable to walk dir `/data/projects/radar_tinder/dataconnect`: lstat /data/projects/radar_tinder/dataconnect: no such file or directory\nE0214 06:01:18.902752  156899 watch.go:40] Failed to load config from \"/data/projects/radar_tinder/dataconnect\": could not find dataconnect.yaml in `/data/projects/radar_tinder/dataconnect`\n"}}
[debug] [2026-02-14T14:01:28.905Z] E0214 06:01:28.905478  156899 watch.go:40] Failed to load config from "/data/projects/radar_tinder/dataconnect": could not find dataconnect.yaml in `/data/projects/radar_tinder/dataconnect`
 {"metadata":{"emulator":{"name":"dataconnect"},"message":"E0214 06:01:28.905478  156899 watch.go:40] Failed to load config from \"/data/projects/radar_tinder/dataconnect\": could not find dataconnect.yaml in `/data/projects/radar_tinder/dataconnect`\n"}}
[debug] [2026-02-14T14:01:38.905Z] E0214 06:01:38.904769  156899 watch.go:40] Failed to load config from "/data/projects/radar_tinder/dataconnect": could not find dataconnect.yaml in `/data/projects/radar_tinder/dataconnect`
 {"metadata":{"emulator":{"name":"dataconnect"},"message":"E0214 06:01:38.904769  156899 watch.go:40] Failed to load config from \"/data/projects/radar_tinder/dataconnect\": could not find dataconnect.yaml in `/data/projects/radar_tinder/dataconnect`\n"}}
[debug] [2026-02-14T14:01:48.902Z] E0214 06:01:48.902100  156899 watch.go:40] Failed to load config from "/data/projects/radar_tinder/dataconnect": could not find dataconnect.yaml in `/data/projects/radar_tinder/dataconnect`
 {"metadata":{"emulator":{"name":"dataconnect"},"message":"E0214 06:01:48.902100  156899 watch.go:40] Failed to load config from \"/data/projects/radar_tinder/dataconnect\": could not find dataconnect.yaml in `/data/projects/radar_tinder/dataconnect`\n"}}
[debug] [2026-02-14T14:01:58.908Z] E0214 06:01:58.908252  156899 watch.go:40] Failed to load config from "/data/projects/radar_tinder/dataconnect": could not find dataconnect.yaml in `/data/projects/radar_tinder/dataconnect`
 {"metadata":{"emulator":{"name":"dataconnect"},"message":"E0214 06:01:58.908252  156899 watch.go:40] Failed to load config from \"/data/projects/radar_tinder/dataconnect\": could not find dataconnect.yaml in `/data/projects/radar_tinder/dataconnect`\n"}}
[debug] [2026-02-14T14:02:08.911Z] E0214 06:02:08.910917  156899 watch.go:40] Failed to load config from "/data/projects/radar_tinder/dataconnect": could not find dataconnect.yaml in `/data/projects/radar_tinder/dataconnect`
 {"metadata":{"emulator":{"name":"dataconnect"},"message":"E0214 06:02:08.910917  156899 watch.go:40] Failed to load config from \"/data/projects/radar_tinder/dataconnect\": could not find dataconnect.yaml in `/data/projects/radar_tinder/dataconnect`\n"}}
[debug] [2026-02-14T14:02:18.902Z] E0214 06:02:18.901770  156899 watch.go:116] watchAllDir unable to walk dir `/data/projects/radar_tinder/dataconnect`: lstat /data/projects/radar_tinder/dataconnect: no such file or directory
E0214 06:02:18.901853  156899 watch.go:40] Failed to load config from "/data/projects/radar_tinder/dataconnect": could not find dataconnect.yaml in `/data/projects/radar_tinder/dataconnect`
 {"metadata":{"emulator":{"name":"dataconnect"},"message":"E0214 06:02:18.901770  156899 watch.go:116] watchAllDir unable to walk dir `/data/projects/radar_tinder/dataconnect`: lstat /data/projects/radar_tinder/dataconnect: no such file or directory\nE0214 06:02:18.901853  156899 watch.go:40] Failed to load config from \"/data/projects/radar_tinder/dataconnect\": could not find dataconnect.yaml in `/data/projects/radar_tinder/dataconnect`\n"}}
[debug] [2026-02-14T14:02:28.906Z] E0214 06:02:28.905776  156899 watch.go:40] Failed to load config from "/data/projects/radar_tinder/dataconnect": could not find dataconnect.yaml in `/data/projects/radar_tinder/dataconnect`
 {"metadata":{"emulator":{"name":"dataconnect"},"message":"E0214 06:02:28.905776  156899 watch.go:40] Failed to load config from \"/data/projects/radar_tinder/dataconnect\": could not find dataconnect.yaml in `/data/projects/radar_tinder/dataconnect`\n"}}
[debug] [2026-02-14T14:02:38.902Z] E0214 06:02:38.902294  156899 watch.go:40] Failed to load config from "/data/projects/radar_tinder/dataconnect": could not find dataconnect.yaml in `/data/projects/radar_tinder/dataconnect`
 {"metadata":{"emulator":{"name":"dataconnect"},"message":"E0214 06:02:38.902294  156899 watch.go:40] Failed to load config from \"/data/projects/radar_tinder/dataconnect\": could not find dataconnect.yaml in `/data/projects/radar_tinder/dataconnect`\n"}}
[debug] [2026-02-14T14:02:48.902Z] E0214 06:02:48.901782  156899 watch.go:40] Failed to load config from "/data/projects/radar_tinder/dataconnect": could not find dataconnect.yaml in `/data/projects/radar_tinder/dataconnect`
 {"metadata":{"emulator":{"name":"dataconnect"},"message":"E0214 06:02:48.901782  156899 watch.go:40] Failed to load config from \"/data/projects/radar_tinder/dataconnect\": could not find dataconnect.yaml in `/data/projects/radar_tinder/dataconnect`\n"}}
[debug] [2026-02-14T14:02:58.911Z] E0214 06:02:58.910899  156899 watch.go:40] Failed to load config from "/data/projects/radar_tinder/dataconnect": could not find dataconnect.yaml in `/data/projects/radar_tinder/dataconnect`
 {"metadata":{"emulator":{"name":"dataconnect"},"message":"E0214 06:02:58.910899  156899 watch.go:40] Failed to load config from \"/data/projects/radar_tinder/dataconnect\": could not find dataconnect.yaml in `/data/projects/radar_tinder/dataconnect`\n"}}
[debug] [2026-02-14T14:03:08.911Z] E0214 06:03:08.911154  156899 watch.go:40] Failed to load config from "/data/projects/radar_tinder/dataconnect": could not find dataconnect.yaml in `/data/projects/radar_tinder/dataconnect`
 {"metadata":{"emulator":{"name":"dataconnect"},"message":"E0214 06:03:08.911154  156899 watch.go:40] Failed to load config from \"/data/projects/radar_tinder/dataconnect\": could not find dataconnect.yaml in `/data/projects/radar_tinder/dataconnect`\n"}}
[debug] [2026-02-14T14:03:18.902Z] E0214 06:03:18.902530  156899 watch.go:116] watchAllDir unable to walk dir `/data/projects/radar_tinder/dataconnect`: lstat /data/projects/radar_tinder/dataconnect: no such file or directory
E0214 06:03:18.902735  156899 watch.go:40] Failed to load config from "/data/projects/radar_tinder/dataconnect": could not find dataconnect.yaml in `/data/projects/radar_tinder/dataconnect`
 {"metadata":{"emulator":{"name":"dataconnect"},"message":"E0214 06:03:18.902530  156899 watch.go:116] watchAllDir unable to walk dir `/data/projects/radar_tinder/dataconnect`: lstat /data/projects/radar_tinder/dataconnect: no such file or directory\nE0214 06:03:18.902735  156899 watch.go:40] Failed to load config from \"/data/projects/radar_tinder/dataconnect\": could not find dataconnect.yaml in `/data/projects/radar_tinder/dataconnect`\n"}}
[debug] [2026-02-14T14:03:28.902Z] E0214 06:03:28.901695  156899 watch.go:40] Failed to load config from "/data/projects/radar_tinder/dataconnect": could not find dataconnect.yaml in `/data/projects/radar_tinder/dataconnect`
 {"metadata":{"emulator":{"name":"dataconnect"},"message":"E0214 06:03:28.901695  156899 watch.go:40] Failed to load config from \"/data/projects/radar_tinder/dataconnect\": could not find dataconnect.yaml in `/data/projects/radar_tinder/dataconnect`\n"}}
[debug] [2026-02-14T14:03:38.903Z] E0214 06:03:38.903217  156899 watch.go:40] Failed to load config from "/data/projects/radar_tinder/dataconnect": could not find dataconnect.yaml in `/data/projects/radar_tinder/dataconnect`
 {"metadata":{"emulator":{"name":"dataconnect"},"message":"E0214 06:03:38.903217  156899 watch.go:40] Failed to load config from \"/data/projects/radar_tinder/dataconnect\": could not find dataconnect.yaml in `/data/projects/radar_tinder/dataconnect`\n"}}
[debug] [2026-02-14T14:03:48.902Z] E0214 06:03:48.902570  156899 watch.go:40] Failed to load config from "/data/projects/radar_tinder/dataconnect": could not find dataconnect.yaml in `/data/projects/radar_tinder/dataconnect`
 {"metadata":{"emulator":{"name":"dataconnect"},"message":"E0214 06:03:48.902570  156899 watch.go:40] Failed to load config from \"/data/projects/radar_tinder/dataconnect\": could not find dataconnect.yaml in `/data/projects/radar_tinder/dataconnect`\n"}}
[debug] [2026-02-14T14:03:58.906Z] E0214 06:03:58.905765  156899 watch.go:40] Failed to load config from "/data/projects/radar_tinder/dataconnect": could not find dataconnect.yaml in `/data/projects/radar_tinder/dataconnect`
 {"metadata":{"emulator":{"name":"dataconnect"},"message":"E0214 06:03:58.905765  156899 watch.go:40] Failed to load config from \"/data/projects/radar_tinder/dataconnect\": could not find dataconnect.yaml in `/data/projects/radar_tinder/dataconnect`\n"}}
[debug] [2026-02-14T14:04:08.911Z] E0214 06:04:08.910813  156899 watch.go:40] Failed to load config from "/data/projects/radar_tinder/dataconnect": could not find dataconnect.yaml in `/data/projects/radar_tinder/dataconnect`
 {"metadata":{"emulator":{"name":"dataconnect"},"message":"E0214 06:04:08.910813  156899 watch.go:40] Failed to load config from \"/data/projects/radar_tinder/dataconnect\": could not find dataconnect.yaml in `/data/projects/radar_tinder/dataconnect`\n"}}
[debug] [2026-02-14T14:04:18.902Z] E0214 06:04:18.901980  156899 watch.go:116] watchAllDir unable to walk dir `/data/projects/radar_tinder/dataconnect`: lstat /data/projects/radar_tinder/dataconnect: no such file or directory
E0214 06:04:18.902068  156899 watch.go:40] Failed to load config from "/data/projects/radar_tinder/dataconnect": could not find dataconnect.yaml in `/data/projects/radar_tinder/dataconnect`
 {"metadata":{"emulator":{"name":"dataconnect"},"message":"E0214 06:04:18.901980  156899 watch.go:116] watchAllDir unable to walk dir `/data/projects/radar_tinder/dataconnect`: lstat /data/projects/radar_tinder/dataconnect: no such file or directory\nE0214 06:04:18.902068  156899 watch.go:40] Failed to load config from \"/data/projects/radar_tinder/dataconnect\": could not find dataconnect.yaml in `/data/projects/radar_tinder/dataconnect`\n"}}
[debug] [2026-02-14T14:04:28.911Z] E0214 06:04:28.911219  156899 watch.go:40] Failed to load config from "/data/projects/radar_tinder/dataconnect": could not find dataconnect.yaml in `/data/projects/radar_tinder/dataconnect`
 {"metadata":{"emulator":{"name":"dataconnect"},"message":"E0214 06:04:28.911219  156899 watch.go:40] Failed to load config from \"/data/projects/radar_tinder/dataconnect\": could not find dataconnect.yaml in `/data/projects/radar_tinder/dataconnect`\n"}}
[debug] [2026-02-14T14:04:39.018Z] E0214 06:04:38.910778  156899 watch.go:40] Failed to load config from "/data/projects/radar_tinder/dataconnect": could not find dataconnect.yaml in `/data/projects/radar_tinder/dataconnect`
 {"metadata":{"emulator":{"name":"dataconnect"},"message":"E0214 06:04:38.910778  156899 watch.go:40] Failed to load config from \"/data/projects/radar_tinder/dataconnect\": could not find dataconnect.yaml in `/data/projects/radar_tinder/dataconnect`\n"}}
[debug] [2026-02-14T14:04:48.902Z] E0214 06:04:48.901746  156899 watch.go:40] Failed to load config from "/data/projects/radar_tinder/dataconnect": could not find dataconnect.yaml in `/data/projects/radar_tinder/dataconnect`
 {"metadata":{"emulator":{"name":"dataconnect"},"message":"E0214 06:04:48.901746  156899 watch.go:40] Failed to load config from \"/data/projects/radar_tinder/dataconnect\": could not find dataconnect.yaml in `/data/projects/radar_tinder/dataconnect`\n"}}
[debug] [2026-02-14T14:04:58.901Z] E0214 06:04:58.901679  156899 watch.go:40] Failed to load config from "/data/projects/radar_tinder/dataconnect": could not find dataconnect.yaml in `/data/projects/radar_tinder/dataconnect`
 {"metadata":{"emulator":{"name":"dataconnect"},"message":"E0214 06:04:58.901679  156899 watch.go:40] Failed to load config from \"/data/projects/radar_tinder/dataconnect\": could not find dataconnect.yaml in `/data/projects/radar_tinder/dataconnect`\n"}}
[debug] [2026-02-14T14:05:08.911Z] E0214 06:05:08.910728  156899 watch.go:40] Failed to load config from "/data/projects/radar_tinder/dataconnect": could not find dataconnect.yaml in `/data/projects/radar_tinder/dataconnect`
 {"metadata":{"emulator":{"name":"dataconnect"},"message":"E0214 06:05:08.910728  156899 watch.go:40] Failed to load config from \"/data/projects/radar_tinder/dataconnect\": could not find dataconnect.yaml in `/data/projects/radar_tinder/dataconnect`\n"}}
[debug] [2026-02-14T14:05:18.901Z] E0214 06:05:18.901764  156899 watch.go:40] Failed to load config from "/data/projects/radar_tinder/dataconnect": could not find dataconnect.yaml in `/data/projects/radar_tinder/dataconnect`
E0214 06:05:18.901729  156899 watch.go:116] watchAllDir unable to walk dir `/data/projects/radar_tinder/dataconnect`: lstat /data/projects/radar_tinder/dataconnect: no such file or directory
 {"metadata":{"emulator":{"name":"dataconnect"},"message":"E0214 06:05:18.901764  156899 watch.go:40] Failed to load config from \"/data/projects/radar_tinder/dataconnect\": could not find dataconnect.yaml in `/data/projects/radar_tinder/dataconnect`\nE0214 06:05:18.901729  156899 watch.go:116] watchAllDir unable to walk dir `/data/projects/radar_tinder/dataconnect`: lstat /data/projects/radar_tinder/dataconnect: no such file or directory\n"}}
[debug] [2026-02-14T14:05:28.917Z] E0214 06:05:28.910754  156899 watch.go:40] Failed to load config from "/data/projects/radar_tinder/dataconnect": could not find dataconnect.yaml in `/data/projects/radar_tinder/dataconnect`
 {"metadata":{"emulator":{"name":"dataconnect"},"message":"E0214 06:05:28.910754  156899 watch.go:40] Failed to load config from \"/data/projects/radar_tinder/dataconnect\": could not find dataconnect.yaml in `/data/projects/radar_tinder/dataconnect`\n"}}
[debug] [2026-02-14T14:05:38.911Z] E0214 06:05:38.910760  156899 watch.go:40] Failed to load config from "/data/projects/radar_tinder/dataconnect": could not find dataconnect.yaml in `/data/projects/radar_tinder/dataconnect`
 {"metadata":{"emulator":{"name":"dataconnect"},"message":"E0214 06:05:38.910760  156899 watch.go:40] Failed to load config from \"/data/projects/radar_tinder/dataconnect\": could not find dataconnect.yaml in `/data/projects/radar_tinder/dataconnect`\n"}}
[debug] [2026-02-14T14:05:48.902Z] E0214 06:05:48.902566  156899 watch.go:40] Failed to load config from "/data/projects/radar_tinder/dataconnect": could not find dataconnect.yaml in `/data/projects/radar_tinder/dataconnect`
 {"metadata":{"emulator":{"name":"dataconnect"},"message":"E0214 06:05:48.902566  156899 watch.go:40] Failed to load config from \"/data/projects/radar_tinder/dataconnect\": could not find dataconnect.yaml in `/data/projects/radar_tinder/dataconnect`\n"}}
[debug] [2026-02-14T14:05:58.906Z] E0214 06:05:58.906411  156899 watch.go:40] Failed to load config from "/data/projects/radar_tinder/dataconnect": could not find dataconnect.yaml in `/data/projects/radar_tinder/dataconnect`
 {"metadata":{"emulator":{"name":"dataconnect"},"message":"E0214 06:05:58.906411  156899 watch.go:40] Failed to load config from \"/data/projects/radar_tinder/dataconnect\": could not find dataconnect.yaml in `/data/projects/radar_tinder/dataconnect`\n"}}
[debug] [2026-02-14T14:06:08.903Z] E0214 06:06:08.902871  156899 watch.go:40] Failed to load config from "/data/projects/radar_tinder/dataconnect": could not find dataconnect.yaml in `/data/projects/radar_tinder/dataconnect`
 {"metadata":{"emulator":{"name":"dataconnect"},"message":"E0214 06:06:08.902871  156899 watch.go:40] Failed to load config from \"/data/projects/radar_tinder/dataconnect\": could not find dataconnect.yaml in `/data/projects/radar_tinder/dataconnect`\n"}}
[info] [Firebase Plugin] Stopping Data Connect toolkit
[debug] [2026-02-14T14:06:42.088Z] [Firebase Plugin] Activating Firebase extension.
[debug] [2026-02-14T14:07:12.456Z] [Firebase Plugin] requireAuthWrapper
[debug] [2026-02-14T14:07:12.457Z] > command requires scopes: ["email","openid","https://www.googleapis.com/auth/cloudplatformprojects.readonly","https://www.googleapis.com/auth/firebase","https://www.googleapis.com/auth/cloud-platform"]
[debug] [2026-02-14T14:07:12.458Z] > authorizing via signed-in user (ahmetsahinersf@gmail.com)
[debug] [2026-02-14T14:07:12.461Z] Checked if tokens are valid: true, expires at: 1771079423918
[debug] [2026-02-14T14:07:12.461Z] Checked if tokens are valid: true, expires at: 1771079423918
[debug] [2026-02-14T14:07:12.461Z] [Firebase Plugin] User found:  ahmetsahinersf@gmail.com
[info] [Firebase Plugin] (Core:Project) New user detected, fetching projects
[debug] [2026-02-14T14:07:12.462Z] Checked if tokens are valid: true, expires at: 1771079423918
[debug] [2026-02-14T14:07:12.464Z] >>> [apiv2][query] GET https://firebase.googleapis.com/v1beta1/projects pageSize=1000
[debug] [2026-02-14T14:07:12.474Z] [Firebase Plugin] VSCode notification server listening on port 40001
[info] [Firebase Plugin] Starting Data Connect toolkit (version 3.1.1) on port 50001
[debug] [2026-02-14T14:07:13.398Z] 'fdc build' failed with error: Unable to build your Data Connect schema and connectors (exit code 1): E0214 06:07:13.397054  219363 cmd.go:43] Error loading data connect config: could not find dataconnect.yaml in `/data/projects/radar_tinder/dataconnect`
 {"metadata":{"emulator":{"name":"dataconnect"},"message":"'fdc build' failed with error: Unable to build your Data Connect schema and connectors (exit code 1): E0214 06:07:13.397054  219363 cmd.go:43] Error loading data connect config: could not find dataconnect.yaml in `/data/projects/radar_tinder/dataconnect`\n"}}
[debug] [2026-02-14T14:07:13.400Z] Ignoring unsupported arg: auto_download {"metadata":{"emulator":{"name":"dataconnect"},"message":"Ignoring unsupported arg: auto_download"}}
[debug] [2026-02-14T14:07:13.401Z] Ignoring unsupported arg: port {"metadata":{"emulator":{"name":"dataconnect"},"message":"Ignoring unsupported arg: port"}}
[debug] [2026-02-14T14:07:13.401Z] Starting Data Connect Emulator with command {"binary":"/home/asahiner/.cache/firebase/emulators/dataconnect-emulator-3.1.1","args":["--logtostderr","-v=2","dev","--listen=localhost:50001","--config_dir=/data/projects/radar_tinder/dataconnect","--enable_output_schema_extensions=true","--enable_output_generated_sdk=true"],"optionalArgs":["listen","config_dir","enable_output_schema_extensions","enable_output_generated_sdk"],"joinArgs":true,"shell":false,"port":9399} {"metadata":{"emulator":{"name":"dataconnect"},"message":"Starting Data Connect Emulator with command {\"binary\":\"/home/asahiner/.cache/firebase/emulators/dataconnect-emulator-3.1.1\",\"args\":[\"--logtostderr\",\"-v=2\",\"dev\",\"--listen=localhost:50001\",\"--config_dir=/data/projects/radar_tinder/dataconnect\",\"--enable_output_schema_extensions=true\",\"--enable_output_generated_sdk=true\"],\"optionalArgs\":[\"listen\",\"config_dir\",\"enable_output_schema_extensions\",\"enable_output_generated_sdk\"],\"joinArgs\":true,\"shell\":false,\"port\":9399}"}}
[info] i  dataconnect: Data Connect Emulator logging to dataconnect-debug.log {"metadata":{"emulator":{"name":"dataconnect"},"message":"Data Connect Emulator logging to dataconnect-debug.log"}}
[debug] [2026-02-14T14:07:13.530Z] E0214 06:07:13.442292  219375 dev.go:83] Failed to load initial config from "/data/projects/radar_tinder/dataconnect": could not find dataconnect.yaml in `/data/projects/radar_tinder/dataconnect`
E0214 06:07:13.442561  219375 watch.go:116] watchAllDir unable to walk dir `/data/projects/radar_tinder/dataconnect`: lstat /data/projects/radar_tinder/dataconnect: no such file or directory
I0214 06:07:13.443772  219375 dev.go:104] Listening on address (HTTP + gRPC): 127.0.0.1:50001
 {"metadata":{"emulator":{"name":"dataconnect"},"message":"E0214 06:07:13.442292  219375 dev.go:83] Failed to load initial config from \"/data/projects/radar_tinder/dataconnect\": could not find dataconnect.yaml in `/data/projects/radar_tinder/dataconnect`\nE0214 06:07:13.442561  219375 watch.go:116] watchAllDir unable to walk dir `/data/projects/radar_tinder/dataconnect`: lstat /data/projects/radar_tinder/dataconnect: no such file or directory\nI0214 06:07:13.443772  219375 dev.go:104] Listening on address (HTTP + gRPC): 127.0.0.1:50001\n"}}
[error] [Firebase Plugin] error:  {"path":"/data/projects/radar_tinder/dataconnect/dataconnect.yaml","error":{"name":"FirebaseError","children":[],"exit":1,"message":"Could not find \"dataconnect.yaml\" in \"/data/projects/radar_tinder/dataconnect\"","original":{"errno":-2,"code":"ENOENT","syscall":"open","path":"/data/projects/radar_tinder/dataconnect/dataconnect.yaml"},"status":500},"range":[{"line":0,"character":0},{"line":0,"character":0}]}
[debug] [2026-02-14T14:07:21.626Z] <<< [apiv2][status] GET https://firebase.googleapis.com/v1beta1/projects 200
[debug] [2026-02-14T14:07:21.626Z] <<< [apiv2][body] GET https://firebase.googleapis.com/v1beta1/projects [omitted]
[debug] [2026-02-14T14:07:23.807Z] E0214 06:07:23.450776  219375 watch.go:40] Failed to load config from "/data/projects/radar_tinder/dataconnect": could not find dataconnect.yaml in `/data/projects/radar_tinder/dataconnect`
 {"metadata":{"emulator":{"name":"dataconnect"},"message":"E0214 06:07:23.450776  219375 watch.go:40] Failed to load config from \"/data/projects/radar_tinder/dataconnect\": could not find dataconnect.yaml in `/data/projects/radar_tinder/dataconnect`\n"}}
[debug] [2026-02-14T14:07:33.452Z] E0214 06:07:33.451803  219375 watch.go:40] Failed to load config from "/data/projects/radar_tinder/dataconnect": could not find dataconnect.yaml in `/data/projects/radar_tinder/dataconnect`
 {"metadata":{"emulator":{"name":"dataconnect"},"message":"E0214 06:07:33.451803  219375 watch.go:40] Failed to load config from \"/data/projects/radar_tinder/dataconnect\": could not find dataconnect.yaml in `/data/projects/radar_tinder/dataconnect`\n"}}
[debug] [2026-02-14T14:07:43.443Z] E0214 06:07:43.443590  219375 watch.go:40] Failed to load config from "/data/projects/radar_tinder/dataconnect": could not find dataconnect.yaml in `/data/projects/radar_tinder/dataconnect`
 {"metadata":{"emulator":{"name":"dataconnect"},"message":"E0214 06:07:43.443590  219375 watch.go:40] Failed to load config from \"/data/projects/radar_tinder/dataconnect\": could not find dataconnect.yaml in `/data/projects/radar_tinder/dataconnect`\n"}}
[debug] [2026-02-14T14:07:53.451Z] E0214 06:07:53.451764  219375 watch.go:40] Failed to load config from "/data/projects/radar_tinder/dataconnect": could not find dataconnect.yaml in `/data/projects/radar_tinder/dataconnect`
 {"metadata":{"emulator":{"name":"dataconnect"},"message":"E0214 06:07:53.451764  219375 watch.go:40] Failed to load config from \"/data/projects/radar_tinder/dataconnect\": could not find dataconnect.yaml in `/data/projects/radar_tinder/dataconnect`\n"}}
[debug] [2026-02-14T14:08:03.452Z] E0214 06:08:03.451750  219375 watch.go:40] Failed to load config from "/data/projects/radar_tinder/dataconnect": could not find dataconnect.yaml in `/data/projects/radar_tinder/dataconnect`
 {"metadata":{"emulator":{"name":"dataconnect"},"message":"E0214 06:08:03.451750  219375 watch.go:40] Failed to load config from \"/data/projects/radar_tinder/dataconnect\": could not find dataconnect.yaml in `/data/projects/radar_tinder/dataconnect`\n"}}
[debug] [2026-02-14T14:08:13.443Z] E0214 06:08:13.442726  219375 watch.go:116] watchAllDir unable to walk dir `/data/projects/radar_tinder/dataconnect`: lstat /data/projects/radar_tinder/dataconnect: no such file or directory
E0214 06:08:13.442863  219375 watch.go:40] Failed to load config from "/data/projects/radar_tinder/dataconnect": could not find dataconnect.yaml in `/data/projects/radar_tinder/dataconnect`
 {"metadata":{"emulator":{"name":"dataconnect"},"message":"E0214 06:08:13.442726  219375 watch.go:116] watchAllDir unable to walk dir `/data/projects/radar_tinder/dataconnect`: lstat /data/projects/radar_tinder/dataconnect: no such file or directory\nE0214 06:08:13.442863  219375 watch.go:40] Failed to load config from \"/data/projects/radar_tinder/dataconnect\": could not find dataconnect.yaml in `/data/projects/radar_tinder/dataconnect`\n"}}
[debug] [2026-02-14T14:08:23.451Z] E0214 06:08:23.451716  219375 watch.go:40] Failed to load config from "/data/projects/radar_tinder/dataconnect": could not find dataconnect.yaml in `/data/projects/radar_tinder/dataconnect`
 {"metadata":{"emulator":{"name":"dataconnect"},"message":"E0214 06:08:23.451716  219375 watch.go:40] Failed to load config from \"/data/projects/radar_tinder/dataconnect\": could not find dataconnect.yaml in `/data/projects/radar_tinder/dataconnect`\n"}}
[debug] [2026-02-14T14:08:33.451Z] E0214 06:08:33.451724  219375 watch.go:40] Failed to load config from "/data/projects/radar_tinder/dataconnect": could not find dataconnect.yaml in `/data/projects/radar_tinder/dataconnect`
 {"metadata":{"emulator":{"name":"dataconnect"},"message":"E0214 06:08:33.451724  219375 watch.go:40] Failed to load config from \"/data/projects/radar_tinder/dataconnect\": could not find dataconnect.yaml in `/data/projects/radar_tinder/dataconnect`\n"}}
[debug] [2026-02-14T14:08:43.443Z] E0214 06:08:43.442729  219375 watch.go:40] Failed to load config from "/data/projects/radar_tinder/dataconnect": could not find dataconnect.yaml in `/data/projects/radar_tinder/dataconnect`
 {"metadata":{"emulator":{"name":"dataconnect"},"message":"E0214 06:08:43.442729  219375 watch.go:40] Failed to load config from \"/data/projects/radar_tinder/dataconnect\": could not find dataconnect.yaml in `/data/projects/radar_tinder/dataconnect`\n"}}
[debug] [2026-02-14T14:08:53.460Z] E0214 06:08:53.454890  219375 watch.go:40] Failed to load config from "/data/projects/radar_tinder/dataconnect": could not find dataconnect.yaml in `/data/projects/radar_tinder/dataconnect`
 {"metadata":{"emulator":{"name":"dataconnect"},"message":"E0214 06:08:53.454890  219375 watch.go:40] Failed to load config from \"/data/projects/radar_tinder/dataconnect\": could not find dataconnect.yaml in `/data/projects/radar_tinder/dataconnect`\n"}}
[debug] [2026-02-14T14:09:03.453Z] E0214 06:09:03.451818  219375 watch.go:40] Failed to load config from "/data/projects/radar_tinder/dataconnect": could not find dataconnect.yaml in `/data/projects/radar_tinder/dataconnect`
 {"metadata":{"emulator":{"name":"dataconnect"},"message":"E0214 06:09:03.451818  219375 watch.go:40] Failed to load config from \"/data/projects/radar_tinder/dataconnect\": could not find dataconnect.yaml in `/data/projects/radar_tinder/dataconnect`\n"}}
[debug] [2026-02-14T14:09:13.460Z] E0214 06:09:13.444802  219375 watch.go:116] watchAllDir unable to walk dir `/data/projects/radar_tinder/dataconnect`: lstat /data/projects/radar_tinder/dataconnect: no such file or directory
E0214 06:09:13.444921  219375 watch.go:40] Failed to load config from "/data/projects/radar_tinder/dataconnect": could not find dataconnect.yaml in `/data/projects/radar_tinder/dataconnect`
 {"metadata":{"emulator":{"name":"dataconnect"},"message":"E0214 06:09:13.444802  219375 watch.go:116] watchAllDir unable to walk dir `/data/projects/radar_tinder/dataconnect`: lstat /data/projects/radar_tinder/dataconnect: no such file or directory\nE0214 06:09:13.444921  219375 watch.go:40] Failed to load config from \"/data/projects/radar_tinder/dataconnect\": could not find dataconnect.yaml in `/data/projects/radar_tinder/dataconnect`\n"}}
[debug] [2026-02-14T14:09:23.443Z] E0214 06:09:23.442801  219375 watch.go:40] Failed to load config from "/data/projects/radar_tinder/dataconnect": could not find dataconnect.yaml in `/data/projects/radar_tinder/dataconnect`
 {"metadata":{"emulator":{"name":"dataconnect"},"message":"E0214 06:09:23.442801  219375 watch.go:40] Failed to load config from \"/data/projects/radar_tinder/dataconnect\": could not find dataconnect.yaml in `/data/projects/radar_tinder/dataconnect`\n"}}
[debug] [2026-02-14T14:09:33.449Z] E0214 06:09:33.449217  219375 watch.go:40] Failed to load config from "/data/projects/radar_tinder/dataconnect": could not find dataconnect.yaml in `/data/projects/radar_tinder/dataconnect`
 {"metadata":{"emulator":{"name":"dataconnect"},"message":"E0214 06:09:33.449217  219375 watch.go:40] Failed to load config from \"/data/projects/radar_tinder/dataconnect\": could not find dataconnect.yaml in `/data/projects/radar_tinder/dataconnect`\n"}}
[debug] [2026-02-14T14:09:43.443Z] E0214 06:09:43.442949  219375 watch.go:40] Failed to load config from "/data/projects/radar_tinder/dataconnect": could not find dataconnect.yaml in `/data/projects/radar_tinder/dataconnect`
 {"metadata":{"emulator":{"name":"dataconnect"},"message":"E0214 06:09:43.442949  219375 watch.go:40] Failed to load config from \"/data/projects/radar_tinder/dataconnect\": could not find dataconnect.yaml in `/data/projects/radar_tinder/dataconnect`\n"}}
[debug] [2026-02-14T14:09:53.451Z] E0214 06:09:53.451725  219375 watch.go:40] Failed to load config from "/data/projects/radar_tinder/dataconnect": could not find dataconnect.yaml in `/data/projects/radar_tinder/dataconnect`
 {"metadata":{"emulator":{"name":"dataconnect"},"message":"E0214 06:09:53.451725  219375 watch.go:40] Failed to load config from \"/data/projects/radar_tinder/dataconnect\": could not find dataconnect.yaml in `/data/projects/radar_tinder/dataconnect`\n"}}
[debug] [2026-02-14T14:10:03.447Z] E0214 06:10:03.447408  219375 watch.go:40] Failed to load config from "/data/projects/radar_tinder/dataconnect": could not find dataconnect.yaml in `/data/projects/radar_tinder/dataconnect`
 {"metadata":{"emulator":{"name":"dataconnect"},"message":"E0214 06:10:03.447408  219375 watch.go:40] Failed to load config from \"/data/projects/radar_tinder/dataconnect\": could not find dataconnect.yaml in `/data/projects/radar_tinder/dataconnect`\n"}}
[debug] [2026-02-14T14:10:13.443Z] E0214 06:10:13.442917  219375 watch.go:116] watchAllDir unable to walk dir `/data/projects/radar_tinder/dataconnect`: lstat /data/projects/radar_tinder/dataconnect: no such file or directory
E0214 06:10:13.443000  219375 watch.go:40] Failed to load config from "/data/projects/radar_tinder/dataconnect": could not find dataconnect.yaml in `/data/projects/radar_tinder/dataconnect`
 {"metadata":{"emulator":{"name":"dataconnect"},"message":"E0214 06:10:13.442917  219375 watch.go:116] watchAllDir unable to walk dir `/data/projects/radar_tinder/dataconnect`: lstat /data/projects/radar_tinder/dataconnect: no such file or directory\nE0214 06:10:13.443000  219375 watch.go:40] Failed to load config from \"/data/projects/radar_tinder/dataconnect\": could not find dataconnect.yaml in `/data/projects/radar_tinder/dataconnect`\n"}}
[debug] [2026-02-14T14:10:23.452Z] E0214 06:10:23.451773  219375 watch.go:40] Failed to load config from "/data/projects/radar_tinder/dataconnect": could not find dataconnect.yaml in `/data/projects/radar_tinder/dataconnect`
 {"metadata":{"emulator":{"name":"dataconnect"},"message":"E0214 06:10:23.451773  219375 watch.go:40] Failed to load config from \"/data/projects/radar_tinder/dataconnect\": could not find dataconnect.yaml in `/data/projects/radar_tinder/dataconnect`\n"}}
[debug] [2026-02-14T14:10:33.452Z] E0214 06:10:33.451761  219375 watch.go:40] Failed to load config from "/data/projects/radar_tinder/dataconnect": could not find dataconnect.yaml in `/data/projects/radar_tinder/dataconnect`
 {"metadata":{"emulator":{"name":"dataconnect"},"message":"E0214 06:10:33.451761  219375 watch.go:40] Failed to load config from \"/data/projects/radar_tinder/dataconnect\": could not find dataconnect.yaml in `/data/projects/radar_tinder/dataconnect`\n"}}
[debug] [2026-02-14T14:10:43.443Z] E0214 06:10:43.443436  219375 watch.go:40] Failed to load config from "/data/projects/radar_tinder/dataconnect": could not find dataconnect.yaml in `/data/projects/radar_tinder/dataconnect`
 {"metadata":{"emulator":{"name":"dataconnect"},"message":"E0214 06:10:43.443436  219375 watch.go:40] Failed to load config from \"/data/projects/radar_tinder/dataconnect\": could not find dataconnect.yaml in `/data/projects/radar_tinder/dataconnect`\n"}}
[debug] [2026-02-14T14:10:53.452Z] E0214 06:10:53.451759  219375 watch.go:40] Failed to load config from "/data/projects/radar_tinder/dataconnect": could not find dataconnect.yaml in `/data/projects/radar_tinder/dataconnect`
 {"metadata":{"emulator":{"name":"dataconnect"},"message":"E0214 06:10:53.451759  219375 watch.go:40] Failed to load config from \"/data/projects/radar_tinder/dataconnect\": could not find dataconnect.yaml in `/data/projects/radar_tinder/dataconnect`\n"}}
[debug] [2026-02-14T14:11:03.451Z] E0214 06:11:03.451724  219375 watch.go:40] Failed to load config from "/data/projects/radar_tinder/dataconnect": could not find dataconnect.yaml in `/data/projects/radar_tinder/dataconnect`
 {"metadata":{"emulator":{"name":"dataconnect"},"message":"E0214 06:11:03.451724  219375 watch.go:40] Failed to load config from \"/data/projects/radar_tinder/dataconnect\": could not find dataconnect.yaml in `/data/projects/radar_tinder/dataconnect`\n"}}
[debug] [2026-02-14T14:11:13.443Z] E0214 06:11:13.443426  219375 watch.go:116] watchAllDir unable to walk dir `/data/projects/radar_tinder/dataconnect`: lstat /data/projects/radar_tinder/dataconnect: no such file or directory
E0214 06:11:13.443479  219375 watch.go:40] Failed to load config from "/data/projects/radar_tinder/dataconnect": could not find dataconnect.yaml in `/data/projects/radar_tinder/dataconnect`
 {"metadata":{"emulator":{"name":"dataconnect"},"message":"E0214 06:11:13.443426  219375 watch.go:116] watchAllDir unable to walk dir `/data/projects/radar_tinder/dataconnect`: lstat /data/projects/radar_tinder/dataconnect: no such file or directory\nE0214 06:11:13.443479  219375 watch.go:40] Failed to load config from \"/data/projects/radar_tinder/dataconnect\": could not find dataconnect.yaml in `/data/projects/radar_tinder/dataconnect`\n"}}
[debug] [2026-02-14T14:11:23.443Z] E0214 06:11:23.443180  219375 watch.go:40] Failed to load config from "/data/projects/radar_tinder/dataconnect": could not find dataconnect.yaml in `/data/projects/radar_tinder/dataconnect`
 {"metadata":{"emulator":{"name":"dataconnect"},"message":"E0214 06:11:23.443180  219375 watch.go:40] Failed to load config from \"/data/projects/radar_tinder/dataconnect\": could not find dataconnect.yaml in `/data/projects/radar_tinder/dataconnect`\n"}}
[debug] [2026-02-14T14:11:33.443Z] E0214 06:11:33.442894  219375 watch.go:40] Failed to load config from "/data/projects/radar_tinder/dataconnect": could not find dataconnect.yaml in `/data/projects/radar_tinder/dataconnect`
 {"metadata":{"emulator":{"name":"dataconnect"},"message":"E0214 06:11:33.442894  219375 watch.go:40] Failed to load config from \"/data/projects/radar_tinder/dataconnect\": could not find dataconnect.yaml in `/data/projects/radar_tinder/dataconnect`\n"}}
[debug] [2026-02-14T14:11:43.443Z] E0214 06:11:43.442932  219375 watch.go:40] Failed to load config from "/data/projects/radar_tinder/dataconnect": could not find dataconnect.yaml in `/data/projects/radar_tinder/dataconnect`
 {"metadata":{"emulator":{"name":"dataconnect"},"message":"E0214 06:11:43.442932  219375 watch.go:40] Failed to load config from \"/data/projects/radar_tinder/dataconnect\": could not find dataconnect.yaml in `/data/projects/radar_tinder/dataconnect`\n"}}
[debug] [2026-02-14T14:11:53.474Z] E0214 06:11:53.451725  219375 watch.go:40] Failed to load config from "/data/projects/radar_tinder/dataconnect": could not find dataconnect.yaml in `/data/projects/radar_tinder/dataconnect`
 {"metadata":{"emulator":{"name":"dataconnect"},"message":"E0214 06:11:53.451725  219375 watch.go:40] Failed to load config from \"/data/projects/radar_tinder/dataconnect\": could not find dataconnect.yaml in `/data/projects/radar_tinder/dataconnect`\n"}}
[debug] [2026-02-14T14:12:03.452Z] E0214 06:12:03.451775  219375 watch.go:40] Failed to load config from "/data/projects/radar_tinder/dataconnect": could not find dataconnect.yaml in `/data/projects/radar_tinder/dataconnect`
 {"metadata":{"emulator":{"name":"dataconnect"},"message":"E0214 06:12:03.451775  219375 watch.go:40] Failed to load config from \"/data/projects/radar_tinder/dataconnect\": could not find dataconnect.yaml in `/data/projects/radar_tinder/dataconnect`\n"}}
[debug] [2026-02-14T14:12:13.443Z] E0214 06:12:13.442758  219375 watch.go:116] watchAllDir unable to walk dir `/data/projects/radar_tinder/dataconnect`: lstat /data/projects/radar_tinder/dataconnect: no such file or directory
E0214 06:12:13.442908  219375 watch.go:40] Failed to load config from "/data/projects/radar_tinder/dataconnect": could not find dataconnect.yaml in `/data/projects/radar_tinder/dataconnect`
 {"metadata":{"emulator":{"name":"dataconnect"},"message":"E0214 06:12:13.442758  219375 watch.go:116] watchAllDir unable to walk dir `/data/projects/radar_tinder/dataconnect`: lstat /data/projects/radar_tinder/dataconnect: no such file or directory\nE0214 06:12:13.442908  219375 watch.go:40] Failed to load config from \"/data/projects/radar_tinder/dataconnect\": could not find dataconnect.yaml in `/data/projects/radar_tinder/dataconnect`\n"}}
[debug] [2026-02-14T14:12:23.445Z] E0214 06:12:23.445726  219375 watch.go:40] Failed to load config from "/data/projects/radar_tinder/dataconnect": could not find dataconnect.yaml in `/data/projects/radar_tinder/dataconnect`
 {"metadata":{"emulator":{"name":"dataconnect"},"message":"E0214 06:12:23.445726  219375 watch.go:40] Failed to load config from \"/data/projects/radar_tinder/dataconnect\": could not find dataconnect.yaml in `/data/projects/radar_tinder/dataconnect`\n"}}
[debug] [2026-02-14T14:12:33.452Z] E0214 06:12:33.451841  219375 watch.go:40] Failed to load config from "/data/projects/radar_tinder/dataconnect": could not find dataconnect.yaml in `/data/projects/radar_tinder/dataconnect`
 {"metadata":{"emulator":{"name":"dataconnect"},"message":"E0214 06:12:33.451841  219375 watch.go:40] Failed to load config from \"/data/projects/radar_tinder/dataconnect\": could not find dataconnect.yaml in `/data/projects/radar_tinder/dataconnect`\n"}}
[debug] [2026-02-14T14:12:43.443Z] E0214 06:12:43.442801  219375 watch.go:40] Failed to load config from "/data/projects/radar_tinder/dataconnect": could not find dataconnect.yaml in `/data/projects/radar_tinder/dataconnect`
 {"metadata":{"emulator":{"name":"dataconnect"},"message":"E0214 06:12:43.442801  219375 watch.go:40] Failed to load config from \"/data/projects/radar_tinder/dataconnect\": could not find dataconnect.yaml in `/data/projects/radar_tinder/dataconnect`\n"}}
[debug] [2026-02-14T14:12:53.452Z] E0214 06:12:53.451754  219375 watch.go:40] Failed to load config from "/data/projects/radar_tinder/dataconnect": could not find dataconnect.yaml in `/data/projects/radar_tinder/dataconnect`
 {"metadata":{"emulator":{"name":"dataconnect"},"message":"E0214 06:12:53.451754  219375 watch.go:40] Failed to load config from \"/data/projects/radar_tinder/dataconnect\": could not find dataconnect.yaml in `/data/projects/radar_tinder/dataconnect`\n"}}
[debug] [2026-02-14T14:13:03.452Z] E0214 06:13:03.451757  219375 watch.go:40] Failed to load config from "/data/projects/radar_tinder/dataconnect": could not find dataconnect.yaml in `/data/projects/radar_tinder/dataconnect`
 {"metadata":{"emulator":{"name":"dataconnect"},"message":"E0214 06:13:03.451757  219375 watch.go:40] Failed to load config from \"/data/projects/radar_tinder/dataconnect\": could not find dataconnect.yaml in `/data/projects/radar_tinder/dataconnect`\n"}}
[debug] [2026-02-14T14:13:13.442Z] E0214 06:13:13.442680  219375 watch.go:116] watchAllDir unable to walk dir `/data/projects/radar_tinder/dataconnect`: lstat /data/projects/radar_tinder/dataconnect: no such file or directory
E0214 06:13:13.442707  219375 watch.go:40] Failed to load config from "/data/projects/radar_tinder/dataconnect": could not find dataconnect.yaml in `/data/projects/radar_tinder/dataconnect`
 {"metadata":{"emulator":{"name":"dataconnect"},"message":"E0214 06:13:13.442680  219375 watch.go:116] watchAllDir unable to walk dir `/data/projects/radar_tinder/dataconnect`: lstat /data/projects/radar_tinder/dataconnect: no such file or directory\nE0214 06:13:13.442707  219375 watch.go:40] Failed to load config from \"/data/projects/radar_tinder/dataconnect\": could not find dataconnect.yaml in `/data/projects/radar_tinder/dataconnect`\n"}}
[debug] [2026-02-14T14:13:23.447Z] E0214 06:13:23.447543  219375 watch.go:40] Failed to load config from "/data/projects/radar_tinder/dataconnect": could not find dataconnect.yaml in `/data/projects/radar_tinder/dataconnect`
 {"metadata":{"emulator":{"name":"dataconnect"},"message":"E0214 06:13:23.447543  219375 watch.go:40] Failed to load config from \"/data/projects/radar_tinder/dataconnect\": could not find dataconnect.yaml in `/data/projects/radar_tinder/dataconnect`\n"}}
[debug] [2026-02-14T14:13:33.443Z] E0214 06:13:33.443077  219375 watch.go:40] Failed to load config from "/data/projects/radar_tinder/dataconnect": could not find dataconnect.yaml in `/data/projects/radar_tinder/dataconnect`
 {"metadata":{"emulator":{"name":"dataconnect"},"message":"E0214 06:13:33.443077  219375 watch.go:40] Failed to load config from \"/data/projects/radar_tinder/dataconnect\": could not find dataconnect.yaml in `/data/projects/radar_tinder/dataconnect`\n"}}
[debug] [2026-02-14T14:13:43.443Z] E0214 06:13:43.442814  219375 watch.go:40] Failed to load config from "/data/projects/radar_tinder/dataconnect": could not find dataconnect.yaml in `/data/projects/radar_tinder/dataconnect`
 {"metadata":{"emulator":{"name":"dataconnect"},"message":"E0214 06:13:43.442814  219375 watch.go:40] Failed to load config from \"/data/projects/radar_tinder/dataconnect\": could not find dataconnect.yaml in `/data/projects/radar_tinder/dataconnect`\n"}}
[debug] [2026-02-14T14:13:53.452Z] E0214 06:13:53.451937  219375 watch.go:40] Failed to load config from "/data/projects/radar_tinder/dataconnect": could not find dataconnect.yaml in `/data/projects/radar_tinder/dataconnect`
 {"metadata":{"emulator":{"name":"dataconnect"},"message":"E0214 06:13:53.451937  219375 watch.go:40] Failed to load config from \"/data/projects/radar_tinder/dataconnect\": could not find dataconnect.yaml in `/data/projects/radar_tinder/dataconnect`\n"}}
[debug] [2026-02-14T14:14:03.452Z] E0214 06:14:03.451781  219375 watch.go:40] Failed to load config from "/data/projects/radar_tinder/dataconnect": could not find dataconnect.yaml in `/data/projects/radar_tinder/dataconnect`
 {"metadata":{"emulator":{"name":"dataconnect"},"message":"E0214 06:14:03.451781  219375 watch.go:40] Failed to load config from \"/data/projects/radar_tinder/dataconnect\": could not find dataconnect.yaml in `/data/projects/radar_tinder/dataconnect`\n"}}
[debug] [2026-02-14T14:14:13.443Z] E0214 06:14:13.442850  219375 watch.go:116] watchAllDir unable to walk dir `/data/projects/radar_tinder/dataconnect`: lstat /data/projects/radar_tinder/dataconnect: no such file or directory
E0214 06:14:13.442980  219375 watch.go:40] Failed to load config from "/data/projects/radar_tinder/dataconnect": could not find dataconnect.yaml in `/data/projects/radar_tinder/dataconnect`
 {"metadata":{"emulator":{"name":"dataconnect"},"message":"E0214 06:14:13.442850  219375 watch.go:116] watchAllDir unable to walk dir `/data/projects/radar_tinder/dataconnect`: lstat /data/projects/radar_tinder/dataconnect: no such file or directory\nE0214 06:14:13.442980  219375 watch.go:40] Failed to load config from \"/data/projects/radar_tinder/dataconnect\": could not find dataconnect.yaml in `/data/projects/radar_tinder/dataconnect`\n"}}
[debug] [2026-02-14T14:14:23.471Z] E0214 06:14:23.451761  219375 watch.go:40] Failed to load config from "/data/projects/radar_tinder/dataconnect": could not find dataconnect.yaml in `/data/projects/radar_tinder/dataconnect`
 {"metadata":{"emulator":{"name":"dataconnect"},"message":"E0214 06:14:23.451761  219375 watch.go:40] Failed to load config from \"/data/projects/radar_tinder/dataconnect\": could not find dataconnect.yaml in `/data/projects/radar_tinder/dataconnect`\n"}}
[debug] [2026-02-14T14:14:33.452Z] E0214 06:14:33.451724  219375 watch.go:40] Failed to load config from "/data/projects/radar_tinder/dataconnect": could not find dataconnect.yaml in `/data/projects/radar_tinder/dataconnect`
 {"metadata":{"emulator":{"name":"dataconnect"},"message":"E0214 06:14:33.451724  219375 watch.go:40] Failed to load config from \"/data/projects/radar_tinder/dataconnect\": could not find dataconnect.yaml in `/data/projects/radar_tinder/dataconnect`\n"}}
[debug] [2026-02-14T14:14:43.443Z] E0214 06:14:43.442822  219375 watch.go:40] Failed to load config from "/data/projects/radar_tinder/dataconnect": could not find dataconnect.yaml in `/data/projects/radar_tinder/dataconnect`
 {"metadata":{"emulator":{"name":"dataconnect"},"message":"E0214 06:14:43.442822  219375 watch.go:40] Failed to load config from \"/data/projects/radar_tinder/dataconnect\": could not find dataconnect.yaml in `/data/projects/radar_tinder/dataconnect`\n"}}
[debug] [2026-02-14T14:14:53.452Z] E0214 06:14:53.451940  219375 watch.go:40] Failed to load config from "/data/projects/radar_tinder/dataconnect": could not find dataconnect.yaml in `/data/projects/radar_tinder/dataconnect`
 {"metadata":{"emulator":{"name":"dataconnect"},"message":"E0214 06:14:53.451940  219375 watch.go:40] Failed to load config from \"/data/projects/radar_tinder/dataconnect\": could not find dataconnect.yaml in `/data/projects/radar_tinder/dataconnect`\n"}}
[debug] [2026-02-14T14:15:03.444Z] E0214 06:15:03.443808  219375 watch.go:40] Failed to load config from "/data/projects/radar_tinder/dataconnect": could not find dataconnect.yaml in `/data/projects/radar_tinder/dataconnect`
 {"metadata":{"emulator":{"name":"dataconnect"},"message":"E0214 06:15:03.443808  219375 watch.go:40] Failed to load config from \"/data/projects/radar_tinder/dataconnect\": could not find dataconnect.yaml in `/data/projects/radar_tinder/dataconnect`\n"}}
[debug] [2026-02-14T14:15:13.442Z] E0214 06:15:13.442720  219375 watch.go:116] watchAllDir unable to walk dir `/data/projects/radar_tinder/dataconnect`: lstat /data/projects/radar_tinder/dataconnect: no such file or directory
E0214 06:15:13.442804  219375 watch.go:40] Failed to load config from "/data/projects/radar_tinder/dataconnect": could not find dataconnect.yaml in `/data/projects/radar_tinder/dataconnect`
 {"metadata":{"emulator":{"name":"dataconnect"},"message":"E0214 06:15:13.442720  219375 watch.go:116] watchAllDir unable to walk dir `/data/projects/radar_tinder/dataconnect`: lstat /data/projects/radar_tinder/dataconnect: no such file or directory\nE0214 06:15:13.442804  219375 watch.go:40] Failed to load config from \"/data/projects/radar_tinder/dataconnect\": could not find dataconnect.yaml in `/data/projects/radar_tinder/dataconnect`\n"}}
[debug] [2026-02-14T14:15:23.452Z] E0214 06:15:23.451767  219375 watch.go:40] Failed to load config from "/data/projects/radar_tinder/dataconnect": could not find dataconnect.yaml in `/data/projects/radar_tinder/dataconnect`
 {"metadata":{"emulator":{"name":"dataconnect"},"message":"E0214 06:15:23.451767  219375 watch.go:40] Failed to load config from \"/data/projects/radar_tinder/dataconnect\": could not find dataconnect.yaml in `/data/projects/radar_tinder/dataconnect`\n"}}
[debug] [2026-02-14T14:15:33.452Z] E0214 06:15:33.451842  219375 watch.go:40] Failed to load config from "/data/projects/radar_tinder/dataconnect": could not find dataconnect.yaml in `/data/projects/radar_tinder/dataconnect`
 {"metadata":{"emulator":{"name":"dataconnect"},"message":"E0214 06:15:33.451842  219375 watch.go:40] Failed to load config from \"/data/projects/radar_tinder/dataconnect\": could not find dataconnect.yaml in `/data/projects/radar_tinder/dataconnect`\n"}}
[debug] [2026-02-14T14:15:43.443Z] E0214 06:15:43.442874  219375 watch.go:40] Failed to load config from "/data/projects/radar_tinder/dataconnect": could not find dataconnect.yaml in `/data/projects/radar_tinder/dataconnect`
 {"metadata":{"emulator":{"name":"dataconnect"},"message":"E0214 06:15:43.442874  219375 watch.go:40] Failed to load config from \"/data/projects/radar_tinder/dataconnect\": could not find dataconnect.yaml in `/data/projects/radar_tinder/dataconnect`\n"}}
[debug] [2026-02-14T14:15:53.443Z] E0214 06:15:53.442869  219375 watch.go:40] Failed to load config from "/data/projects/radar_tinder/dataconnect": could not find dataconnect.yaml in `/data/projects/radar_tinder/dataconnect`
 {"metadata":{"emulator":{"name":"dataconnect"},"message":"E0214 06:15:53.442869  219375 watch.go:40] Failed to load config from \"/data/projects/radar_tinder/dataconnect\": could not find dataconnect.yaml in `/data/projects/radar_tinder/dataconnect`\n"}}
[debug] [2026-02-14T14:16:03.445Z] E0214 06:16:03.445034  219375 watch.go:40] Failed to load config from "/data/projects/radar_tinder/dataconnect": could not find dataconnect.yaml in `/data/projects/radar_tinder/dataconnect`
 {"metadata":{"emulator":{"name":"dataconnect"},"message":"E0214 06:16:03.445034  219375 watch.go:40] Failed to load config from \"/data/projects/radar_tinder/dataconnect\": could not find dataconnect.yaml in `/data/projects/radar_tinder/dataconnect`\n"}}
[debug] [2026-02-14T14:16:13.443Z] E0214 06:16:13.442875  219375 watch.go:116] watchAllDir unable to walk dir `/data/projects/radar_tinder/dataconnect`: lstat /data/projects/radar_tinder/dataconnect: no such file or directory
E0214 06:16:13.442956  219375 watch.go:40] Failed to load config from "/data/projects/radar_tinder/dataconnect": could not find dataconnect.yaml in `/data/projects/radar_tinder/dataconnect`
 {"metadata":{"emulator":{"name":"dataconnect"},"message":"E0214 06:16:13.442875  219375 watch.go:116] watchAllDir unable to walk dir `/data/projects/radar_tinder/dataconnect`: lstat /data/projects/radar_tinder/dataconnect: no such file or directory\nE0214 06:16:13.442956  219375 watch.go:40] Failed to load config from \"/data/projects/radar_tinder/dataconnect\": could not find dataconnect.yaml in `/data/projects/radar_tinder/dataconnect`\n"}}
[debug] [2026-02-14T14:16:23.452Z] E0214 06:16:23.451977  219375 watch.go:40] Failed to load config from "/data/projects/radar_tinder/dataconnect": could not find dataconnect.yaml in `/data/projects/radar_tinder/dataconnect`
 {"metadata":{"emulator":{"name":"dataconnect"},"message":"E0214 06:16:23.451977  219375 watch.go:40] Failed to load config from \"/data/projects/radar_tinder/dataconnect\": could not find dataconnect.yaml in `/data/projects/radar_tinder/dataconnect`\n"}}
[debug] [2026-02-14T14:16:33.452Z] E0214 06:16:33.451807  219375 watch.go:40] Failed to load config from "/data/projects/radar_tinder/dataconnect": could not find dataconnect.yaml in `/data/projects/radar_tinder/dataconnect`
 {"metadata":{"emulator":{"name":"dataconnect"},"message":"E0214 06:16:33.451807  219375 watch.go:40] Failed to load config from \"/data/projects/radar_tinder/dataconnect\": could not find dataconnect.yaml in `/data/projects/radar_tinder/dataconnect`\n"}}
[debug] [2026-02-14T14:16:43.443Z] E0214 06:16:43.442727  219375 watch.go:40] Failed to load config from "/data/projects/radar_tinder/dataconnect": could not find dataconnect.yaml in `/data/projects/radar_tinder/dataconnect`
 {"metadata":{"emulator":{"name":"dataconnect"},"message":"E0214 06:16:43.442727  219375 watch.go:40] Failed to load config from \"/data/projects/radar_tinder/dataconnect\": could not find dataconnect.yaml in `/data/projects/radar_tinder/dataconnect`\n"}}
[debug] [2026-02-14T14:16:53.499Z] E0214 06:16:53.451729  219375 watch.go:40] Failed to load config from "/data/projects/radar_tinder/dataconnect": could not find dataconnect.yaml in `/data/projects/radar_tinder/dataconnect`
 {"metadata":{"emulator":{"name":"dataconnect"},"message":"E0214 06:16:53.451729  219375 watch.go:40] Failed to load config from \"/data/projects/radar_tinder/dataconnect\": could not find dataconnect.yaml in `/data/projects/radar_tinder/dataconnect`\n"}}
[debug] [2026-02-14T14:17:03.452Z] E0214 06:17:03.451724  219375 watch.go:40] Failed to load config from "/data/projects/radar_tinder/dataconnect": could not find dataconnect.yaml in `/data/projects/radar_tinder/dataconnect`
 {"metadata":{"emulator":{"name":"dataconnect"},"message":"E0214 06:17:03.451724  219375 watch.go:40] Failed to load config from \"/data/projects/radar_tinder/dataconnect\": could not find dataconnect.yaml in `/data/projects/radar_tinder/dataconnect`\n"}}
[debug] [2026-02-14T14:17:13.467Z] E0214 06:17:13.442730  219375 watch.go:116] watchAllDir unable to walk dir `/data/projects/radar_tinder/dataconnect`: lstat /data/projects/radar_tinder/dataconnect: no such file or directory
E0214 06:17:13.442813  219375 watch.go:40] Failed to load config from "/data/projects/radar_tinder/dataconnect": could not find dataconnect.yaml in `/data/projects/radar_tinder/dataconnect`
 {"metadata":{"emulator":{"name":"dataconnect"},"message":"E0214 06:17:13.442730  219375 watch.go:116] watchAllDir unable to walk dir `/data/projects/radar_tinder/dataconnect`: lstat /data/projects/radar_tinder/dataconnect: no such file or directory\nE0214 06:17:13.442813  219375 watch.go:40] Failed to load config from \"/data/projects/radar_tinder/dataconnect\": could not find dataconnect.yaml in `/data/projects/radar_tinder/dataconnect`\n"}}
[debug] [2026-02-14T14:17:23.452Z] E0214 06:17:23.451934  219375 watch.go:40] Failed to load config from "/data/projects/radar_tinder/dataconnect": could not find dataconnect.yaml in `/data/projects/radar_tinder/dataconnect`
 {"metadata":{"emulator":{"name":"dataconnect"},"message":"E0214 06:17:23.451934  219375 watch.go:40] Failed to load config from \"/data/projects/radar_tinder/dataconnect\": could not find dataconnect.yaml in `/data/projects/radar_tinder/dataconnect`\n"}}
[debug] [2026-02-14T14:17:33.449Z] E0214 06:17:33.448891  219375 watch.go:40] Failed to load config from "/data/projects/radar_tinder/dataconnect": could not find dataconnect.yaml in `/data/projects/radar_tinder/dataconnect`
 {"metadata":{"emulator":{"name":"dataconnect"},"message":"E0214 06:17:33.448891  219375 watch.go:40] Failed to load config from \"/data/projects/radar_tinder/dataconnect\": could not find dataconnect.yaml in `/data/projects/radar_tinder/dataconnect`\n"}}
[debug] [2026-02-14T14:17:43.443Z] E0214 06:17:43.443565  219375 watch.go:40] Failed to load config from "/data/projects/radar_tinder/dataconnect": could not find dataconnect.yaml in `/data/projects/radar_tinder/dataconnect`
 {"metadata":{"emulator":{"name":"dataconnect"},"message":"E0214 06:17:43.443565  219375 watch.go:40] Failed to load config from \"/data/projects/radar_tinder/dataconnect\": could not find dataconnect.yaml in `/data/projects/radar_tinder/dataconnect`\n"}}
[debug] [2026-02-14T14:17:53.443Z] E0214 06:17:53.442858  219375 watch.go:40] Failed to load config from "/data/projects/radar_tinder/dataconnect": could not find dataconnect.yaml in `/data/projects/radar_tinder/dataconnect`
 {"metadata":{"emulator":{"name":"dataconnect"},"message":"E0214 06:17:53.442858  219375 watch.go:40] Failed to load config from \"/data/projects/radar_tinder/dataconnect\": could not find dataconnect.yaml in `/data/projects/radar_tinder/dataconnect`\n"}}
[debug] [2026-02-14T14:18:03.452Z] E0214 06:18:03.451815  219375 watch.go:40] Failed to load config from "/data/projects/radar_tinder/dataconnect": could not find dataconnect.yaml in `/data/projects/radar_tinder/dataconnect`
 {"metadata":{"emulator":{"name":"dataconnect"},"message":"E0214 06:18:03.451815  219375 watch.go:40] Failed to load config from \"/data/projects/radar_tinder/dataconnect\": could not find dataconnect.yaml in `/data/projects/radar_tinder/dataconnect`\n"}}
[debug] [2026-02-14T14:18:13.443Z] E0214 06:18:13.442727  219375 watch.go:116] watchAllDir unable to walk dir `/data/projects/radar_tinder/dataconnect`: lstat /data/projects/radar_tinder/dataconnect: no such file or directory
E0214 06:18:13.442804  219375 watch.go:40] Failed to load config from "/data/projects/radar_tinder/dataconnect": could not find dataconnect.yaml in `/data/projects/radar_tinder/dataconnect`
 {"metadata":{"emulator":{"name":"dataconnect"},"message":"E0214 06:18:13.442727  219375 watch.go:116] watchAllDir unable to walk dir `/data/projects/radar_tinder/dataconnect`: lstat /data/projects/radar_tinder/dataconnect: no such file or directory\nE0214 06:18:13.442804  219375 watch.go:40] Failed to load config from \"/data/projects/radar_tinder/dataconnect\": could not find dataconnect.yaml in `/data/projects/radar_tinder/dataconnect`\n"}}
[debug] [2026-02-14T14:18:23.445Z] E0214 06:18:23.445294  219375 watch.go:40] Failed to load config from "/data/projects/radar_tinder/dataconnect": could not find dataconnect.yaml in `/data/projects/radar_tinder/dataconnect`
 {"metadata":{"emulator":{"name":"dataconnect"},"message":"E0214 06:18:23.445294  219375 watch.go:40] Failed to load config from \"/data/projects/radar_tinder/dataconnect\": could not find dataconnect.yaml in `/data/projects/radar_tinder/dataconnect`\n"}}
[debug] [2026-02-14T14:18:33.452Z] E0214 06:18:33.452140  219375 watch.go:40] Failed to load config from "/data/projects/radar_tinder/dataconnect": could not find dataconnect.yaml in `/data/projects/radar_tinder/dataconnect`
 {"metadata":{"emulator":{"name":"dataconnect"},"message":"E0214 06:18:33.452140  219375 watch.go:40] Failed to load config from \"/data/projects/radar_tinder/dataconnect\": could not find dataconnect.yaml in `/data/projects/radar_tinder/dataconnect`\n"}}
[debug] [2026-02-14T14:18:43.443Z] E0214 06:18:43.442921  219375 watch.go:40] Failed to load config from "/data/projects/radar_tinder/dataconnect": could not find dataconnect.yaml in `/data/projects/radar_tinder/dataconnect`
 {"metadata":{"emulator":{"name":"dataconnect"},"message":"E0214 06:18:43.442921  219375 watch.go:40] Failed to load config from \"/data/projects/radar_tinder/dataconnect\": could not find dataconnect.yaml in `/data/projects/radar_tinder/dataconnect`\n"}}
[debug] [2026-02-14T14:18:53.451Z] E0214 06:18:53.451738  219375 watch.go:40] Failed to load config from "/data/projects/radar_tinder/dataconnect": could not find dataconnect.yaml in `/data/projects/radar_tinder/dataconnect`
 {"metadata":{"emulator":{"name":"dataconnect"},"message":"E0214 06:18:53.451738  219375 watch.go:40] Failed to load config from \"/data/projects/radar_tinder/dataconnect\": could not find dataconnect.yaml in `/data/projects/radar_tinder/dataconnect`\n"}}
[debug] [2026-02-14T14:19:03.452Z] E0214 06:19:03.451758  219375 watch.go:40] Failed to load config from "/data/projects/radar_tinder/dataconnect": could not find dataconnect.yaml in `/data/projects/radar_tinder/dataconnect`
 {"metadata":{"emulator":{"name":"dataconnect"},"message":"E0214 06:19:03.451758  219375 watch.go:40] Failed to load config from \"/data/projects/radar_tinder/dataconnect\": could not find dataconnect.yaml in `/data/projects/radar_tinder/dataconnect`\n"}}
[debug] [2026-02-14T14:19:13.443Z] E0214 06:19:13.442754  219375 watch.go:40] Failed to load config from "/data/projects/radar_tinder/dataconnect": could not find dataconnect.yaml in `/data/projects/radar_tinder/dataconnect`
E0214 06:19:13.442766  219375 watch.go:116] watchAllDir unable to walk dir `/data/projects/radar_tinder/dataconnect`: lstat /data/projects/radar_tinder/dataconnect: no such file or directory
 {"metadata":{"emulator":{"name":"dataconnect"},"message":"E0214 06:19:13.442754  219375 watch.go:40] Failed to load config from \"/data/projects/radar_tinder/dataconnect\": could not find dataconnect.yaml in `/data/projects/radar_tinder/dataconnect`\nE0214 06:19:13.442766  219375 watch.go:116] watchAllDir unable to walk dir `/data/projects/radar_tinder/dataconnect`: lstat /data/projects/radar_tinder/dataconnect: no such file or directory\n"}}
[debug] [2026-02-14T14:19:23.451Z] E0214 06:19:23.451752  219375 watch.go:40] Failed to load config from "/data/projects/radar_tinder/dataconnect": could not find dataconnect.yaml in `/data/projects/radar_tinder/dataconnect`
 {"metadata":{"emulator":{"name":"dataconnect"},"message":"E0214 06:19:23.451752  219375 watch.go:40] Failed to load config from \"/data/projects/radar_tinder/dataconnect\": could not find dataconnect.yaml in `/data/projects/radar_tinder/dataconnect`\n"}}
[debug] [2026-02-14T14:19:33.452Z] E0214 06:19:33.451753  219375 watch.go:40] Failed to load config from "/data/projects/radar_tinder/dataconnect": could not find dataconnect.yaml in `/data/projects/radar_tinder/dataconnect`
 {"metadata":{"emulator":{"name":"dataconnect"},"message":"E0214 06:19:33.451753  219375 watch.go:40] Failed to load config from \"/data/projects/radar_tinder/dataconnect\": could not find dataconnect.yaml in `/data/projects/radar_tinder/dataconnect`\n"}}
[debug] [2026-02-14T14:19:43.443Z] E0214 06:19:43.442793  219375 watch.go:40] Failed to load config from "/data/projects/radar_tinder/dataconnect": could not find dataconnect.yaml in `/data/projects/radar_tinder/dataconnect`
 {"metadata":{"emulator":{"name":"dataconnect"},"message":"E0214 06:19:43.442793  219375 watch.go:40] Failed to load config from \"/data/projects/radar_tinder/dataconnect\": could not find dataconnect.yaml in `/data/projects/radar_tinder/dataconnect`\n"}}
[debug] [2026-02-14T14:19:53.443Z] E0214 06:19:53.442967  219375 watch.go:40] Failed to load config from "/data/projects/radar_tinder/dataconnect": could not find dataconnect.yaml in `/data/projects/radar_tinder/dataconnect`
 {"metadata":{"emulator":{"name":"dataconnect"},"message":"E0214 06:19:53.442967  219375 watch.go:40] Failed to load config from \"/data/projects/radar_tinder/dataconnect\": could not find dataconnect.yaml in `/data/projects/radar_tinder/dataconnect`\n"}}
[debug] [2026-02-14T14:20:03.445Z] E0214 06:20:03.445532  219375 watch.go:40] Failed to load config from "/data/projects/radar_tinder/dataconnect": could not find dataconnect.yaml in `/data/projects/radar_tinder/dataconnect`
 {"metadata":{"emulator":{"name":"dataconnect"},"message":"E0214 06:20:03.445532  219375 watch.go:40] Failed to load config from \"/data/projects/radar_tinder/dataconnect\": could not find dataconnect.yaml in `/data/projects/radar_tinder/dataconnect`\n"}}
[debug] [2026-02-14T14:20:13.443Z] E0214 06:20:13.442850  219375 watch.go:116] watchAllDir unable to walk dir `/data/projects/radar_tinder/dataconnect`: lstat /data/projects/radar_tinder/dataconnect: no such file or directory
E0214 06:20:13.443042  219375 watch.go:40] Failed to load config from "/data/projects/radar_tinder/dataconnect": could not find dataconnect.yaml in `/data/projects/radar_tinder/dataconnect`
 {"metadata":{"emulator":{"name":"dataconnect"},"message":"E0214 06:20:13.442850  219375 watch.go:116] watchAllDir unable to walk dir `/data/projects/radar_tinder/dataconnect`: lstat /data/projects/radar_tinder/dataconnect: no such file or directory\nE0214 06:20:13.443042  219375 watch.go:40] Failed to load config from \"/data/projects/radar_tinder/dataconnect\": could not find dataconnect.yaml in `/data/projects/radar_tinder/dataconnect`\n"}}
[debug] [2026-02-14T14:20:23.452Z] E0214 06:20:23.451785  219375 watch.go:40] Failed to load config from "/data/projects/radar_tinder/dataconnect": could not find dataconnect.yaml in `/data/projects/radar_tinder/dataconnect`
 {"metadata":{"emulator":{"name":"dataconnect"},"message":"E0214 06:20:23.451785  219375 watch.go:40] Failed to load config from \"/data/projects/radar_tinder/dataconnect\": could not find dataconnect.yaml in `/data/projects/radar_tinder/dataconnect`\n"}}
[debug] [2026-02-14T14:20:33.452Z] E0214 06:20:33.451725  219375 watch.go:40] Failed to load config from "/data/projects/radar_tinder/dataconnect": could not find dataconnect.yaml in `/data/projects/radar_tinder/dataconnect`
 {"metadata":{"emulator":{"name":"dataconnect"},"message":"E0214 06:20:33.451725  219375 watch.go:40] Failed to load config from \"/data/projects/radar_tinder/dataconnect\": could not find dataconnect.yaml in `/data/projects/radar_tinder/dataconnect`\n"}}
[debug] [2026-02-14T14:20:43.443Z] E0214 06:20:43.442784  219375 watch.go:40] Failed to load config from "/data/projects/radar_tinder/dataconnect": could not find dataconnect.yaml in `/data/projects/radar_tinder/dataconnect`
 {"metadata":{"emulator":{"name":"dataconnect"},"message":"E0214 06:20:43.442784  219375 watch.go:40] Failed to load config from \"/data/projects/radar_tinder/dataconnect\": could not find dataconnect.yaml in `/data/projects/radar_tinder/dataconnect`\n"}}
[debug] [2026-02-14T14:20:53.452Z] E0214 06:20:53.451866  219375 watch.go:40] Failed to load config from "/data/projects/radar_tinder/dataconnect": could not find dataconnect.yaml in `/data/projects/radar_tinder/dataconnect`
 {"metadata":{"emulator":{"name":"dataconnect"},"message":"E0214 06:20:53.451866  219375 watch.go:40] Failed to load config from \"/data/projects/radar_tinder/dataconnect\": could not find dataconnect.yaml in `/data/projects/radar_tinder/dataconnect`\n"}}
[debug] [2026-02-14T14:21:03.451Z] E0214 06:21:03.451739  219375 watch.go:40] Failed to load config from "/data/projects/radar_tinder/dataconnect": could not find dataconnect.yaml in `/data/projects/radar_tinder/dataconnect`
 {"metadata":{"emulator":{"name":"dataconnect"},"message":"E0214 06:21:03.451739  219375 watch.go:40] Failed to load config from \"/data/projects/radar_tinder/dataconnect\": could not find dataconnect.yaml in `/data/projects/radar_tinder/dataconnect`\n"}}
[debug] [2026-02-14T14:21:13.443Z] E0214 06:21:13.442841  219375 watch.go:116] watchAllDir unable to walk dir `/data/projects/radar_tinder/dataconnect`: lstat /data/projects/radar_tinder/dataconnect: no such file or directory
E0214 06:21:13.442864  219375 watch.go:40] Failed to load config from "/data/projects/radar_tinder/dataconnect": could not find dataconnect.yaml in `/data/projects/radar_tinder/dataconnect`
 {"metadata":{"emulator":{"name":"dataconnect"},"message":"E0214 06:21:13.442841  219375 watch.go:116] watchAllDir unable to walk dir `/data/projects/radar_tinder/dataconnect`: lstat /data/projects/radar_tinder/dataconnect: no such file or directory\nE0214 06:21:13.442864  219375 watch.go:40] Failed to load config from \"/data/projects/radar_tinder/dataconnect\": could not find dataconnect.yaml in `/data/projects/radar_tinder/dataconnect`\n"}}
[debug] [2026-02-14T14:21:23.458Z] E0214 06:21:23.451743  219375 watch.go:40] Failed to load config from "/data/projects/radar_tinder/dataconnect": could not find dataconnect.yaml in `/data/projects/radar_tinder/dataconnect`
 {"metadata":{"emulator":{"name":"dataconnect"},"message":"E0214 06:21:23.451743  219375 watch.go:40] Failed to load config from \"/data/projects/radar_tinder/dataconnect\": could not find dataconnect.yaml in `/data/projects/radar_tinder/dataconnect`\n"}}
[debug] [2026-02-14T14:21:33.451Z] E0214 06:21:33.451715  219375 watch.go:40] Failed to load config from "/data/projects/radar_tinder/dataconnect": could not find dataconnect.yaml in `/data/projects/radar_tinder/dataconnect`
 {"metadata":{"emulator":{"name":"dataconnect"},"message":"E0214 06:21:33.451715  219375 watch.go:40] Failed to load config from \"/data/projects/radar_tinder/dataconnect\": could not find dataconnect.yaml in `/data/projects/radar_tinder/dataconnect`\n"}}
[debug] [2026-02-14T14:21:43.442Z] E0214 06:21:43.442726  219375 watch.go:40] Failed to load config from "/data/projects/radar_tinder/dataconnect": could not find dataconnect.yaml in `/data/projects/radar_tinder/dataconnect`
 {"metadata":{"emulator":{"name":"dataconnect"},"message":"E0214 06:21:43.442726  219375 watch.go:40] Failed to load config from \"/data/projects/radar_tinder/dataconnect\": could not find dataconnect.yaml in `/data/projects/radar_tinder/dataconnect`\n"}}
[debug] [2026-02-14T14:21:53.452Z] E0214 06:21:53.451779  219375 watch.go:40] Failed to load config from "/data/projects/radar_tinder/dataconnect": could not find dataconnect.yaml in `/data/projects/radar_tinder/dataconnect`
 {"metadata":{"emulator":{"name":"dataconnect"},"message":"E0214 06:21:53.451779  219375 watch.go:40] Failed to load config from \"/data/projects/radar_tinder/dataconnect\": could not find dataconnect.yaml in `/data/projects/radar_tinder/dataconnect`\n"}}
[debug] [2026-02-14T14:22:03.443Z] E0214 06:22:03.443079  219375 watch.go:40] Failed to load config from "/data/projects/radar_tinder/dataconnect": could not find dataconnect.yaml in `/data/projects/radar_tinder/dataconnect`
 {"metadata":{"emulator":{"name":"dataconnect"},"message":"E0214 06:22:03.443079  219375 watch.go:40] Failed to load config from \"/data/projects/radar_tinder/dataconnect\": could not find dataconnect.yaml in `/data/projects/radar_tinder/dataconnect`\n"}}
[debug] [2026-02-14T14:22:13.443Z] E0214 06:22:13.442757  219375 watch.go:116] watchAllDir unable to walk dir `/data/projects/radar_tinder/dataconnect`: lstat /data/projects/radar_tinder/dataconnect: no such file or directory
E0214 06:22:13.442873  219375 watch.go:40] Failed to load config from "/data/projects/radar_tinder/dataconnect": could not find dataconnect.yaml in `/data/projects/radar_tinder/dataconnect`
 {"metadata":{"emulator":{"name":"dataconnect"},"message":"E0214 06:22:13.442757  219375 watch.go:116] watchAllDir unable to walk dir `/data/projects/radar_tinder/dataconnect`: lstat /data/projects/radar_tinder/dataconnect: no such file or directory\nE0214 06:22:13.442873  219375 watch.go:40] Failed to load config from \"/data/projects/radar_tinder/dataconnect\": could not find dataconnect.yaml in `/data/projects/radar_tinder/dataconnect`\n"}}
[debug] [2026-02-14T14:22:23.452Z] E0214 06:22:23.451848  219375 watch.go:40] Failed to load config from "/data/projects/radar_tinder/dataconnect": could not find dataconnect.yaml in `/data/projects/radar_tinder/dataconnect`
 {"metadata":{"emulator":{"name":"dataconnect"},"message":"E0214 06:22:23.451848  219375 watch.go:40] Failed to load config from \"/data/projects/radar_tinder/dataconnect\": could not find dataconnect.yaml in `/data/projects/radar_tinder/dataconnect`\n"}}
[debug] [2026-02-14T14:22:33.452Z] E0214 06:22:33.451785  219375 watch.go:40] Failed to load config from "/data/projects/radar_tinder/dataconnect": could not find dataconnect.yaml in `/data/projects/radar_tinder/dataconnect`
 {"metadata":{"emulator":{"name":"dataconnect"},"message":"E0214 06:22:33.451785  219375 watch.go:40] Failed to load config from \"/data/projects/radar_tinder/dataconnect\": could not find dataconnect.yaml in `/data/projects/radar_tinder/dataconnect`\n"}}
[debug] [2026-02-14T14:22:43.444Z] E0214 06:22:43.442902  219375 watch.go:40] Failed to load config from "/data/projects/radar_tinder/dataconnect": could not find dataconnect.yaml in `/data/projects/radar_tinder/dataconnect`
 {"metadata":{"emulator":{"name":"dataconnect"},"message":"E0214 06:22:43.442902  219375 watch.go:40] Failed to load config from \"/data/projects/radar_tinder/dataconnect\": could not find dataconnect.yaml in `/data/projects/radar_tinder/dataconnect`\n"}}
[debug] [2026-02-14T14:22:53.483Z] E0214 06:22:53.451798  219375 watch.go:40] Failed to load config from "/data/projects/radar_tinder/dataconnect": could not find dataconnect.yaml in `/data/projects/radar_tinder/dataconnect`
 {"metadata":{"emulator":{"name":"dataconnect"},"message":"E0214 06:22:53.451798  219375 watch.go:40] Failed to load config from \"/data/projects/radar_tinder/dataconnect\": could not find dataconnect.yaml in `/data/projects/radar_tinder/dataconnect`\n"}}
[debug] [2026-02-14T14:23:03.451Z] E0214 06:23:03.451726  219375 watch.go:40] Failed to load config from "/data/projects/radar_tinder/dataconnect": could not find dataconnect.yaml in `/data/projects/radar_tinder/dataconnect`
 {"metadata":{"emulator":{"name":"dataconnect"},"message":"E0214 06:23:03.451726  219375 watch.go:40] Failed to load config from \"/data/projects/radar_tinder/dataconnect\": could not find dataconnect.yaml in `/data/projects/radar_tinder/dataconnect`\n"}}
[debug] [2026-02-14T14:23:13.442Z] E0214 06:23:13.442744  219375 watch.go:116] watchAllDir unable to walk dir `/data/projects/radar_tinder/dataconnect`: lstat /data/projects/radar_tinder/dataconnect: no such file or directory
E0214 06:23:13.442800  219375 watch.go:40] Failed to load config from "/data/projects/radar_tinder/dataconnect": could not find dataconnect.yaml in `/data/projects/radar_tinder/dataconnect`
 {"metadata":{"emulator":{"name":"dataconnect"},"message":"E0214 06:23:13.442744  219375 watch.go:116] watchAllDir unable to walk dir `/data/projects/radar_tinder/dataconnect`: lstat /data/projects/radar_tinder/dataconnect: no such file or directory\nE0214 06:23:13.442800  219375 watch.go:40] Failed to load config from \"/data/projects/radar_tinder/dataconnect\": could not find dataconnect.yaml in `/data/projects/radar_tinder/dataconnect`\n"}}
[debug] [2026-02-14T14:23:23.451Z] E0214 06:23:23.451725  219375 watch.go:40] Failed to load config from "/data/projects/radar_tinder/dataconnect": could not find dataconnect.yaml in `/data/projects/radar_tinder/dataconnect`
 {"metadata":{"emulator":{"name":"dataconnect"},"message":"E0214 06:23:23.451725  219375 watch.go:40] Failed to load config from \"/data/projects/radar_tinder/dataconnect\": could not find dataconnect.yaml in `/data/projects/radar_tinder/dataconnect`\n"}}
[debug] [2026-02-14T14:23:33.451Z] E0214 06:23:33.451733  219375 watch.go:40] Failed to load config from "/data/projects/radar_tinder/dataconnect": could not find dataconnect.yaml in `/data/projects/radar_tinder/dataconnect`
 {"metadata":{"emulator":{"name":"dataconnect"},"message":"E0214 06:23:33.451733  219375 watch.go:40] Failed to load config from \"/data/projects/radar_tinder/dataconnect\": could not find dataconnect.yaml in `/data/projects/radar_tinder/dataconnect`\n"}}
[debug] [2026-02-14T14:23:43.443Z] E0214 06:23:43.442805  219375 watch.go:40] Failed to load config from "/data/projects/radar_tinder/dataconnect": could not find dataconnect.yaml in `/data/projects/radar_tinder/dataconnect`
 {"metadata":{"emulator":{"name":"dataconnect"},"message":"E0214 06:23:43.442805  219375 watch.go:40] Failed to load config from \"/data/projects/radar_tinder/dataconnect\": could not find dataconnect.yaml in `/data/projects/radar_tinder/dataconnect`\n"}}
[debug] [2026-02-14T14:23:53.491Z] E0214 06:23:53.452626  219375 watch.go:40] Failed to load config from "/data/projects/radar_tinder/dataconnect": could not find dataconnect.yaml in `/data/projects/radar_tinder/dataconnect`
 {"metadata":{"emulator":{"name":"dataconnect"},"message":"E0214 06:23:53.452626  219375 watch.go:40] Failed to load config from \"/data/projects/radar_tinder/dataconnect\": could not find dataconnect.yaml in `/data/projects/radar_tinder/dataconnect`\n"}}
[debug] [2026-02-14T14:24:03.452Z] E0214 06:24:03.451811  219375 watch.go:40] Failed to load config from "/data/projects/radar_tinder/dataconnect": could not find dataconnect.yaml in `/data/projects/radar_tinder/dataconnect`
 {"metadata":{"emulator":{"name":"dataconnect"},"message":"E0214 06:24:03.451811  219375 watch.go:40] Failed to load config from \"/data/projects/radar_tinder/dataconnect\": could not find dataconnect.yaml in `/data/projects/radar_tinder/dataconnect`\n"}}
[debug] [2026-02-14T14:24:13.443Z] E0214 06:24:13.442969  219375 watch.go:116] watchAllDir unable to walk dir `/data/projects/radar_tinder/dataconnect`: lstat /data/projects/radar_tinder/dataconnect: no such file or directory
 {"metadata":{"emulator":{"name":"dataconnect"},"message":"E0214 06:24:13.442969  219375 watch.go:116] watchAllDir unable to walk dir `/data/projects/radar_tinder/dataconnect`: lstat /data/projects/radar_tinder/dataconnect: no such file or directory\n"}}
[debug] [2026-02-14T14:24:13.448Z] E0214 06:24:13.445341  219375 watch.go:40] Failed to load config from "/data/projects/radar_tinder/dataconnect": could not find dataconnect.yaml in `/data/projects/radar_tinder/dataconnect`
 {"metadata":{"emulator":{"name":"dataconnect"},"message":"E0214 06:24:13.445341  219375 watch.go:40] Failed to load config from \"/data/projects/radar_tinder/dataconnect\": could not find dataconnect.yaml in `/data/projects/radar_tinder/dataconnect`\n"}}
[debug] [2026-02-14T14:24:23.452Z] E0214 06:24:23.452049  219375 watch.go:40] Failed to load config from "/data/projects/radar_tinder/dataconnect": could not find dataconnect.yaml in `/data/projects/radar_tinder/dataconnect`
 {"metadata":{"emulator":{"name":"dataconnect"},"message":"E0214 06:24:23.452049  219375 watch.go:40] Failed to load config from \"/data/projects/radar_tinder/dataconnect\": could not find dataconnect.yaml in `/data/projects/radar_tinder/dataconnect`\n"}}
[debug] [2026-02-14T14:24:33.452Z] E0214 06:24:33.452107  219375 watch.go:40] Failed to load config from "/data/projects/radar_tinder/dataconnect": could not find dataconnect.yaml in `/data/projects/radar_tinder/dataconnect`
 {"metadata":{"emulator":{"name":"dataconnect"},"message":"E0214 06:24:33.452107  219375 watch.go:40] Failed to load config from \"/data/projects/radar_tinder/dataconnect\": could not find dataconnect.yaml in `/data/projects/radar_tinder/dataconnect`\n"}}
[debug] [2026-02-14T14:24:43.443Z] E0214 06:24:43.443527  219375 watch.go:40] Failed to load config from "/data/projects/radar_tinder/dataconnect": could not find dataconnect.yaml in `/data/projects/radar_tinder/dataconnect`
 {"metadata":{"emulator":{"name":"dataconnect"},"message":"E0214 06:24:43.443527  219375 watch.go:40] Failed to load config from \"/data/projects/radar_tinder/dataconnect\": could not find dataconnect.yaml in `/data/projects/radar_tinder/dataconnect`\n"}}
[debug] [2026-02-14T14:24:53.480Z] E0214 06:24:53.451731  219375 watch.go:40] Failed to load config from "/data/projects/radar_tinder/dataconnect": could not find dataconnect.yaml in `/data/projects/radar_tinder/dataconnect`
 {"metadata":{"emulator":{"name":"dataconnect"},"message":"E0214 06:24:53.451731  219375 watch.go:40] Failed to load config from \"/data/projects/radar_tinder/dataconnect\": could not find dataconnect.yaml in `/data/projects/radar_tinder/dataconnect`\n"}}
[debug] [2026-02-14T14:25:03.451Z] E0214 06:25:03.451746  219375 watch.go:40] Failed to load config from "/data/projects/radar_tinder/dataconnect": could not find dataconnect.yaml in `/data/projects/radar_tinder/dataconnect`
 {"metadata":{"emulator":{"name":"dataconnect"},"message":"E0214 06:25:03.451746  219375 watch.go:40] Failed to load config from \"/data/projects/radar_tinder/dataconnect\": could not find dataconnect.yaml in `/data/projects/radar_tinder/dataconnect`\n"}}
[debug] [2026-02-14T14:25:13.443Z] E0214 06:25:13.442744  219375 watch.go:116] watchAllDir unable to walk dir `/data/projects/radar_tinder/dataconnect`: lstat /data/projects/radar_tinder/dataconnect: no such file or directory
E0214 06:25:13.442780  219375 watch.go:40] Failed to load config from "/data/projects/radar_tinder/dataconnect": could not find dataconnect.yaml in `/data/projects/radar_tinder/dataconnect`
 {"metadata":{"emulator":{"name":"dataconnect"},"message":"E0214 06:25:13.442744  219375 watch.go:116] watchAllDir unable to walk dir `/data/projects/radar_tinder/dataconnect`: lstat /data/projects/radar_tinder/dataconnect: no such file or directory\nE0214 06:25:13.442780  219375 watch.go:40] Failed to load config from \"/data/projects/radar_tinder/dataconnect\": could not find dataconnect.yaml in `/data/projects/radar_tinder/dataconnect`\n"}}
[debug] [2026-02-14T14:25:23.452Z] E0214 06:25:23.451927  219375 watch.go:40] Failed to load config from "/data/projects/radar_tinder/dataconnect": could not find dataconnect.yaml in `/data/projects/radar_tinder/dataconnect`
 {"metadata":{"emulator":{"name":"dataconnect"},"message":"E0214 06:25:23.451927  219375 watch.go:40] Failed to load config from \"/data/projects/radar_tinder/dataconnect\": could not find dataconnect.yaml in `/data/projects/radar_tinder/dataconnect`\n"}}
[debug] [2026-02-14T14:25:33.452Z] E0214 06:25:33.451786  219375 watch.go:40] Failed to load config from "/data/projects/radar_tinder/dataconnect": could not find dataconnect.yaml in `/data/projects/radar_tinder/dataconnect`
 {"metadata":{"emulator":{"name":"dataconnect"},"message":"E0214 06:25:33.451786  219375 watch.go:40] Failed to load config from \"/data/projects/radar_tinder/dataconnect\": could not find dataconnect.yaml in `/data/projects/radar_tinder/dataconnect`\n"}}
[debug] [2026-02-14T14:25:43.443Z] E0214 06:25:43.442786  219375 watch.go:40] Failed to load config from "/data/projects/radar_tinder/dataconnect": could not find dataconnect.yaml in `/data/projects/radar_tinder/dataconnect`
 {"metadata":{"emulator":{"name":"dataconnect"},"message":"E0214 06:25:43.442786  219375 watch.go:40] Failed to load config from \"/data/projects/radar_tinder/dataconnect\": could not find dataconnect.yaml in `/data/projects/radar_tinder/dataconnect`\n"}}
[debug] [2026-02-14T14:25:53.452Z] E0214 06:25:53.451928  219375 watch.go:40] Failed to load config from "/data/projects/radar_tinder/dataconnect": could not find dataconnect.yaml in `/data/projects/radar_tinder/dataconnect`
 {"metadata":{"emulator":{"name":"dataconnect"},"message":"E0214 06:25:53.451928  219375 watch.go:40] Failed to load config from \"/data/projects/radar_tinder/dataconnect\": could not find dataconnect.yaml in `/data/projects/radar_tinder/dataconnect`\n"}}
[debug] [2026-02-14T14:26:03.452Z] E0214 06:26:03.452015  219375 watch.go:40] Failed to load config from "/data/projects/radar_tinder/dataconnect": could not find dataconnect.yaml in `/data/projects/radar_tinder/dataconnect`
 {"metadata":{"emulator":{"name":"dataconnect"},"message":"E0214 06:26:03.452015  219375 watch.go:40] Failed to load config from \"/data/projects/radar_tinder/dataconnect\": could not find dataconnect.yaml in `/data/projects/radar_tinder/dataconnect`\n"}}
[debug] [2026-02-14T14:26:13.443Z] E0214 06:26:13.442867  219375 watch.go:116] watchAllDir unable to walk dir `/data/projects/radar_tinder/dataconnect`: lstat /data/projects/radar_tinder/dataconnect: no such file or directory
E0214 06:26:13.442971  219375 watch.go:40] Failed to load config from "/data/projects/radar_tinder/dataconnect": could not find dataconnect.yaml in `/data/projects/radar_tinder/dataconnect`
 {"metadata":{"emulator":{"name":"dataconnect"},"message":"E0214 06:26:13.442867  219375 watch.go:116] watchAllDir unable to walk dir `/data/projects/radar_tinder/dataconnect`: lstat /data/projects/radar_tinder/dataconnect: no such file or directory\nE0214 06:26:13.442971  219375 watch.go:40] Failed to load config from \"/data/projects/radar_tinder/dataconnect\": could not find dataconnect.yaml in `/data/projects/radar_tinder/dataconnect`\n"}}
[debug] [2026-02-14T14:26:23.452Z] E0214 06:26:23.452096  219375 watch.go:40] Failed to load config from "/data/projects/radar_tinder/dataconnect": could not find dataconnect.yaml in `/data/projects/radar_tinder/dataconnect`
 {"metadata":{"emulator":{"name":"dataconnect"},"message":"E0214 06:26:23.452096  219375 watch.go:40] Failed to load config from \"/data/projects/radar_tinder/dataconnect\": could not find dataconnect.yaml in `/data/projects/radar_tinder/dataconnect`\n"}}
[debug] [2026-02-14T14:26:33.451Z] E0214 06:26:33.451755  219375 watch.go:40] Failed to load config from "/data/projects/radar_tinder/dataconnect": could not find dataconnect.yaml in `/data/projects/radar_tinder/dataconnect`
 {"metadata":{"emulator":{"name":"dataconnect"},"message":"E0214 06:26:33.451755  219375 watch.go:40] Failed to load config from \"/data/projects/radar_tinder/dataconnect\": could not find dataconnect.yaml in `/data/projects/radar_tinder/dataconnect`\n"}}
[debug] [2026-02-14T14:26:43.442Z] E0214 06:26:43.442763  219375 watch.go:40] Failed to load config from "/data/projects/radar_tinder/dataconnect": could not find dataconnect.yaml in `/data/projects/radar_tinder/dataconnect`
 {"metadata":{"emulator":{"name":"dataconnect"},"message":"E0214 06:26:43.442763  219375 watch.go:40] Failed to load config from \"/data/projects/radar_tinder/dataconnect\": could not find dataconnect.yaml in `/data/projects/radar_tinder/dataconnect`\n"}}
[debug] [2026-02-14T14:26:53.452Z] E0214 06:26:53.451761  219375 watch.go:40] Failed to load config from "/data/projects/radar_tinder/dataconnect": could not find dataconnect.yaml in `/data/projects/radar_tinder/dataconnect`
 {"metadata":{"emulator":{"name":"dataconnect"},"message":"E0214 06:26:53.451761  219375 watch.go:40] Failed to load config from \"/data/projects/radar_tinder/dataconnect\": could not find dataconnect.yaml in `/data/projects/radar_tinder/dataconnect`\n"}}
[debug] [2026-02-14T14:27:03.480Z] E0214 06:27:03.451756  219375 watch.go:40] Failed to load config from "/data/projects/radar_tinder/dataconnect": could not find dataconnect.yaml in `/data/projects/radar_tinder/dataconnect`
 {"metadata":{"emulator":{"name":"dataconnect"},"message":"E0214 06:27:03.451756  219375 watch.go:40] Failed to load config from \"/data/projects/radar_tinder/dataconnect\": could not find dataconnect.yaml in `/data/projects/radar_tinder/dataconnect`\n"}}
[debug] [2026-02-14T14:27:13.442Z] E0214 06:27:13.442780  219375 watch.go:116] watchAllDir unable to walk dir `/data/projects/radar_tinder/dataconnect`: lstat /data/projects/radar_tinder/dataconnect: no such file or directory
E0214 06:27:13.442864  219375 watch.go:40] Failed to load config from "/data/projects/radar_tinder/dataconnect": could not find dataconnect.yaml in `/data/projects/radar_tinder/dataconnect`
 {"metadata":{"emulator":{"name":"dataconnect"},"message":"E0214 06:27:13.442780  219375 watch.go:116] watchAllDir unable to walk dir `/data/projects/radar_tinder/dataconnect`: lstat /data/projects/radar_tinder/dataconnect: no such file or directory\nE0214 06:27:13.442864  219375 watch.go:40] Failed to load config from \"/data/projects/radar_tinder/dataconnect\": could not find dataconnect.yaml in `/data/projects/radar_tinder/dataconnect`\n"}}
[debug] [2026-02-14T14:27:23.452Z] E0214 06:27:23.451995  219375 watch.go:40] Failed to load config from "/data/projects/radar_tinder/dataconnect": could not find dataconnect.yaml in `/data/projects/radar_tinder/dataconnect`
 {"metadata":{"emulator":{"name":"dataconnect"},"message":"E0214 06:27:23.451995  219375 watch.go:40] Failed to load config from \"/data/projects/radar_tinder/dataconnect\": could not find dataconnect.yaml in `/data/projects/radar_tinder/dataconnect`\n"}}
[debug] [2026-02-14T14:27:33.452Z] E0214 06:27:33.451744  219375 watch.go:40] Failed to load config from "/data/projects/radar_tinder/dataconnect": could not find dataconnect.yaml in `/data/projects/radar_tinder/dataconnect`
 {"metadata":{"emulator":{"name":"dataconnect"},"message":"E0214 06:27:33.451744  219375 watch.go:40] Failed to load config from \"/data/projects/radar_tinder/dataconnect\": could not find dataconnect.yaml in `/data/projects/radar_tinder/dataconnect`\n"}}
[debug] [2026-02-14T14:27:43.442Z] E0214 06:27:43.442755  219375 watch.go:40] Failed to load config from "/data/projects/radar_tinder/dataconnect": could not find dataconnect.yaml in `/data/projects/radar_tinder/dataconnect`
 {"metadata":{"emulator":{"name":"dataconnect"},"message":"E0214 06:27:43.442755  219375 watch.go:40] Failed to load config from \"/data/projects/radar_tinder/dataconnect\": could not find dataconnect.yaml in `/data/projects/radar_tinder/dataconnect`\n"}}
[debug] [2026-02-14T14:27:53.452Z] E0214 06:27:53.451859  219375 watch.go:40] Failed to load config from "/data/projects/radar_tinder/dataconnect": could not find dataconnect.yaml in `/data/projects/radar_tinder/dataconnect`
 {"metadata":{"emulator":{"name":"dataconnect"},"message":"E0214 06:27:53.451859  219375 watch.go:40] Failed to load config from \"/data/projects/radar_tinder/dataconnect\": could not find dataconnect.yaml in `/data/projects/radar_tinder/dataconnect`\n"}}
[debug] [2026-02-14T14:28:03.452Z] E0214 06:28:03.451961  219375 watch.go:40] Failed to load config from "/data/projects/radar_tinder/dataconnect": could not find dataconnect.yaml in `/data/projects/radar_tinder/dataconnect`
 {"metadata":{"emulator":{"name":"dataconnect"},"message":"E0214 06:28:03.451961  219375 watch.go:40] Failed to load config from \"/data/projects/radar_tinder/dataconnect\": could not find dataconnect.yaml in `/data/projects/radar_tinder/dataconnect`\n"}}
[debug] [2026-02-14T14:28:13.443Z] E0214 06:28:13.443284  219375 watch.go:116] watchAllDir unable to walk dir `/data/projects/radar_tinder/dataconnect`: lstat /data/projects/radar_tinder/dataconnect: no such file or directory
E0214 06:28:13.443407  219375 watch.go:40] Failed to load config from "/data/projects/radar_tinder/dataconnect": could not find dataconnect.yaml in `/data/projects/radar_tinder/dataconnect`
 {"metadata":{"emulator":{"name":"dataconnect"},"message":"E0214 06:28:13.443284  219375 watch.go:116] watchAllDir unable to walk dir `/data/projects/radar_tinder/dataconnect`: lstat /data/projects/radar_tinder/dataconnect: no such file or directory\nE0214 06:28:13.443407  219375 watch.go:40] Failed to load config from \"/data/projects/radar_tinder/dataconnect\": could not find dataconnect.yaml in `/data/projects/radar_tinder/dataconnect`\n"}}
[debug] [2026-02-14T14:28:23.442Z] E0214 06:28:23.442761  219375 watch.go:40] Failed to load config from "/data/projects/radar_tinder/dataconnect": could not find dataconnect.yaml in `/data/projects/radar_tinder/dataconnect`
 {"metadata":{"emulator":{"name":"dataconnect"},"message":"E0214 06:28:23.442761  219375 watch.go:40] Failed to load config from \"/data/projects/radar_tinder/dataconnect\": could not find dataconnect.yaml in `/data/projects/radar_tinder/dataconnect`\n"}}
[debug] [2026-02-14T14:28:33.451Z] E0214 06:28:33.451794  219375 watch.go:40] Failed to load config from "/data/projects/radar_tinder/dataconnect": could not find dataconnect.yaml in `/data/projects/radar_tinder/dataconnect`
 {"metadata":{"emulator":{"name":"dataconnect"},"message":"E0214 06:28:33.451794  219375 watch.go:40] Failed to load config from \"/data/projects/radar_tinder/dataconnect\": could not find dataconnect.yaml in `/data/projects/radar_tinder/dataconnect`\n"}}
[debug] [2026-02-14T14:28:43.442Z] E0214 06:28:43.442804  219375 watch.go:40] Failed to load config from "/data/projects/radar_tinder/dataconnect": could not find dataconnect.yaml in `/data/projects/radar_tinder/dataconnect`
 {"metadata":{"emulator":{"name":"dataconnect"},"message":"E0214 06:28:43.442804  219375 watch.go:40] Failed to load config from \"/data/projects/radar_tinder/dataconnect\": could not find dataconnect.yaml in `/data/projects/radar_tinder/dataconnect`\n"}}
[debug] [2026-02-14T14:28:53.452Z] E0214 06:28:53.451749  219375 watch.go:40] Failed to load config from "/data/projects/radar_tinder/dataconnect": could not find dataconnect.yaml in `/data/projects/radar_tinder/dataconnect`
 {"metadata":{"emulator":{"name":"dataconnect"},"message":"E0214 06:28:53.451749  219375 watch.go:40] Failed to load config from \"/data/projects/radar_tinder/dataconnect\": could not find dataconnect.yaml in `/data/projects/radar_tinder/dataconnect`\n"}}
[debug] [2026-02-14T14:29:03.451Z] E0214 06:29:03.451764  219375 watch.go:40] Failed to load config from "/data/projects/radar_tinder/dataconnect": could not find dataconnect.yaml in `/data/projects/radar_tinder/dataconnect`
 {"metadata":{"emulator":{"name":"dataconnect"},"message":"E0214 06:29:03.451764  219375 watch.go:40] Failed to load config from \"/data/projects/radar_tinder/dataconnect\": could not find dataconnect.yaml in `/data/projects/radar_tinder/dataconnect`\n"}}
[debug] [2026-02-14T14:29:13.442Z] E0214 06:29:13.442765  219375 watch.go:116] watchAllDir unable to walk dir `/data/projects/radar_tinder/dataconnect`: lstat /data/projects/radar_tinder/dataconnect: no such file or directory
 {"metadata":{"emulator":{"name":"dataconnect"},"message":"E0214 06:29:13.442765  219375 watch.go:116] watchAllDir unable to walk dir `/data/projects/radar_tinder/dataconnect`: lstat /data/projects/radar_tinder/dataconnect: no such file or directory\n"}}
[debug] [2026-02-14T14:29:13.443Z] E0214 06:29:13.442855  219375 watch.go:40] Failed to load config from "/data/projects/radar_tinder/dataconnect": could not find dataconnect.yaml in `/data/projects/radar_tinder/dataconnect`
 {"metadata":{"emulator":{"name":"dataconnect"},"message":"E0214 06:29:13.442855  219375 watch.go:40] Failed to load config from \"/data/projects/radar_tinder/dataconnect\": could not find dataconnect.yaml in `/data/projects/radar_tinder/dataconnect`\n"}}
[debug] [2026-02-14T14:29:23.452Z] E0214 06:29:23.451821  219375 watch.go:40] Failed to load config from "/data/projects/radar_tinder/dataconnect": could not find dataconnect.yaml in `/data/projects/radar_tinder/dataconnect`
 {"metadata":{"emulator":{"name":"dataconnect"},"message":"E0214 06:29:23.451821  219375 watch.go:40] Failed to load config from \"/data/projects/radar_tinder/dataconnect\": could not find dataconnect.yaml in `/data/projects/radar_tinder/dataconnect`\n"}}
[debug] [2026-02-14T14:29:33.452Z] E0214 06:29:33.451870  219375 watch.go:40] Failed to load config from "/data/projects/radar_tinder/dataconnect": could not find dataconnect.yaml in `/data/projects/radar_tinder/dataconnect`
 {"metadata":{"emulator":{"name":"dataconnect"},"message":"E0214 06:29:33.451870  219375 watch.go:40] Failed to load config from \"/data/projects/radar_tinder/dataconnect\": could not find dataconnect.yaml in `/data/projects/radar_tinder/dataconnect`\n"}}
[debug] [2026-02-14T14:29:43.443Z] E0214 06:29:43.443007  219375 watch.go:40] Failed to load config from "/data/projects/radar_tinder/dataconnect": could not find dataconnect.yaml in `/data/projects/radar_tinder/dataconnect`
 {"metadata":{"emulator":{"name":"dataconnect"},"message":"E0214 06:29:43.443007  219375 watch.go:40] Failed to load config from \"/data/projects/radar_tinder/dataconnect\": could not find dataconnect.yaml in `/data/projects/radar_tinder/dataconnect`\n"}}
[debug] [2026-02-14T14:29:53.452Z] E0214 06:29:53.451827  219375 watch.go:40] Failed to load config from "/data/projects/radar_tinder/dataconnect": could not find dataconnect.yaml in `/data/projects/radar_tinder/dataconnect`
 {"metadata":{"emulator":{"name":"dataconnect"},"message":"E0214 06:29:53.451827  219375 watch.go:40] Failed to load config from \"/data/projects/radar_tinder/dataconnect\": could not find dataconnect.yaml in `/data/projects/radar_tinder/dataconnect`\n"}}
[debug] [2026-02-14T14:30:03.452Z] E0214 06:30:03.451785  219375 watch.go:40] Failed to load config from "/data/projects/radar_tinder/dataconnect": could not find dataconnect.yaml in `/data/projects/radar_tinder/dataconnect`
 {"metadata":{"emulator":{"name":"dataconnect"},"message":"E0214 06:30:03.451785  219375 watch.go:40] Failed to load config from \"/data/projects/radar_tinder/dataconnect\": could not find dataconnect.yaml in `/data/projects/radar_tinder/dataconnect`\n"}}
[debug] [2026-02-14T14:30:13.443Z] E0214 06:30:13.442974  219375 watch.go:116] watchAllDir unable to walk dir `/data/projects/radar_tinder/dataconnect`: lstat /data/projects/radar_tinder/dataconnect: no such file or directory
E0214 06:30:13.443058  219375 watch.go:40] Failed to load config from "/data/projects/radar_tinder/dataconnect": could not find dataconnect.yaml in `/data/projects/radar_tinder/dataconnect`
 {"metadata":{"emulator":{"name":"dataconnect"},"message":"E0214 06:30:13.442974  219375 watch.go:116] watchAllDir unable to walk dir `/data/projects/radar_tinder/dataconnect`: lstat /data/projects/radar_tinder/dataconnect: no such file or directory\nE0214 06:30:13.443058  219375 watch.go:40] Failed to load config from \"/data/projects/radar_tinder/dataconnect\": could not find dataconnect.yaml in `/data/projects/radar_tinder/dataconnect`\n"}}
[debug] [2026-02-14T14:30:23.443Z] E0214 06:30:23.443213  219375 watch.go:40] Failed to load config from "/data/projects/radar_tinder/dataconnect": could not find dataconnect.yaml in `/data/projects/radar_tinder/dataconnect`
 {"metadata":{"emulator":{"name":"dataconnect"},"message":"E0214 06:30:23.443213  219375 watch.go:40] Failed to load config from \"/data/projects/radar_tinder/dataconnect\": could not find dataconnect.yaml in `/data/projects/radar_tinder/dataconnect`\n"}}
[debug] [2026-02-14T14:30:33.443Z] E0214 06:30:33.442784  219375 watch.go:40] Failed to load config from "/data/projects/radar_tinder/dataconnect": could not find dataconnect.yaml in `/data/projects/radar_tinder/dataconnect`
 {"metadata":{"emulator":{"name":"dataconnect"},"message":"E0214 06:30:33.442784  219375 watch.go:40] Failed to load config from \"/data/projects/radar_tinder/dataconnect\": could not find dataconnect.yaml in `/data/projects/radar_tinder/dataconnect`\n"}}
[debug] [2026-02-14T14:30:43.442Z] E0214 06:30:43.442789  219375 watch.go:40] Failed to load config from "/data/projects/radar_tinder/dataconnect": could not find dataconnect.yaml in `/data/projects/radar_tinder/dataconnect`
 {"metadata":{"emulator":{"name":"dataconnect"},"message":"E0214 06:30:43.442789  219375 watch.go:40] Failed to load config from \"/data/projects/radar_tinder/dataconnect\": could not find dataconnect.yaml in `/data/projects/radar_tinder/dataconnect`\n"}}
[debug] [2026-02-14T14:30:53.449Z] E0214 06:30:53.449159  219375 watch.go:40] Failed to load config from "/data/projects/radar_tinder/dataconnect": could not find dataconnect.yaml in `/data/projects/radar_tinder/dataconnect`
 {"metadata":{"emulator":{"name":"dataconnect"},"message":"E0214 06:30:53.449159  219375 watch.go:40] Failed to load config from \"/data/projects/radar_tinder/dataconnect\": could not find dataconnect.yaml in `/data/projects/radar_tinder/dataconnect`\n"}}
[debug] [2026-02-14T14:31:03.452Z] E0214 06:31:03.451830  219375 watch.go:40] Failed to load config from "/data/projects/radar_tinder/dataconnect": could not find dataconnect.yaml in `/data/projects/radar_tinder/dataconnect`
 {"metadata":{"emulator":{"name":"dataconnect"},"message":"E0214 06:31:03.451830  219375 watch.go:40] Failed to load config from \"/data/projects/radar_tinder/dataconnect\": could not find dataconnect.yaml in `/data/projects/radar_tinder/dataconnect`\n"}}
[debug] [2026-02-14T14:31:13.443Z] E0214 06:31:13.443111  219375 watch.go:40] Failed to load config from "/data/projects/radar_tinder/dataconnect": could not find dataconnect.yaml in `/data/projects/radar_tinder/dataconnect`
E0214 06:31:13.443069  219375 watch.go:116] watchAllDir unable to walk dir `/data/projects/radar_tinder/dataconnect`: lstat /data/projects/radar_tinder/dataconnect: no such file or directory
 {"metadata":{"emulator":{"name":"dataconnect"},"message":"E0214 06:31:13.443111  219375 watch.go:40] Failed to load config from \"/data/projects/radar_tinder/dataconnect\": could not find dataconnect.yaml in `/data/projects/radar_tinder/dataconnect`\nE0214 06:31:13.443069  219375 watch.go:116] watchAllDir unable to walk dir `/data/projects/radar_tinder/dataconnect`: lstat /data/projects/radar_tinder/dataconnect: no such file or directory\n"}}
[debug] [2026-02-14T14:31:23.451Z] E0214 06:31:23.451734  219375 watch.go:40] Failed to load config from "/data/projects/radar_tinder/dataconnect": could not find dataconnect.yaml in `/data/projects/radar_tinder/dataconnect`
 {"metadata":{"emulator":{"name":"dataconnect"},"message":"E0214 06:31:23.451734  219375 watch.go:40] Failed to load config from \"/data/projects/radar_tinder/dataconnect\": could not find dataconnect.yaml in `/data/projects/radar_tinder/dataconnect`\n"}}
[debug] [2026-02-14T14:31:33.452Z] E0214 06:31:33.451979  219375 watch.go:40] Failed to load config from "/data/projects/radar_tinder/dataconnect": could not find dataconnect.yaml in `/data/projects/radar_tinder/dataconnect`
 {"metadata":{"emulator":{"name":"dataconnect"},"message":"E0214 06:31:33.451979  219375 watch.go:40] Failed to load config from \"/data/projects/radar_tinder/dataconnect\": could not find dataconnect.yaml in `/data/projects/radar_tinder/dataconnect`\n"}}
[debug] [2026-02-14T14:31:43.443Z] E0214 06:31:43.442996  219375 watch.go:40] Failed to load config from "/data/projects/radar_tinder/dataconnect": could not find dataconnect.yaml in `/data/projects/radar_tinder/dataconnect`
 {"metadata":{"emulator":{"name":"dataconnect"},"message":"E0214 06:31:43.442996  219375 watch.go:40] Failed to load config from \"/data/projects/radar_tinder/dataconnect\": could not find dataconnect.yaml in `/data/projects/radar_tinder/dataconnect`\n"}}
[debug] [2026-02-14T14:31:53.466Z] E0214 06:31:53.451717  219375 watch.go:40] Failed to load config from "/data/projects/radar_tinder/dataconnect": could not find dataconnect.yaml in `/data/projects/radar_tinder/dataconnect`
 {"metadata":{"emulator":{"name":"dataconnect"},"message":"E0214 06:31:53.451717  219375 watch.go:40] Failed to load config from \"/data/projects/radar_tinder/dataconnect\": could not find dataconnect.yaml in `/data/projects/radar_tinder/dataconnect`\n"}}
[debug] [2026-02-14T14:32:03.451Z] E0214 06:32:03.451723  219375 watch.go:40] Failed to load config from "/data/projects/radar_tinder/dataconnect": could not find dataconnect.yaml in `/data/projects/radar_tinder/dataconnect`
 {"metadata":{"emulator":{"name":"dataconnect"},"message":"E0214 06:32:03.451723  219375 watch.go:40] Failed to load config from \"/data/projects/radar_tinder/dataconnect\": could not find dataconnect.yaml in `/data/projects/radar_tinder/dataconnect`\n"}}
[debug] [2026-02-14T14:32:13.443Z] E0214 06:32:13.443468  219375 watch.go:116] watchAllDir unable to walk dir `/data/projects/radar_tinder/dataconnect`: lstat /data/projects/radar_tinder/dataconnect: no such file or directory
E0214 06:32:13.443595  219375 watch.go:40] Failed to load config from "/data/projects/radar_tinder/dataconnect": could not find dataconnect.yaml in `/data/projects/radar_tinder/dataconnect`
 {"metadata":{"emulator":{"name":"dataconnect"},"message":"E0214 06:32:13.443468  219375 watch.go:116] watchAllDir unable to walk dir `/data/projects/radar_tinder/dataconnect`: lstat /data/projects/radar_tinder/dataconnect: no such file or directory\nE0214 06:32:13.443595  219375 watch.go:40] Failed to load config from \"/data/projects/radar_tinder/dataconnect\": could not find dataconnect.yaml in `/data/projects/radar_tinder/dataconnect`\n"}}
[debug] [2026-02-14T14:32:23.452Z] E0214 06:32:23.451757  219375 watch.go:40] Failed to load config from "/data/projects/radar_tinder/dataconnect": could not find dataconnect.yaml in `/data/projects/radar_tinder/dataconnect`
 {"metadata":{"emulator":{"name":"dataconnect"},"message":"E0214 06:32:23.451757  219375 watch.go:40] Failed to load config from \"/data/projects/radar_tinder/dataconnect\": could not find dataconnect.yaml in `/data/projects/radar_tinder/dataconnect`\n"}}
[debug] [2026-02-14T14:32:33.443Z] E0214 06:32:33.443104  219375 watch.go:40] Failed to load config from "/data/projects/radar_tinder/dataconnect": could not find dataconnect.yaml in `/data/projects/radar_tinder/dataconnect`
 {"metadata":{"emulator":{"name":"dataconnect"},"message":"E0214 06:32:33.443104  219375 watch.go:40] Failed to load config from \"/data/projects/radar_tinder/dataconnect\": could not find dataconnect.yaml in `/data/projects/radar_tinder/dataconnect`\n"}}
[debug] [2026-02-14T14:32:43.442Z] E0214 06:32:43.442730  219375 watch.go:40] Failed to load config from "/data/projects/radar_tinder/dataconnect": could not find dataconnect.yaml in `/data/projects/radar_tinder/dataconnect`
 {"metadata":{"emulator":{"name":"dataconnect"},"message":"E0214 06:32:43.442730  219375 watch.go:40] Failed to load config from \"/data/projects/radar_tinder/dataconnect\": could not find dataconnect.yaml in `/data/projects/radar_tinder/dataconnect`\n"}}
[debug] [2026-02-14T14:32:53.452Z] E0214 06:32:53.451816  219375 watch.go:40] Failed to load config from "/data/projects/radar_tinder/dataconnect": could not find dataconnect.yaml in `/data/projects/radar_tinder/dataconnect`
 {"metadata":{"emulator":{"name":"dataconnect"},"message":"E0214 06:32:53.451816  219375 watch.go:40] Failed to load config from \"/data/projects/radar_tinder/dataconnect\": could not find dataconnect.yaml in `/data/projects/radar_tinder/dataconnect`\n"}}
